date,farm_id,district,latitude,longitude,temperature,humidity,rainfall,soil_moisture,rain_24h,rain_48h,previous_rain_48h,max_hourly_rain,continuous_rain_hours,rain_hours,official_warning_context,join_method,spatial_resolution,temporal_resolution
2025-10-01,1,Thanjavur,10.787,79.1378,23.866666666666664,65.075,11.3,0.229375,11.3,11.3,0.0,3.6,2,4,NO_OFFICIAL_WARNING,TEMPORAL_DATE_DISTRICT_CONTEXTUAL_LINK,FARM_POINT_COORDINATES,DAILY_DERIVED_HOURLY
2025-10-01,2,Cuddalore,11.748,79.7714,23.954166666666666,64.74166666666666,5.5,0.22616666666666665,5.5,5.5,0.0,3.1,1,4,NO_OFFICIAL_WARNING,TEMPORAL_DATE_DISTRICT_CONTEXTUAL_LINK,FARM_POINT_COORDINATES,DAILY_DERIVED_HOURLY
2025-10-01,3,Madurai,9.9252,78.1198,24.145833333333332,65.27499999999999,3.0,0.2245,3.0,3.0,0.0,2.2,1,2,NO_OFFICIAL_WARNING,TEMPORAL_DATE_DISTRICT_CONTEXTUAL_LINK,FARM_POINT_COORDINATES,DAILY_DERIVED_HOURLY
2025-10-01,4,Nagapattinam,10.7656,79.8424,23.983333333333334,64.61666666666666,2.1,0.22366666666666668,2.1,2.1,0.0,1.1,1,2,NO_OFFICIAL_WARNING,TEMPORAL_DATE_DISTRICT_CONTEXTUAL_LINK,FARM_POINT_COORDINATES,DAILY_DERIVED_HOURLY
2025-10-01,5,Coimbatore,11.0168,76.9558,24.166666666666668,64.78750000000001,2.0,0.22691666666666666,2.0,2.0,0.0,1.2,1,2,NO_OFFICIAL_WARNING,TEMPORAL_DATE_DISTRICT_CONTEXTUAL_LINK,FARM_POINT_COORDINATES,DAILY_DERIVED_HOURLY
2025-10-01,6,Tiruchirappalli,10.7905,78.7047,23.849999999999998,65.12083333333334,5.7,0.22804166666666667,5.7,5.7,0.0,3.5,1,3,NO_OFFICIAL_WARNING,TEMPORAL_DATE_DISTRICT_CONTEXTUAL_LINK,FARM_POINT_COORDINATES,DAILY_DERIVED_HOURLY
2025-10-01,7,Tirunelveli,8.7139,77.7567,23.945833333333336,65.00416666666666,11.399999999999999,0.22845833333333332,11.4,11.4,0.0,4.1,1,4,NO_OFFICIAL_WARNING,TEMPORAL_DATE_DISTRICT_CONTEXTUAL_LINK,FARM_POINT_COORDINATES,DAILY_DERIVED_HOURLY
2025-10-01,8,Villupuram,11.9401,79.4861,23.895833333333332,65.15833333333333,14.899999999999999,0.23370833333333332,14.9,14.9,0.0,9.6,1,3,NO_OFFICIAL_WARNING,TEMPORAL_DATE_DISTRICT_CONTEXTUAL_LINK,FARM_POINT_COORDINATES,DAILY_DERIVED_HOURLY
2025-10-01,9,Erode,11.341,77.7172,23.941666666666666,64.675,10.299999999999999,0.22899999999999998,10.3,10.3,0.0,3.8,1,5,NO_OFFICIAL_WARNING,TEMPORAL_DATE_DISTRICT_CONTEXTUAL_LINK,FARM_POINT_COORDINATES,DAILY_DERIVED_HOURLY
2025-10-01,10,Tiruvarur,10.7708,79.6373,23.974999999999998,65.08749999999999,2.6,0.22424999999999998,2.6,2.6,0.0,1.6,1,3,NO_OFFICIAL_WARNING,TEMPORAL_DATE_DISTRICT_CONTEXTUAL_LINK,FARM_POINT_COORDINATES,DAILY_DERIVED_HOURLY
2025-10-02,1,Thanjavur,10.787,79.1378,23.974999999999998,65.00416666666668,6.2,0.22787500000000002,11.3,17.5,11.3,3.6,2,5,NO_OFFICIAL_WARNING,TEMPORAL_DATE_DISTRICT_CONTEXTUAL_LINK,FARM_POINT_COORDINATES,DAILY_DERIVED_HOURLY
2025-10-02,2,Cuddalore,11.748,79.7714,23.929166666666664,64.83333333333333,1.2000000000000002,0.22358333333333333,2.4,6.7,5.5,1.1,1,3,NO_OFFICIAL_WARNING,TEMPORAL_DATE_DISTRICT_CONTEXTUAL_LINK,FARM_POINT_COORDINATES,DAILY_DERIVED_HOURLY
2025-10-02,3,Madurai,9.9252,78.1198,23.870833333333334,64.67083333333333,1.3,0.22716666666666666,3.0,4.3,3.0,2.2,1,2,NO_OFFICIAL_WARNING,TEMPORAL_DATE_DISTRICT_CONTEXTUAL_LINK,FARM_POINT_COORDINATES,DAILY_DERIVED_HOURLY
2025-10-02,4,Nagapattinam,10.7656,79.8424,23.962500000000002,65.03333333333333,9.299999999999999,0.22758333333333333,10.3,11.4,2.1,5.6,1,5,NO_OFFICIAL_WARNING,TEMPORAL_DATE_DISTRICT_CONTEXTUAL_LINK,FARM_POINT_COORDINATES,DAILY_DERIVED_HOURLY
2025-10-02,5,Coimbatore,11.0168,76.9558,23.995833333333334,64.89999999999999,6.4,0.23345833333333332,6.4,8.4,2.0,2.6,2,5,NO_OFFICIAL_WARNING,TEMPORAL_DATE_DISTRICT_CONTEXTUAL_LINK,FARM_POINT_COORDINATES,DAILY_DERIVED_HOURLY
2025-10-02,6,Tiruchirappalli,10.7905,78.7047,23.875,65.01666666666667,2.8,0.22024999999999997,6.2,8.5,5.7,3.5,1,4,NO_OFFICIAL_WARNING,TEMPORAL_DATE_DISTRICT_CONTEXTUAL_LINK,FARM_POINT_COORDINATES,DAILY_DERIVED_HOURLY
2025-10-02,7,Tirunelveli,8.7139,77.7567,23.90833333333333,64.6875,2.8000000000000003,0.229,11.4,14.2,11.4,4.1,1,4,NO_OFFICIAL_WARNING,TEMPORAL_DATE_DISTRICT_CONTEXTUAL_LINK,FARM_POINT_COORDINATES,DAILY_DERIVED_HOURLY
2025-10-02,8,Villupuram,11.9401,79.4861,24.008333333333336,64.54166666666667,1.2999999999999998,0.22691666666666666,14.9,16.2,14.9,9.6,1,3,NO_OFFICIAL_WARNING,TEMPORAL_DATE_DISTRICT_CONTEXTUAL_LINK,FARM_POINT_COORDINATES,DAILY_DERIVED_HOURLY
2025-10-02,9,Erode,11.341,77.7172,23.670833333333334,65.07083333333334,3.8,0.23075,10.7,14.1,10.3,3.8,1,6,NO_OFFICIAL_WARNING,TEMPORAL_DATE_DISTRICT_CONTEXTUAL_LINK,FARM_POINT_COORDINATES,DAILY_DERIVED_HOURLY
2025-10-02,10,Tiruvarur,10.7708,79.6373,24.0625,65.05833333333334,1.7000000000000002,0.22999999999999998,1.9,4.3,2.6,1.6,1,3,NO_OFFICIAL_WARNING,TEMPORAL_DATE_DISTRICT_CONTEXTUAL_LINK,FARM_POINT_COORDINATES,DAILY_DERIVED_HOURLY
2025-10-03,1,Thanjavur,10.787,79.1378,24.083333333333332,65.34166666666667,14.100000000000001,0.23283333333333334,14.1,21.5,17.5,4.9,2,7,NO_OFFICIAL_WARNING,TEMPORAL_DATE_DISTRICT_CONTEXTUAL_LINK,FARM_POINT_COORDINATES,DAILY_DERIVED_HOURLY
2025-10-03,2,Cuddalore,11.748,79.7714,24.025000000000002,65.075,11.9,0.23520833333333332,12.3,13.3,6.7,6.2,1,5,NO_OFFICIAL_WARNING,TEMPORAL_DATE_DISTRICT_CONTEXTUAL_LINK,FARM_POINT_COORDINATES,DAILY_DERIVED_HOURLY
2025-10-03,3,Madurai,9.9252,78.1198,23.9875,64.89583333333333,5.300000000000001,0.22575,6.1,7.7,4.3,1.8,3,5,NO_OFFICIAL_WARNING,TEMPORAL_DATE_DISTRICT_CONTEXTUAL_LINK,FARM_POINT_COORDINATES,DAILY_DERIVED_HOURLY
2025-10-03,4,Nagapattinam,10.7656,79.8424,23.97083333333333,64.93333333333334,5.8,0.23187499999999997,13.3,16.1,11.4,5.6,1,5,NO_OFFICIAL_WARNING,TEMPORAL_DATE_DISTRICT_CONTEXTUAL_LINK,FARM_POINT_COORDINATES,DAILY_DERIVED_HOURLY
2025-10-03,5,Coimbatore,11.0168,76.9558,24.05,64.77499999999999,10.3,0.22820833333333335,10.3,16.7,8.4,4.8,1,5,NO_OFFICIAL_WARNING,TEMPORAL_DATE_DISTRICT_CONTEXTUAL_LINK,FARM_POINT_COORDINATES,DAILY_DERIVED_HOURLY
2025-10-03,6,Tiruchirappalli,10.7905,78.7047,24.170833333333334,64.91666666666667,12.1,0.22908333333333333,14.4,14.9,8.5,3.2,2,8,NO_OFFICIAL_WARNING,TEMPORAL_DATE_DISTRICT_CONTEXTUAL_LINK,FARM_POINT_COORDINATES,DAILY_DERIVED_HOURLY
2025-10-03,7,Tirunelveli,8.7139,77.7567,23.8625,65.35000000000001,6.0,0.22654166666666667,8.6,18.8,14.2,2.6,1,5,NO_OFFICIAL_WARNING,TEMPORAL_DATE_DISTRICT_CONTEXTUAL_LINK,FARM_POINT_COORDINATES,DAILY_DERIVED_HOURLY
2025-10-03,8,Villupuram,11.9401,79.4861,23.8875,65.075,10.799999999999999,0.22533333333333336,10.8,16.2,16.2,7.1,1,4,NO_OFFICIAL_WARNING,TEMPORAL_DATE_DISTRICT_CONTEXTUAL_LINK,FARM_POINT_COORDINATES,DAILY_DERIVED_HOURLY
2025-10-03,9,Erode,11.341,77.7172,24.104166666666668,65.28750000000001,7.4,0.22970833333333332,9.0,19.5,14.1,5.4,1,4,NO_OFFICIAL_WARNING,TEMPORAL_DATE_DISTRICT_CONTEXTUAL_LINK,FARM_POINT_COORDINATES,DAILY_DERIVED_HOURLY
2025-10-03,10,Tiruvarur,10.7708,79.6373,24.116666666666664,64.925,9.9,0.2323333333333333,9.9,11.6,4.3,5.2,1,4,NO_OFFICIAL_WARNING,TEMPORAL_DATE_DISTRICT_CONTEXTUAL_LINK,FARM_POINT_COORDINATES,DAILY_DERIVED_HOURLY
2025-10-04,1,Thanjavur,10.787,79.1378,23.941666666666666,65.11666666666666,9.3,0.230625,14.1,23.4,21.5,4.9,3,7,NO_OFFICIAL_WARNING,TEMPORAL_DATE_DISTRICT_CONTEXTUAL_LINK,FARM_POINT_COORDINATES,DAILY_DERIVED_HOURLY
2025-10-04,2,Cuddalore,11.748,79.7714,23.9875,65.3,3.3000000000000003,0.22766666666666668,7.9,15.2,13.3,6.2,2,4,NO_OFFICIAL_WARNING,TEMPORAL_DATE_DISTRICT_CONTEXTUAL_LINK,FARM_POINT_COORDINATES,DAILY_DERIVED_HOURLY
2025-10-04,3,Madurai,9.9252,78.1198,23.979166666666668,65.1375,0.6,0.22779166666666664,5.3,6.6,7.7,1.8,1,4,NO_OFFICIAL_WARNING,TEMPORAL_DATE_DISTRICT_CONTEXTUAL_LINK,FARM_POINT_COORDINATES,DAILY_DERIVED_HOURLY
2025-10-04,4,Nagapattinam,10.7656,79.8424,23.995833333333334,64.66666666666667,4.5,0.23587499999999997,5.3,15.1,16.1,2.3,2,5,NO_OFFICIAL_WARNING,TEMPORAL_DATE_DISTRICT_CONTEXTUAL_LINK,FARM_POINT_COORDINATES,DAILY_DERIVED_HOURLY
2025-10-04,5,Coimbatore,11.0168,76.9558,23.95,64.925,2.3,0.22254166666666667,10.7,17.1,16.7,4.8,2,5,NO_OFFICIAL_WARNING,TEMPORAL_DATE_DISTRICT_CONTEXTUAL_LINK,FARM_POINT_COORDINATES,DAILY_DERIVED_HOURLY
2025-10-04,6,Tiruchirappalli,10.7905,78.7047,23.8625,65.0625,7.4,0.230625,12.1,21.6,14.9,5.0,2,6,NO_OFFICIAL_WARNING,TEMPORAL_DATE_DISTRICT_CONTEXTUAL_LINK,FARM_POINT_COORDINATES,DAILY_DERIVED_HOURLY
2025-10-04,7,Tirunelveli,8.7139,77.7567,23.97083333333333,64.82916666666667,14.6,0.23516666666666666,14.6,22.3,18.8,13.7,2,4,NO_OFFICIAL_WARNING,TEMPORAL_DATE_DISTRICT_CONTEXTUAL_LINK,FARM_POINT_COORDINATES,DAILY_DERIVED_HOURLY
2025-10-04,8,Villupuram,11.9401,79.4861,23.879166666666666,65.14583333333333,8.399999999999999,0.222,17.6,19.2,16.2,7.1,1,5,NO_OFFICIAL_WARNING,TEMPORAL_DATE_DISTRICT_CONTEXTUAL_LINK,FARM_POINT_COORDINATES,DAILY_DERIVED_HOURLY
2025-10-04,9,Erode,11.341,77.7172,23.766666666666666,65.0,0.0,0.22558333333333333,7.4,10.8,19.5,5.4,0,4,NO_OFFICIAL_WARNING,TEMPORAL_DATE_DISTRICT_CONTEXTUAL_LINK,FARM_POINT_COORDINATES,DAILY_DERIVED_HOURLY
2025-10-04,10,Tiruvarur,10.7708,79.6373,24.133333333333336,65.18333333333334,4.7,0.22816666666666666,12.3,14.6,11.6,5.2,2,5,NO_OFFICIAL_WARNING,TEMPORAL_DATE_DISTRICT_CONTEXTUAL_LINK,FARM_POINT_COORDINATES,DAILY_DERIVED_HOURLY
2025-10-05,1,Thanjavur,10.787,79.1378,24.162499999999998,65.11666666666666,5.8,0.2324166666666667,10.3,23.4,23.4,4.6,1,7,NO_OFFICIAL_WARNING,TEMPORAL_DATE_DISTRICT_CONTEXTUAL_LINK,FARM_POINT_COORDINATES,DAILY_DERIVED_HOURLY
2025-10-05,2,Cuddalore,11.748,79.7714,23.7625,65.05416666666666,15.5,0.22745833333333332,18.8,19.1,15.2,6.8,2,7,NO_OFFICIAL_WARNING,TEMPORAL_DATE_DISTRICT_CONTEXTUAL_LINK,FARM_POINT_COORDINATES,DAILY_DERIVED_HOURLY
2025-10-05,3,Madurai,9.9252,78.1198,24.166666666666668,65.17916666666666,1.4,0.221,1.6,5.9,6.6,0.8,1,3,NO_OFFICIAL_WARNING,TEMPORAL_DATE_DISTRICT_CONTEXTUAL_LINK,FARM_POINT_COORDINATES,DAILY_DERIVED_HOURLY
2025-10-05,4,Nagapattinam,10.7656,79.8424,24.212500000000002,65.12083333333334,0.9,0.23158333333333334,4.5,6.5,15.1,2.3,1,4,NO_OFFICIAL_WARNING,TEMPORAL_DATE_DISTRICT_CONTEXTUAL_LINK,FARM_POINT_COORDINATES,DAILY_DERIVED_HOURLY
2025-10-05,5,Coimbatore,11.0168,76.9558,24.245833333333334,64.925,7.0,0.22708333333333333,7.3,14.6,17.1,2.4,2,5,NO_OFFICIAL_WARNING,TEMPORAL_DATE_DISTRICT_CONTEXTUAL_LINK,FARM_POINT_COORDINATES,DAILY_DERIVED_HOURLY
2025-10-05,6,Tiruchirappalli,10.7905,78.7047,24.016666666666666,65.3,5.5,0.22712500000000002,12.6,21.0,21.6,5.0,1,7,NO_OFFICIAL_WARNING,TEMPORAL_DATE_DISTRICT_CONTEXTUAL_LINK,FARM_POINT_COORDINATES,DAILY_DERIVED_HOURLY
2025-10-05,7,Tirunelveli,8.7139,77.7567,24.2375,65.37916666666666,7.300000000000001,0.22745833333333332,19.5,22.2,22.3,13.7,2,6,NO_OFFICIAL_WARNING,TEMPORAL_DATE_DISTRICT_CONTEXTUAL_LINK,FARM_POINT_COORDINATES,DAILY_DERIVED_HOURLY
2025-10-05,8,Villupuram,11.9401,79.4861,23.933333333333334,64.56666666666666,8.2,0.22487500000000002,11.1,21.9,19.2,4.6,2,5,NO_OFFICIAL_WARNING,TEMPORAL_DATE_DISTRICT_CONTEXTUAL_LINK,FARM_POINT_COORDINATES,DAILY_DERIVED_HOURLY
2025-10-05,9,Erode,11.341,77.7172,24.0625,64.99583333333334,2.6,0.227125,2.6,7.4,10.8,1.8,1,2,NO_OFFICIAL_WARNING,TEMPORAL_DATE_DISTRICT_CONTEXTUAL_LINK,FARM_POINT_COORDINATES,DAILY_DERIVED_HOURLY
2025-10-05,10,Tiruvarur,10.7708,79.6373,24.224999999999998,64.84583333333333,9.7,0.225625,11.2,16.9,14.6,4.3,2,7,NO_OFFICIAL_WARNING,TEMPORAL_DATE_DISTRICT_CONTEXTUAL_LINK,FARM_POINT_COORDINATES,DAILY_DERIVED_HOURLY
2025-10-06,1,Thanjavur,10.787,79.1378,23.920833333333334,64.93333333333334,3.3000000000000003,0.22254166666666667,7.2,16.4,23.4,4.6,1,4,NO_OFFICIAL_WARNING,TEMPORAL_DATE_DISTRICT_CONTEXTUAL_LINK,FARM_POINT_COORDINATES,DAILY_DERIVED_HOURLY
2025-10-06,2,Cuddalore,11.748,79.7714,24.02916666666667,64.77499999999999,6.7,0.2285,18.6,25.5,19.1,6.8,1,6,NO_OFFICIAL_WARNING,TEMPORAL_DATE_DISTRICT_CONTEXTUAL_LINK,FARM_POINT_COORDINATES,DAILY_DERIVED_HOURLY
2025-10-06,3,Madurai,9.9252,78.1198,24.129166666666666,64.66666666666667,1.9000000000000001,0.22695833333333335,2.6,3.6,5.9,1.0,1,5,NO_OFFICIAL_WARNING,TEMPORAL_DATE_DISTRICT_CONTEXTUAL_LINK,FARM_POINT_COORDINATES,DAILY_DERIVED_HOURLY
2025-10-06,4,Nagapattinam,10.7656,79.8424,23.820833333333336,65.125,2.7,0.22258333333333333,3.5,8.0,6.5,2.6,1,3,NO_OFFICIAL_WARNING,TEMPORAL_DATE_DISTRICT_CONTEXTUAL_LINK,FARM_POINT_COORDINATES,DAILY_DERIVED_HOURLY
2025-10-06,5,Coimbatore,11.0168,76.9558,24.020833333333332,64.77916666666667,2.3,0.224625,7.0,10.2,14.6,2.4,1,4,NO_OFFICIAL_WARNING,TEMPORAL_DATE_DISTRICT_CONTEXTUAL_LINK,FARM_POINT_COORDINATES,DAILY_DERIVED_HOURLY
2025-10-06,6,Tiruchirappalli,10.7905,78.7047,24.0125,65.12083333333334,4.3,0.22795833333333335,5.5,14.2,21.0,3.4,2,5,NO_OFFICIAL_WARNING,TEMPORAL_DATE_DISTRICT_CONTEXTUAL_LINK,FARM_POINT_COORDINATES,DAILY_DERIVED_HOURLY
2025-10-06,7,Tirunelveli,8.7139,77.7567,24.075,64.76666666666667,9.3,0.23170833333333332,12.0,27.3,22.2,4.2,1,8,NO_OFFICIAL_WARNING,TEMPORAL_DATE_DISTRICT_CONTEXTUAL_LINK,FARM_POINT_COORDINATES,DAILY_DERIVED_HOURLY
2025-10-06,8,Villupuram,11.9401,79.4861,23.97083333333333,64.9375,3.5,0.22504166666666667,8.2,17.2,21.9,3.5,1,5,NO_OFFICIAL_WARNING,TEMPORAL_DATE_DISTRICT_CONTEXTUAL_LINK,FARM_POINT_COORDINATES,DAILY_DERIVED_HOURLY
2025-10-06,9,Erode,11.341,77.7172,23.96666666666667,64.78750000000001,1.9,0.22454166666666667,3.7,4.5,7.4,1.8,2,3,NO_OFFICIAL_WARNING,TEMPORAL_DATE_DISTRICT_CONTEXTUAL_LINK,FARM_POINT_COORDINATES,DAILY_DERIVED_HOURLY
2025-10-06,10,Tiruvarur,10.7708,79.6373,24.133333333333336,64.85416666666667,9.4,0.22883333333333333,17.0,21.7,16.9,4.4,4,9,NO_OFFICIAL_WARNING,TEMPORAL_DATE_DISTRICT_CONTEXTUAL_LINK,FARM_POINT_COORDINATES,DAILY_DERIVED_HOURLY
2025-10-07,1,Thanjavur,10.787,79.1378,24.004166666666666,64.85833333333333,2.9,0.2295,3.3,9.1,16.4,2.4,1,4,NO_OFFICIAL_WARNING,TEMPORAL_DATE_DISTRICT_CONTEXTUAL_LINK,FARM_POINT_COORDINATES,DAILY_DERIVED_HOURLY
2025-10-07,2,Cuddalore,11.748,79.7714,23.929166666666664,64.625,0.4,0.224125,6.9,22.4,25.5,2.5,1,5,NO_OFFICIAL_WARNING,TEMPORAL_DATE_DISTRICT_CONTEXTUAL_LINK,FARM_POINT_COORDINATES,DAILY_DERIVED_HOURLY
2025-10-07,3,Madurai,9.9252,78.1198,24.079166666666666,64.94166666666666,7.699999999999999,0.2275,7.7,9.6,3.6,4.1,2,5,NO_OFFICIAL_WARNING,TEMPORAL_DATE_DISTRICT_CONTEXTUAL_LINK,FARM_POINT_COORDINATES,DAILY_DERIVED_HOURLY
2025-10-07,4,Nagapattinam,10.7656,79.8424,24.083333333333332,64.85833333333333,1.8,0.22545833333333332,2.7,5.1,8.0,2.6,1,2,NO_OFFICIAL_WARNING,TEMPORAL_DATE_DISTRICT_CONTEXTUAL_LINK,FARM_POINT_COORDINATES,DAILY_DERIVED_HOURLY
2025-10-07,5,Coimbatore,11.0168,76.9558,24.054166666666664,64.83749999999999,0.6,0.22533333333333336,2.3,9.3,10.2,1.0,1,3,NO_OFFICIAL_WARNING,TEMPORAL_DATE_DISTRICT_CONTEXTUAL_LINK,FARM_POINT_COORDINATES,DAILY_DERIVED_HOURLY
2025-10-07,6,Tiruchirappalli,10.7905,78.7047,24.05,64.8,11.7,0.228375,12.7,16.0,14.2,7.8,1,7,NO_OFFICIAL_WARNING,TEMPORAL_DATE_DISTRICT_CONTEXTUAL_LINK,FARM_POINT_COORDINATES,DAILY_DERIVED_HOURLY
2025-10-07,7,Tirunelveli,8.7139,77.7567,23.97083333333333,65.01666666666667,7.3,0.22691666666666666,9.5,17.6,27.3,3.4,1,5,NO_OFFICIAL_WARNING,TEMPORAL_DATE_DISTRICT_CONTEXTUAL_LINK,FARM_POINT_COORDINATES,DAILY_DERIVED_HOURLY
2025-10-07,8,Villupuram,11.9401,79.4861,23.991666666666664,65.14166666666667,5.199999999999999,0.22941666666666669,8.0,13.4,17.2,2.9,1,5,NO_OFFICIAL_WARNING,TEMPORAL_DATE_DISTRICT_CONTEXTUAL_LINK,FARM_POINT_COORDINATES,DAILY_DERIVED_HOURLY
2025-10-07,9,Erode,11.341,77.7172,23.941666666666666,65.16250000000001,0.8,0.22475,2.2,4.8,4.5,1.5,1,3,NO_OFFICIAL_WARNING,TEMPORAL_DATE_DISTRICT_CONTEXTUAL_LINK,FARM_POINT_COORDINATES,DAILY_DERIVED_HOURLY
2025-10-07,10,Tiruvarur,10.7708,79.6373,23.808333333333334,65.125,0.5,0.22679166666666664,9.9,19.6,21.7,4.4,1,6,NO_OFFICIAL_WARNING,TEMPORAL_DATE_DISTRICT_CONTEXTUAL_LINK,FARM_POINT_COORDINATES,DAILY_DERIVED_HOURLY
2025-10-08,1,Thanjavur,10.787,79.1378,23.84166666666667,64.91250000000001,2.9,0.22724999999999998,5.3,6.2,9.1,2.4,1,4,NO_OFFICIAL_WARNING,TEMPORAL_DATE_DISTRICT_CONTEXTUAL_LINK,FARM_POINT_COORDINATES,DAILY_DERIVED_HOURLY
2025-10-08,2,Cuddalore,11.748,79.7714,24.008333333333336,65.05,7.2,0.22487500000000002,7.4,11.9,22.4,6.9,2,3,NO_OFFICIAL_WARNING,TEMPORAL_DATE_DISTRICT_CONTEXTUAL_LINK,FARM_POINT_COORDINATES,DAILY_DERIVED_HOURLY
2025-10-08,3,Madurai,9.9252,78.1198,24.0625,65.12083333333334,7.199999999999999,0.23020833333333335,11.3,14.9,9.6,4.1,1,6,NO_OFFICIAL_WARNING,TEMPORAL_DATE_DISTRICT_CONTEXTUAL_LINK,FARM_POINT_COORDINATES,DAILY_DERIVED_HOURLY
2025-10-08,4,Nagapattinam,10.7656,79.8424,24.03333333333333,65.12916666666666,5.8,0.2315,6.1,7.7,5.1,1.6,2,8,NO_OFFICIAL_WARNING,TEMPORAL_DATE_DISTRICT_CONTEXTUAL_LINK,FARM_POINT_COORDINATES,DAILY_DERIVED_HOURLY
2025-10-08,5,Coimbatore,11.0168,76.9558,23.77916666666667,64.875,7.3,0.226375,7.3,7.9,9.3,2.8,1,4,NO_OFFICIAL_WARNING,TEMPORAL_DATE_DISTRICT_CONTEXTUAL_LINK,FARM_POINT_COORDINATES,DAILY_DERIVED_HOURLY
2025-10-08,6,Tiruchirappalli,10.7905,78.7047,24.087500000000002,65.03333333333333,1.4,0.22733333333333336,10.9,16.7,16.0,7.8,1,4,NO_OFFICIAL_WARNING,TEMPORAL_DATE_DISTRICT_CONTEXTUAL_LINK,FARM_POINT_COORDINATES,DAILY_DERIVED_HOURLY
2025-10-08,7,Tirunelveli,8.7139,77.7567,24.004166666666666,65.125,12.5,0.224375,16.0,20.3,17.6,4.7,3,8,NO_OFFICIAL_WARNING,TEMPORAL_DATE_DISTRICT_CONTEXTUAL_LINK,FARM_POINT_COORDINATES,DAILY_DERIVED_HOURLY
2025-10-08,8,Villupuram,11.9401,79.4861,24.116666666666664,64.82083333333334,3.1,0.228625,7.4,11.1,13.4,2.9,1,4,NO_OFFICIAL_WARNING,TEMPORAL_DATE_DISTRICT_CONTEXTUAL_LINK,FARM_POINT_COORDINATES,DAILY_DERIVED_HOURLY
2025-10-08,9,Erode,11.341,77.7172,23.866666666666664,65.20833333333333,9.6,0.23004166666666667,9.9,10.4,4.8,4.1,3,6,NO_OFFICIAL_WARNING,TEMPORAL_DATE_DISTRICT_CONTEXTUAL_LINK,FARM_POINT_COORDINATES,DAILY_DERIVED_HOURLY
2025-10-08,10,Tiruvarur,10.7708,79.6373,24.058333333333334,64.8625,4.1,0.22466666666666668,4.1,9.9,19.6,4.1,1,1,NO_OFFICIAL_WARNING,TEMPORAL_DATE_DISTRICT_CONTEXTUAL_LINK,FARM_POINT_COORDINATES,DAILY_DERIVED_HOURLY
2025-10-09,1,Thanjavur,10.787,79.1378,23.96666666666667,64.91250000000001,6.4,0.22687500000000002,6.4,9.7,6.2,3.7,1,4,NO_OFFICIAL_WARNING,TEMPORAL_DATE_DISTRICT_CONTEXTUAL_LINK,FARM_POINT_COORDINATES,DAILY_DERIVED_HOURLY
2025-10-09,2,Cuddalore,11.748,79.7714,24.162499999999998,65.40833333333333,1.7,0.2235,7.2,8.9,11.9,6.9,1,3,NO_OFFICIAL_WARNING,TEMPORAL_DATE_DISTRICT_CONTEXTUAL_LINK,FARM_POINT_COORDINATES,DAILY_DERIVED_HOURLY
2025-10-09,3,Madurai,9.9252,78.1198,23.995833333333334,64.9375,5.0,0.2305,8.0,16.3,14.9,2.1,1,6,NO_OFFICIAL_WARNING,TEMPORAL_DATE_DISTRICT_CONTEXTUAL_LINK,FARM_POINT_COORDINATES,DAILY_DERIVED_HOURLY
2025-10-09,4,Nagapattinam,10.7656,79.8424,23.879166666666666,65.09166666666667,2.0,0.2283333333333333,5.8,8.1,7.7,2.0,1,7,NO_OFFICIAL_WARNING,TEMPORAL_DATE_DISTRICT_CONTEXTUAL_LINK,FARM_POINT_COORDINATES,DAILY_DERIVED_HOURLY
2025-10-09,5,Coimbatore,11.0168,76.9558,23.770833333333332,65.03333333333333,5.9,0.21987500000000001,8.2,13.8,7.9,2.8,2,6,NO_OFFICIAL_WARNING,TEMPORAL_DATE_DISTRICT_CONTEXTUAL_LINK,FARM_POINT_COORDINATES,DAILY_DERIVED_HOURLY
2025-10-09,6,Tiruchirappalli,10.7905,78.7047,23.891666666666666,64.99583333333334,7.4,0.23020833333333335,7.4,12.6,16.7,3.8,1,5,NO_OFFICIAL_WARNING,TEMPORAL_DATE_DISTRICT_CONTEXTUAL_LINK,FARM_POINT_COORDINATES,DAILY_DERIVED_HOURLY
2025-10-09,7,Tirunelveli,8.7139,77.7567,23.974999999999998,65.20416666666667,10.4,0.233125,12.5,22.9,20.3,4.7,4,7,NO_OFFICIAL_WARNING,TEMPORAL_DATE_DISTRICT_CONTEXTUAL_LINK,FARM_POINT_COORDINATES,DAILY_DERIVED_HOURLY
2025-10-09,8,Villupuram,11.9401,79.4861,23.916666666666668,64.72916666666667,3.8,0.22620833333333334,6.3,11.0,11.1,2.8,2,4,NO_OFFICIAL_WARNING,TEMPORAL_DATE_DISTRICT_CONTEXTUAL_LINK,FARM_POINT_COORDINATES,DAILY_DERIVED_HOURLY
2025-10-09,9,Erode,11.341,77.7172,23.925,64.83749999999999,5.6000000000000005,0.22741666666666668,10.8,15.7,10.4,4.9,1,5,NO_OFFICIAL_WARNING,TEMPORAL_DATE_DISTRICT_CONTEXTUAL_LINK,FARM_POINT_COORDINATES,DAILY_DERIVED_HOURLY
2025-10-09,10,Tiruvarur,10.7708,79.6373,24.0625,64.97083333333333,5.2,0.22320833333333334,8.2,9.3,9.9,4.1,2,4,NO_OFFICIAL_WARNING,TEMPORAL_DATE_DISTRICT_CONTEXTUAL_LINK,FARM_POINT_COORDINATES,DAILY_DERIVED_HOURLY
2025-10-10,1,Thanjavur,10.787,79.1378,24.025000000000002,64.8125,5.1,0.22887500000000002,7.8,11.5,9.7,3.7,1,5,NO_OFFICIAL_WARNING,TEMPORAL_DATE_DISTRICT_CONTEXTUAL_LINK,FARM_POINT_COORDINATES,DAILY_DERIVED_HOURLY
2025-10-10,2,Cuddalore,11.748,79.7714,24.008333333333336,64.75833333333334,5.7,0.22495833333333334,5.7,11.0,8.9,2.7,2,5,NO_OFFICIAL_WARNING,TEMPORAL_DATE_DISTRICT_CONTEXTUAL_LINK,FARM_POINT_COORDINATES,DAILY_DERIVED_HOURLY
2025-10-10,3,Madurai,9.9252,78.1198,23.995833333333334,65.10416666666667,2.2,0.22429166666666667,5.0,9.9,16.3,2.1,1,4,NO_OFFICIAL_WARNING,TEMPORAL_DATE_DISTRICT_CONTEXTUAL_LINK,FARM_POINT_COORDINATES,DAILY_DERIVED_HOURLY
2025-10-10,4,Nagapattinam,10.7656,79.8424,23.883333333333336,65.33749999999999,10.3,0.23075,10.3,12.3,8.1,2.7,2,6,NO_OFFICIAL_WARNING,TEMPORAL_DATE_DISTRICT_CONTEXTUAL_LINK,FARM_POINT_COORDINATES,DAILY_DERIVED_HOURLY
2025-10-10,5,Coimbatore,11.0168,76.9558,23.770833333333332,64.875,4.7,0.22779166666666664,5.9,13.2,13.8,3.2,2,5,NO_OFFICIAL_WARNING,TEMPORAL_DATE_DISTRICT_CONTEXTUAL_LINK,FARM_POINT_COORDINATES,DAILY_DERIVED_HOURLY
2025-10-10,6,Tiruchirappalli,10.7905,78.7047,24.045833333333334,64.78750000000001,2.1,0.22729166666666667,9.0,10.4,12.6,3.8,1,5,NO_OFFICIAL_WARNING,TEMPORAL_DATE_DISTRICT_CONTEXTUAL_LINK,FARM_POINT_COORDINATES,DAILY_DERIVED_HOURLY
2025-10-10,7,Tirunelveli,8.7139,77.7567,24.05,64.99166666666666,6.3,0.23320833333333332,10.7,22.9,22.9,3.6,1,7,NO_OFFICIAL_WARNING,TEMPORAL_DATE_DISTRICT_CONTEXTUAL_LINK,FARM_POINT_COORDINATES,DAILY_DERIVED_HOURLY
2025-10-10,8,Villupuram,11.9401,79.4861,24.016666666666666,64.60833333333333,2.5,0.22429166666666667,4.9,8.1,11.0,2.8,1,4,NO_OFFICIAL_WARNING,TEMPORAL_DATE_DISTRICT_CONTEXTUAL_LINK,FARM_POINT_COORDINATES,DAILY_DERIVED_HOURLY
2025-10-10,9,Erode,11.341,77.7172,23.8875,65.42916666666666,9.9,0.2285,9.9,17.7,15.7,5.9,2,7,NO_OFFICIAL_WARNING,TEMPORAL_DATE_DISTRICT_CONTEXTUAL_LINK,FARM_POINT_COORDINATES,DAILY_DERIVED_HOURLY
2025-10-10,10,Tiruvarur,10.7708,79.6373,24.041666666666668,65.33333333333333,10.0,0.23108333333333334,10.0,17.2,9.3,3.5,2,6,NO_OFFICIAL_WARNING,TEMPORAL_DATE_DISTRICT_CONTEXTUAL_LINK,FARM_POINT_COORDINATES,DAILY_DERIVED_HOURLY
2025-10-11,1,Thanjavur,10.787,79.1378,24.09583333333333,64.89999999999999,6.2,0.23020833333333335,6.2,11.5,11.5,3.8,2,4,NO_OFFICIAL_WARNING,TEMPORAL_DATE_DISTRICT_CONTEXTUAL_LINK,FARM_POINT_COORDINATES,DAILY_DERIVED_HOURLY
2025-10-11,2,Cuddalore,11.748,79.7714,23.920833333333334,64.99166666666666,5.9,0.22566666666666668,9.5,13.1,11.0,4.2,2,5,NO_OFFICIAL_WARNING,TEMPORAL_DATE_DISTRICT_CONTEXTUAL_LINK,FARM_POINT_COORDINATES,DAILY_DERIVED_HOURLY
2025-10-11,3,Madurai,9.9252,78.1198,23.866666666666664,65.11666666666666,6.3999999999999995,0.22895833333333335,7.7,10.9,9.9,3.9,1,5,NO_OFFICIAL_WARNING,TEMPORAL_DATE_DISTRICT_CONTEXTUAL_LINK,FARM_POINT_COORDINATES,DAILY_DERIVED_HOURLY
2025-10-11,4,Nagapattinam,10.7656,79.8424,24.108333333333334,65.04166666666667,7.5,0.22954166666666667,12.5,17.8,12.3,3.0,1,8,NO_OFFICIAL_WARNING,TEMPORAL_DATE_DISTRICT_CONTEXTUAL_LINK,FARM_POINT_COORDINATES,DAILY_DERIVED_HOURLY
2025-10-11,5,Coimbatore,11.0168,76.9558,24.15833333333333,64.46666666666667,14.1,0.22970833333333332,14.3,18.8,13.2,5.0,1,7,NO_OFFICIAL_WARNING,TEMPORAL_DATE_DISTRICT_CONTEXTUAL_LINK,FARM_POINT_COORDINATES,DAILY_DERIVED_HOURLY
2025-10-11,6,Tiruchirappalli,10.7905,78.7047,24.09583333333333,65.5,2.4,0.227375,4.5,11.4,10.4,2.4,1,2,NO_OFFICIAL_WARNING,TEMPORAL_DATE_DISTRICT_CONTEXTUAL_LINK,FARM_POINT_COORDINATES,DAILY_DERIVED_HOURLY
2025-10-11,7,Tirunelveli,8.7139,77.7567,24.075,65.40416666666667,2.9,0.22158333333333333,7.5,17.9,22.9,3.6,1,6,NO_OFFICIAL_WARNING,TEMPORAL_DATE_DISTRICT_CONTEXTUAL_LINK,FARM_POINT_COORDINATES,DAILY_DERIVED_HOURLY
2025-10-11,8,Villupuram,11.9401,79.4861,24.099999999999998,65.00416666666666,1.5,0.22324999999999998,2.8,6.3,8.1,1.5,1,2,NO_OFFICIAL_WARNING,TEMPORAL_DATE_DISTRICT_CONTEXTUAL_LINK,FARM_POINT_COORDINATES,DAILY_DERIVED_HOURLY
2025-10-11,9,Erode,11.341,77.7172,23.97083333333333,64.75,2.8,0.22254166666666667,10.8,15.5,17.7,5.9,1,7,NO_OFFICIAL_WARNING,TEMPORAL_DATE_DISTRICT_CONTEXTUAL_LINK,FARM_POINT_COORDINATES,DAILY_DERIVED_HOURLY
2025-10-11,10,Tiruvarur,10.7708,79.6373,24.1125,64.71666666666667,3.3,0.22920833333333332,8.7,15.2,17.2,3.5,1,5,NO_OFFICIAL_WARNING,TEMPORAL_DATE_DISTRICT_CONTEXTUAL_LINK,FARM_POINT_COORDINATES,DAILY_DERIVED_HOURLY
2025-10-12,1,Thanjavur,10.787,79.1378,23.90833333333333,64.83749999999999,2.4,0.22941666666666669,8.5,12.3,11.5,3.8,1,6,NO_OFFICIAL_WARNING,TEMPORAL_DATE_DISTRICT_CONTEXTUAL_LINK,FARM_POINT_COORDINATES,DAILY_DERIVED_HOURLY
2025-10-12,2,Cuddalore,11.748,79.7714,23.958333333333332,64.86666666666666,2.1999999999999997,0.226,7.8,13.5,13.1,4.2,1,4,NO_OFFICIAL_WARNING,TEMPORAL_DATE_DISTRICT_CONTEXTUAL_LINK,FARM_POINT_COORDINATES,DAILY_DERIVED_HOURLY
2025-10-12,3,Madurai,9.9252,78.1198,23.90833333333333,65.06666666666666,8.1,0.22554166666666667,11.2,15.4,10.9,3.9,1,5,NO_OFFICIAL_WARNING,TEMPORAL_DATE_DISTRICT_CONTEXTUAL_LINK,FARM_POINT_COORDINATES,DAILY_DERIVED_HOURLY
2025-10-12,4,Nagapattinam,10.7656,79.8424,24.02916666666667,64.60833333333333,3.5,0.22979166666666664,7.6,19.4,17.8,3.0,1,5,NO_OFFICIAL_WARNING,TEMPORAL_DATE_DISTRICT_CONTEXTUAL_LINK,FARM_POINT_COORDINATES,DAILY_DERIVED_HOURLY
2025-10-12,5,Coimbatore,11.0168,76.9558,23.925,65.3875,4.300000000000001,0.22916666666666666,15.5,20.6,18.8,5.0,1,7,NO_OFFICIAL_WARNING,TEMPORAL_DATE_DISTRICT_CONTEXTUAL_LINK,FARM_POINT_COORDINATES,DAILY_DERIVED_HOURLY
2025-10-12,6,Tiruchirappalli,10.7905,78.7047,23.929166666666664,65.00833333333334,12.0,0.22808333333333333,12.0,14.4,11.4,5.6,1,5,NO_OFFICIAL_WARNING,TEMPORAL_DATE_DISTRICT_CONTEXTUAL_LINK,FARM_POINT_COORDINATES,DAILY_DERIVED_HOURLY
2025-10-12,7,Tirunelveli,8.7139,77.7567,24.09583333333333,65.31666666666666,8.5,0.2303333333333333,10.1,17.3,17.9,4.5,2,5,NO_OFFICIAL_WARNING,TEMPORAL_DATE_DISTRICT_CONTEXTUAL_LINK,FARM_POINT_COORDINATES,DAILY_DERIVED_HOURLY
2025-10-12,8,Villupuram,11.9401,79.4861,23.795833333333334,65.06666666666666,2.7,0.22787500000000002,2.7,5.1,6.3,2.1,3,3,NO_OFFICIAL_WARNING,TEMPORAL_DATE_DISTRICT_CONTEXTUAL_LINK,FARM_POINT_COORDINATES,DAILY_DERIVED_HOURLY
2025-10-12,9,Erode,11.341,77.7172,24.175,65.11666666666666,13.4,0.23287499999999997,13.4,17.7,15.5,6.6,1,4,NO_OFFICIAL_WARNING,TEMPORAL_DATE_DISTRICT_CONTEXTUAL_LINK,FARM_POINT_COORDINATES,DAILY_DERIVED_HOURLY
2025-10-12,10,Tiruvarur,10.7708,79.6373,24.125,65.12083333333334,6.8,0.231625,6.8,15.0,15.2,3.3,2,6,NO_OFFICIAL_WARNING,TEMPORAL_DATE_DISTRICT_CONTEXTUAL_LINK,FARM_POINT_COORDINATES,DAILY_DERIVED_HOURLY
2025-10-13,1,Thanjavur,10.787,79.1378,24.104166666666668,65.15416666666667,1.5,0.230375,2.4,8.9,12.3,1.5,1,2,NO_OFFICIAL_WARNING,TEMPORAL_DATE_DISTRICT_CONTEXTUAL_LINK,FARM_POINT_COORDINATES,DAILY_DERIVED_HOURLY
2025-10-13,2,Cuddalore,11.748,79.7714,23.72083333333333,64.94166666666666,3.2,0.2275,3.5,10.7,13.5,1.9,3,4,NO_OFFICIAL_WARNING,TEMPORAL_DATE_DISTRICT_CONTEXTUAL_LINK,FARM_POINT_COORDINATES,DAILY_DERIVED_HOURLY
2025-10-13,3,Madurai,9.9252,78.1198,23.916666666666668,65.125,2.0,0.22779166666666664,8.1,13.6,15.4,2.6,1,5,NO_OFFICIAL_WARNING,TEMPORAL_DATE_DISTRICT_CONTEXTUAL_LINK,FARM_POINT_COORDINATES,DAILY_DERIVED_HOURLY
2025-10-13,4,Nagapattinam,10.7656,79.8424,24.183333333333334,65.13333333333334,2.6,0.22316666666666665,4.4,10.4,19.4,2.3,1,5,NO_OFFICIAL_WARNING,TEMPORAL_DATE_DISTRICT_CONTEXTUAL_LINK,FARM_POINT_COORDINATES,DAILY_DERIVED_HOURLY
2025-10-13,5,Coimbatore,11.0168,76.9558,23.958333333333332,65.20833333333333,6.2,0.22508333333333333,7.8,23.3,20.6,4.7,1,5,NO_OFFICIAL_WARNING,TEMPORAL_DATE_DISTRICT_CONTEXTUAL_LINK,FARM_POINT_COORDINATES,DAILY_DERIVED_HOURLY
2025-10-13,6,Tiruchirappalli,10.7905,78.7047,24.09166666666667,65.08333333333333,9.899999999999999,0.22679166666666664,12.3,21.9,14.4,8.7,1,5,NO_OFFICIAL_WARNING,TEMPORAL_DATE_DISTRICT_CONTEXTUAL_LINK,FARM_POINT_COORDINATES,DAILY_DERIVED_HOURLY
2025-10-13,7,Tirunelveli,8.7139,77.7567,24.2625,65.10000000000001,5.800000000000001,0.22804166666666667,5.9,15.1,17.3,4.5,1,3,NO_OFFICIAL_WARNING,TEMPORAL_DATE_DISTRICT_CONTEXTUAL_LINK,FARM_POINT_COORDINATES,DAILY_DERIVED_HOURLY
2025-10-13,8,Villupuram,11.9401,79.4861,23.837500000000002,65.38333333333334,1.9,0.22899999999999998,2.7,4.6,5.1,2.1,1,3,NO_OFFICIAL_WARNING,TEMPORAL_DATE_DISTRICT_CONTEXTUAL_LINK,FARM_POINT_COORDINATES,DAILY_DERIVED_HOURLY
2025-10-13,9,Erode,11.341,77.7172,23.9875,64.9875,10.700000000000001,0.232375,17.3,24.1,17.7,6.6,2,6,NO_OFFICIAL_WARNING,TEMPORAL_DATE_DISTRICT_CONTEXTUAL_LINK,FARM_POINT_COORDINATES,DAILY_DERIVED_HOURLY
2025-10-13,10,Tiruvarur,10.7708,79.6373,24.075,64.87916666666666,4.5,0.22820833333333335,7.6,14.4,15.0,4.0,1,6,NO_OFFICIAL_WARNING,TEMPORAL_DATE_DISTRICT_CONTEXTUAL_LINK,FARM_POINT_COORDINATES,DAILY_DERIVED_HOURLY
2025-10-14,1,Thanjavur,10.787,79.1378,24.145833333333332,64.6875,1.5,0.22591666666666665,2.7,3.9,8.9,1.5,1,2,NO_OFFICIAL_WARNING,TEMPORAL_DATE_DISTRICT_CONTEXTUAL_LINK,FARM_POINT_COORDINATES,DAILY_DERIVED_HOURLY
2025-10-14,2,Cuddalore,11.748,79.7714,23.925,65.12083333333334,3.8,0.2197916666666667,3.9,7.3,10.7,2.5,1,3,NO_OFFICIAL_WARNING,TEMPORAL_DATE_DISTRICT_CONTEXTUAL_LINK,FARM_POINT_COORDINATES,DAILY_DERIVED_HOURLY
2025-10-14,3,Madurai,9.9252,78.1198,23.979166666666668,64.97500000000001,5.6,0.22433333333333336,7.1,13.4,13.6,4.0,3,5,NO_OFFICIAL_WARNING,TEMPORAL_DATE_DISTRICT_CONTEXTUAL_LINK,FARM_POINT_COORDINATES,DAILY_DERIVED_HOURLY
2025-10-14,4,Nagapattinam,10.7656,79.8424,24.070833333333336,65.05,6.3,0.23124999999999998,7.5,11.4,10.4,3.5,1,4,NO_OFFICIAL_WARNING,TEMPORAL_DATE_DISTRICT_CONTEXTUAL_LINK,FARM_POINT_COORDINATES,DAILY_DERIVED_HOURLY
2025-10-14,5,Coimbatore,11.0168,76.9558,23.858333333333334,64.9875,3.1,0.22658333333333333,6.2,10.5,23.3,4.7,1,2,NO_OFFICIAL_WARNING,TEMPORAL_DATE_DISTRICT_CONTEXTUAL_LINK,FARM_POINT_COORDINATES,DAILY_DERIVED_HOURLY
2025-10-14,6,Tiruchirappalli,10.7905,78.7047,23.991666666666664,64.95416666666667,1.3,0.22995833333333335,10.8,21.8,21.9,8.7,1,4,NO_OFFICIAL_WARNING,TEMPORAL_DATE_DISTRICT_CONTEXTUAL_LINK,FARM_POINT_COORDINATES,DAILY_DERIVED_HOURLY
2025-10-14,7,Tirunelveli,8.7139,77.7567,23.929166666666664,64.60416666666667,8.4,0.23179166666666665,8.4,14.2,15.1,6.7,1,4,NO_OFFICIAL_WARNING,TEMPORAL_DATE_DISTRICT_CONTEXTUAL_LINK,FARM_POINT_COORDINATES,DAILY_DERIVED_HOURLY
2025-10-14,8,Villupuram,11.9401,79.4861,23.979166666666668,65.15416666666667,6.7,0.229625,6.7,8.6,4.6,2.6,2,6,NO_OFFICIAL_WARNING,TEMPORAL_DATE_DISTRICT_CONTEXTUAL_LINK,FARM_POINT_COORDINATES,DAILY_DERIVED_HOURLY
2025-10-14,9,Erode,11.341,77.7172,23.891666666666666,64.82916666666667,26.0,0.23158333333333334,33.7,43.9,24.1,10.5,2,9,NO_OFFICIAL_WARNING,TEMPORAL_DATE_DISTRICT_CONTEXTUAL_LINK,FARM_POINT_COORDINATES,DAILY_DERIVED_HOURLY
2025-10-14,10,Tiruvarur,10.7708,79.6373,23.983333333333334,65.20416666666667,8.7,0.23124999999999998,8.9,15.2,14.4,4.0,1,4,NO_OFFICIAL_WARNING,TEMPORAL_DATE_DISTRICT_CONTEXTUAL_LINK,FARM_POINT_COORDINATES,DAILY_DERIVED_HOURLY
2025-10-15,1,Thanjavur,10.787,79.1378,23.9375,64.90833333333333,284.5,0.33,284.5,286.2,3.9,55.7,5,18,HEAVY_RAINFALL_ADVISORY,TEMPORAL_DATE_DISTRICT_CONTEXTUAL_LINK,FARM_POINT_COORDINATES,DAILY_DERIVED_HOURLY
2025-10-15,2,Cuddalore,11.748,79.7714,23.90833333333333,65.15416666666667,296.6,0.33545833333333336,296.6,300.4,7.3,59.2,10,19,HEAVY_RAINFALL_ADVISORY,TEMPORAL_DATE_DISTRICT_CONTEXTUAL_LINK,FARM_POINT_COORDINATES,DAILY_DERIVED_HOURLY
2025-10-15,3,Madurai,9.9252,78.1198,23.974999999999998,65.0,304.5,0.3421666666666667,304.5,310.1,13.4,58.1,7,19,HEAVY_RAINFALL_ADVISORY,TEMPORAL_DATE_DISTRICT_CONTEXTUAL_LINK,FARM_POINT_COORDINATES,DAILY_DERIVED_HOURLY
2025-10-15,4,Nagapattinam,10.7656,79.8424,23.96666666666667,65.39999999999999,310.6,0.34241666666666665,310.6,316.9,11.4,49.2,5,18,HEAVY_RAINFALL_ADVISORY,TEMPORAL_DATE_DISTRICT_CONTEXTUAL_LINK,FARM_POINT_COORDINATES,DAILY_DERIVED_HOURLY
2025-10-15,5,Coimbatore,11.0168,76.9558,24.016666666666666,65.05416666666666,330.1,0.36004166666666665,330.1,333.2,10.5,40.6,8,22,HEAVY_RAINFALL_ADVISORY,TEMPORAL_DATE_DISTRICT_CONTEXTUAL_LINK,FARM_POINT_COORDINATES,DAILY_DERIVED_HOURLY
2025-10-15,6,Tiruchirappalli,10.7905,78.7047,24.066666666666666,64.6125,221.70000000000002,0.3193333333333333,221.7,223.0,21.8,31.8,9,20,HEAVY_RAINFALL_ADVISORY,TEMPORAL_DATE_DISTRICT_CONTEXTUAL_LINK,FARM_POINT_COORDINATES,DAILY_DERIVED_HOURLY
2025-10-15,7,Tirunelveli,8.7139,77.7567,24.183333333333334,65.34166666666667,463.2,0.3838333333333333,466.4,471.6,14.2,62.5,14,22,HEAVY_RAINFALL_ADVISORY,TEMPORAL_DATE_DISTRICT_CONTEXTUAL_LINK,FARM_POINT_COORDINATES,DAILY_DERIVED_HOURLY
2025-10-15,8,Villupuram,11.9401,79.4861,24.1125,65.12916666666666,235.29999999999998,0.32179166666666664,235.3,242.0,8.6,44.4,21,23,HEAVY_RAINFALL_ADVISORY,TEMPORAL_DATE_DISTRICT_CONTEXTUAL_LINK,FARM_POINT_COORDINATES,DAILY_DERIVED_HOURLY
2025-10-15,9,Erode,11.341,77.7172,23.954166666666666,64.90416666666667,292.8,0.33008333333333334,292.8,318.8,43.9,54.7,9,17,HEAVY_RAINFALL_ADVISORY,TEMPORAL_DATE_DISTRICT_CONTEXTUAL_LINK,FARM_POINT_COORDINATES,DAILY_DERIVED_HOURLY
2025-10-15,10,Tiruvarur,10.7708,79.6373,24.020833333333332,64.97916666666667,357.3,0.35741666666666666,357.3,366.0,15.2,59.8,24,24,HEAVY_RAINFALL_ADVISORY,TEMPORAL_DATE_DISTRICT_CONTEXTUAL_LINK,FARM_POINT_COORDINATES,DAILY_DERIVED_HOURLY
2025-10-16,1,Thanjavur,10.787,79.1378,23.920833333333334,65.27083333333333,156.1,0.2927916666666667,302.6,440.6,286.2,55.7,18,23,OFFICIAL_RED_FLOOD_ALERT,TEMPORAL_DATE_DISTRICT_CONTEXTUAL_LINK,FARM_POINT_COORDINATES,DAILY_DERIVED_HOURLY
2025-10-16,2,Cuddalore,11.748,79.7714,24.083333333333332,64.79583333333333,274.3,0.3240416666666667,352.8,570.9,300.4,59.2,5,19,HEAVY_RAINFALL_ADVISORY,TEMPORAL_DATE_DISTRICT_CONTEXTUAL_LINK,FARM_POINT_COORDINATES,DAILY_DERIVED_HOURLY
2025-10-16,3,Madurai,9.9252,78.1198,23.979166666666668,65.44166666666666,234.70000000000002,0.31725,300.0,539.2,310.1,58.1,9,21,HEAVY_RAINFALL_ADVISORY,TEMPORAL_DATE_DISTRICT_CONTEXTUAL_LINK,FARM_POINT_COORDINATES,DAILY_DERIVED_HOURLY
2025-10-16,4,Nagapattinam,10.7656,79.8424,23.925,65.03333333333333,360.8,0.3642083333333333,403.1,671.4,316.9,49.2,10,22,HEAVY_RAINFALL_ADVISORY,TEMPORAL_DATE_DISTRICT_CONTEXTUAL_LINK,FARM_POINT_COORDINATES,DAILY_DERIVED_HOURLY
2025-10-16,5,Coimbatore,11.0168,76.9558,23.974999999999998,64.82083333333334,334.1,0.3580833333333333,361.9,664.2,333.2,41.6,22,23,HEAVY_RAINFALL_ADVISORY,TEMPORAL_DATE_DISTRICT_CONTEXTUAL_LINK,FARM_POINT_COORDINATES,DAILY_DERIVED_HOURLY
2025-10-16,6,Tiruchirappalli,10.7905,78.7047,24.045833333333334,64.97500000000001,238.6,0.3144166666666667,244.6,460.4,223.0,53.9,10,20,HEAVY_RAINFALL_ADVISORY,TEMPORAL_DATE_DISTRICT_CONTEXTUAL_LINK,FARM_POINT_COORDINATES,DAILY_DERIVED_HOURLY
2025-10-16,7,Tirunelveli,8.7139,77.7567,24.025000000000002,64.78333333333333,270.5,0.30954166666666666,459.8,736.4,471.6,93.7,11,21,HEAVY_RAINFALL_ADVISORY,TEMPORAL_DATE_DISTRICT_CONTEXTUAL_LINK,FARM_POINT_COORDINATES,DAILY_DERIVED_HOURLY
2025-10-16,8,Villupuram,11.9401,79.4861,24.0625,64.80833333333334,319.2,0.3474166666666667,319.2,554.5,242.0,44.4,18,22,HEAVY_RAINFALL_ADVISORY,TEMPORAL_DATE_DISTRICT_CONTEXTUAL_LINK,FARM_POINT_COORDINATES,DAILY_DERIVED_HOURLY
2025-10-16,9,Erode,11.341,77.7172,24.041666666666668,65.29583333333333,297.0,0.3418333333333334,297.0,589.8,318.8,54.7,5,19,HEAVY_RAINFALL_ADVISORY,TEMPORAL_DATE_DISTRICT_CONTEXTUAL_LINK,FARM_POINT_COORDINATES,DAILY_DERIVED_HOURLY
2025-10-16,10,Tiruvarur,10.7708,79.6373,23.875,64.92916666666666,233.7,0.31133333333333335,407.6,591.0,366.0,59.8,30,24,HEAVY_RAINFALL_ADVISORY,TEMPORAL_DATE_DISTRICT_CONTEXTUAL_LINK,FARM_POINT_COORDINATES,DAILY_DERIVED_HOURLY
2025-10-17,1,Thanjavur,10.787,79.1378,23.96666666666667,64.62916666666666,213.1,0.312875,213.1,464.4,440.6,42.4,13,21,HEAVY_RAINFALL_ADVISORY,TEMPORAL_DATE_DISTRICT_CONTEXTUAL_LINK,FARM_POINT_COORDINATES,DAILY_DERIVED_HOURLY
2025-10-17,2,Cuddalore,11.748,79.7714,23.979166666666668,65.0125,168.2,0.2959583333333333,262.7,552.6,570.9,46.9,10,18,HEAVY_RAINFALL_ADVISORY,TEMPORAL_DATE_DISTRICT_CONTEXTUAL_LINK,FARM_POINT_COORDINATES,DAILY_DERIVED_HOURLY
2025-10-17,3,Madurai,9.9252,78.1198,24.008333333333336,65.33333333333333,274.8,0.3334166666666667,295.2,549.4,539.2,41.9,10,21,HEAVY_RAINFALL_ADVISORY,TEMPORAL_DATE_DISTRICT_CONTEXTUAL_LINK,FARM_POINT_COORDINATES,DAILY_DERIVED_HOURLY
2025-10-17,4,Nagapattinam,10.7656,79.8424,24.037499999999998,65.2375,372.9,0.35575,419.0,754.4,671.4,58.8,13,20,HEAVY_RAINFALL_ADVISORY,TEMPORAL_DATE_DISTRICT_CONTEXTUAL_LINK,FARM_POINT_COORDINATES,DAILY_DERIVED_HOURLY
2025-10-17,5,Coimbatore,11.0168,76.9558,23.9875,64.77499999999999,277.5,0.3309166666666667,334.8,655.7,664.2,47.2,8,21,HEAVY_RAINFALL_ADVISORY,TEMPORAL_DATE_DISTRICT_CONTEXTUAL_LINK,FARM_POINT_COORDINATES,DAILY_DERIVED_HOURLY
2025-10-17,6,Tiruchirappalli,10.7905,78.7047,24.020833333333332,64.92916666666666,248.2,0.32475000000000004,361.8,493.4,460.4,53.9,22,23,HEAVY_RAINFALL_ADVISORY,TEMPORAL_DATE_DISTRICT_CONTEXTUAL_LINK,FARM_POINT_COORDINATES,DAILY_DERIVED_HOURLY
2025-10-17,7,Tirunelveli,8.7139,77.7567,24.15833333333333,64.91250000000001,379.9,0.3742916666666667,457.4,765.0,736.4,93.7,35,24,HEAVY_RAINFALL_ADVISORY,TEMPORAL_DATE_DISTRICT_CONTEXTUAL_LINK,FARM_POINT_COORDINATES,DAILY_DERIVED_HOURLY
2025-10-17,8,Villupuram,11.9401,79.4861,24.016666666666666,64.98333333333333,241.0,0.32658333333333334,357.9,585.5,554.5,44.2,17,23,HEAVY_RAINFALL_ADVISORY,TEMPORAL_DATE_DISTRICT_CONTEXTUAL_LINK,FARM_POINT_COORDINATES,DAILY_DERIVED_HOURLY
2025-10-17,9,Erode,11.341,77.7172,23.97083333333333,64.82916666666667,236.9,0.3255,332.8,614.0,589.8,44.1,8,21,HEAVY_RAINFALL_ADVISORY,TEMPORAL_DATE_DISTRICT_CONTEXTUAL_LINK,FARM_POINT_COORDINATES,DAILY_DERIVED_HOURLY
2025-10-17,10,Tiruvarur,10.7708,79.6373,24.141666666666666,64.79583333333333,232.4,0.32095833333333335,232.4,601.3,591.0,43.3,8,19,HEAVY_RAINFALL_ADVISORY,TEMPORAL_DATE_DISTRICT_CONTEXTUAL_LINK,FARM_POINT_COORDINATES,DAILY_DERIVED_HOURLY
2025-10-18,1,Thanjavur,10.787,79.1378,23.925,65.02916666666667,5.1,0.23129166666666667,210.2,358.0,464.4,42.4,1,20,HEAVY_RAINFALL_ADVISORY,TEMPORAL_DATE_DISTRICT_CONTEXTUAL_LINK,FARM_POINT_COORDINATES,DAILY_DERIVED_HOURLY
2025-10-18,2,Cuddalore,11.748,79.7714,23.925,65.35416666666667,5.9,0.22483333333333333,163.1,400.9,552.6,24.2,1,17,HEAVY_RAINFALL_ADVISORY,TEMPORAL_DATE_DISTRICT_CONTEXTUAL_LINK,FARM_POINT_COORDINATES,DAILY_DERIVED_HOURLY
2025-10-18,3,Madurai,9.9252,78.1198,24.0,65.10833333333333,1.2,0.22266666666666668,261.2,506.7,549.4,41.9,1,18,HEAVY_RAINFALL_ADVISORY,TEMPORAL_DATE_DISTRICT_CONTEXTUAL_LINK,FARM_POINT_COORDINATES,DAILY_DERIVED_HOURLY
2025-10-18,4,Nagapattinam,10.7656,79.8424,24.108333333333334,64.96666666666667,12.2,0.23545833333333333,380.5,735.9,754.4,58.8,2,19,HEAVY_RAINFALL_ADVISORY,TEMPORAL_DATE_DISTRICT_CONTEXTUAL_LINK,FARM_POINT_COORDINATES,DAILY_DERIVED_HOURLY
2025-10-18,5,Coimbatore,11.0168,76.9558,23.795833333333334,65.10833333333333,5.4,0.2277916666666667,276.4,611.2,655.7,47.2,1,19,HEAVY_RAINFALL_ADVISORY,TEMPORAL_DATE_DISTRICT_CONTEXTUAL_LINK,FARM_POINT_COORDINATES,DAILY_DERIVED_HOURLY
2025-10-18,6,Tiruchirappalli,10.7905,78.7047,23.895833333333332,65.14999999999999,5.8,0.226125,241.5,483.6,493.4,43.0,3,19,HEAVY_RAINFALL_ADVISORY,TEMPORAL_DATE_DISTRICT_CONTEXTUAL_LINK,FARM_POINT_COORDINATES,DAILY_DERIVED_HOURLY
2025-10-18,7,Tirunelveli,8.7139,77.7567,24.025000000000002,65.0625,2.0999999999999996,0.22016666666666665,374.2,651.0,765.0,48.2,1,23,HEAVY_RAINFALL_ADVISORY,TEMPORAL_DATE_DISTRICT_CONTEXTUAL_LINK,FARM_POINT_COORDINATES,DAILY_DERIVED_HOURLY
2025-10-18,8,Villupuram,11.9401,79.4861,23.995833333333334,65.28750000000001,5.5,0.22570833333333332,237.1,560.2,585.5,34.4,2,20,HEAVY_RAINFALL_ADVISORY,TEMPORAL_DATE_DISTRICT_CONTEXTUAL_LINK,FARM_POINT_COORDINATES,DAILY_DERIVED_HOURLY
2025-10-18,9,Erode,11.341,77.7172,24.03333333333333,64.92083333333333,11.3,0.230125,222.5,520.2,614.0,22.9,1,20,HEAVY_RAINFALL_ADVISORY,TEMPORAL_DATE_DISTRICT_CONTEXTUAL_LINK,FARM_POINT_COORDINATES,DAILY_DERIVED_HOURLY
2025-10-18,10,Tiruvarur,10.7708,79.6373,24.016666666666666,65.2,1.1,0.22533333333333336,221.1,432.6,601.3,28.0,1,18,HEAVY_RAINFALL_ADVISORY,TEMPORAL_DATE_DISTRICT_CONTEXTUAL_LINK,FARM_POINT_COORDINATES,DAILY_DERIVED_HOURLY
2025-10-19,1,Thanjavur,10.787,79.1378,24.025000000000002,64.7625,4.0,0.22491666666666665,7.3,215.3,358.0,3.0,2,4,NO_OFFICIAL_WARNING,TEMPORAL_DATE_DISTRICT_CONTEXTUAL_LINK,FARM_POINT_COORDINATES,DAILY_DERIVED_HOURLY
2025-10-19,2,Cuddalore,11.748,79.7714,24.21666666666667,64.96666666666667,6.3,0.22887500000000002,8.4,169.0,400.9,2.9,2,6,NO_OFFICIAL_WARNING,TEMPORAL_DATE_DISTRICT_CONTEXTUAL_LINK,FARM_POINT_COORDINATES,DAILY_DERIVED_HOURLY
2025-10-19,3,Madurai,9.9252,78.1198,24.045833333333334,65.06666666666666,13.299999999999999,0.22483333333333333,13.3,262.4,506.7,8.6,1,4,NO_OFFICIAL_WARNING,TEMPORAL_DATE_DISTRICT_CONTEXTUAL_LINK,FARM_POINT_COORDINATES,DAILY_DERIVED_HOURLY
2025-10-19,4,Nagapattinam,10.7656,79.8424,23.9375,65.17916666666666,6.1,0.23045833333333332,12.2,385.1,735.9,7.6,1,3,NO_OFFICIAL_WARNING,TEMPORAL_DATE_DISTRICT_CONTEXTUAL_LINK,FARM_POINT_COORDINATES,DAILY_DERIVED_HOURLY
2025-10-19,5,Coimbatore,11.0168,76.9558,23.974999999999998,64.97500000000001,5.9,0.22779166666666664,7.5,281.8,611.2,3.0,2,6,NO_OFFICIAL_WARNING,TEMPORAL_DATE_DISTRICT_CONTEXTUAL_LINK,FARM_POINT_COORDINATES,DAILY_DERIVED_HOURLY
2025-10-19,6,Tiruchirappalli,10.7905,78.7047,24.0125,64.90833333333333,1.0,0.22787500000000002,1.7,243.2,483.6,1.4,1,2,NO_OFFICIAL_WARNING,TEMPORAL_DATE_DISTRICT_CONTEXTUAL_LINK,FARM_POINT_COORDINATES,DAILY_DERIVED_HOURLY
2025-10-19,7,Tirunelveli,8.7139,77.7567,23.9375,64.95833333333333,0.8,0.22341666666666668,2.1,376.3,651.0,0.7,1,5,NO_OFFICIAL_WARNING,TEMPORAL_DATE_DISTRICT_CONTEXTUAL_LINK,FARM_POINT_COORDINATES,DAILY_DERIVED_HOURLY
2025-10-19,8,Villupuram,11.9401,79.4861,23.883333333333336,64.98333333333333,2.6,0.22716666666666666,5.8,242.6,560.2,2.0,1,5,NO_OFFICIAL_WARNING,TEMPORAL_DATE_DISTRICT_CONTEXTUAL_LINK,FARM_POINT_COORDINATES,DAILY_DERIVED_HOURLY
2025-10-19,9,Erode,11.341,77.7172,24.020833333333332,65.48333333333333,5.9,0.22533333333333336,12.0,234.5,520.2,4.8,2,6,NO_OFFICIAL_WARNING,TEMPORAL_DATE_DISTRICT_CONTEXTUAL_LINK,FARM_POINT_COORDINATES,DAILY_DERIVED_HOURLY
2025-10-19,10,Tiruvarur,10.7708,79.6373,24.045833333333334,64.8625,5.2,0.2275,5.2,222.2,432.6,2.2,1,4,NO_OFFICIAL_WARNING,TEMPORAL_DATE_DISTRICT_CONTEXTUAL_LINK,FARM_POINT_COORDINATES,DAILY_DERIVED_HOURLY
2025-10-20,1,Thanjavur,10.787,79.1378,24.083333333333332,65.07916666666667,6.6,0.22712500000000002,7.9,14.7,215.3,3.5,1,5,NO_OFFICIAL_WARNING,TEMPORAL_DATE_DISTRICT_CONTEXTUAL_LINK,FARM_POINT_COORDINATES,DAILY_DERIVED_HOURLY
2025-10-20,2,Cuddalore,11.748,79.7714,23.820833333333336,65.30416666666666,3.0,0.21804166666666666,6.3,13.0,169.0,1.8,1,6,NO_OFFICIAL_WARNING,TEMPORAL_DATE_DISTRICT_CONTEXTUAL_LINK,FARM_POINT_COORDINATES,DAILY_DERIVED_HOURLY
2025-10-20,3,Madurai,9.9252,78.1198,23.8125,64.87916666666666,2.9000000000000004,0.22216666666666665,13.6,16.2,262.4,8.6,1,5,NO_OFFICIAL_WARNING,TEMPORAL_DATE_DISTRICT_CONTEXTUAL_LINK,FARM_POINT_COORDINATES,DAILY_DERIVED_HOURLY
2025-10-20,4,Nagapattinam,10.7656,79.8424,23.979166666666668,64.6125,10.2,0.22829166666666667,11.3,21.2,385.1,3.5,2,7,NO_OFFICIAL_WARNING,TEMPORAL_DATE_DISTRICT_CONTEXTUAL_LINK,FARM_POINT_COORDINATES,DAILY_DERIVED_HOURLY
2025-10-20,5,Coimbatore,11.0168,76.9558,24.05,65.21249999999999,3.9000000000000004,0.23058333333333333,6.0,11.3,281.8,3.0,1,6,NO_OFFICIAL_WARNING,TEMPORAL_DATE_DISTRICT_CONTEXTUAL_LINK,FARM_POINT_COORDINATES,DAILY_DERIVED_HOURLY
2025-10-20,6,Tiruchirappalli,10.7905,78.7047,23.891666666666666,64.83333333333333,2.0999999999999996,0.23216666666666666,2.1,3.2,243.2,1.3,1,2,NO_OFFICIAL_WARNING,TEMPORAL_DATE_DISTRICT_CONTEXTUAL_LINK,FARM_POINT_COORDINATES,DAILY_DERIVED_HOURLY
2025-10-20,7,Tirunelveli,8.7139,77.7567,23.974999999999998,64.75416666666666,6.800000000000001,0.22958333333333333,6.8,7.8,376.3,3.2,2,3,NO_OFFICIAL_WARNING,TEMPORAL_DATE_DISTRICT_CONTEXTUAL_LINK,FARM_POINT_COORDINATES,DAILY_DERIVED_HOURLY
2025-10-20,8,Villupuram,11.9401,79.4861,23.9875,64.8125,9.4,0.22783333333333333,9.4,13.8,242.6,4.3,1,4,NO_OFFICIAL_WARNING,TEMPORAL_DATE_DISTRICT_CONTEXTUAL_LINK,FARM_POINT_COORDINATES,DAILY_DERIVED_HOURLY
2025-10-20,9,Erode,11.341,77.7172,24.03333333333333,65.17083333333333,5.4,0.22620833333333334,7.7,17.2,234.5,2.0,2,7,NO_OFFICIAL_WARNING,TEMPORAL_DATE_DISTRICT_CONTEXTUAL_LINK,FARM_POINT_COORDINATES,DAILY_DERIVED_HOURLY
2025-10-20,10,Tiruvarur,10.7708,79.6373,24.041666666666668,65.05833333333334,1.7,0.22454166666666667,6.3,7.4,222.2,2.2,1,6,NO_OFFICIAL_WARNING,TEMPORAL_DATE_DISTRICT_CONTEXTUAL_LINK,FARM_POINT_COORDINATES,DAILY_DERIVED_HOURLY
2025-10-21,1,Thanjavur,10.787,79.1378,24.120833333333334,64.89999999999999,1.1,0.22145833333333334,6.6,10.7,14.7,3.5,2,3,NO_OFFICIAL_WARNING,TEMPORAL_DATE_DISTRICT_CONTEXTUAL_LINK,FARM_POINT_COORDINATES,DAILY_DERIVED_HOURLY
2025-10-21,2,Cuddalore,11.748,79.7714,24.05,65.0625,4.3,0.23024999999999998,4.3,10.1,13.0,2.5,1,4,NO_OFFICIAL_WARNING,TEMPORAL_DATE_DISTRICT_CONTEXTUAL_LINK,FARM_POINT_COORDINATES,DAILY_DERIVED_HOURLY
2025-10-21,3,Madurai,9.9252,78.1198,24.004166666666666,64.9375,8.1,0.22275,10.7,24.3,16.2,4.1,1,5,NO_OFFICIAL_WARNING,TEMPORAL_DATE_DISTRICT_CONTEXTUAL_LINK,FARM_POINT_COORDINATES,DAILY_DERIVED_HOURLY
2025-10-21,4,Nagapattinam,10.7656,79.8424,23.979166666666668,64.99166666666666,4.1,0.23091666666666666,7.6,18.1,21.2,3.1,2,6,NO_OFFICIAL_WARNING,TEMPORAL_DATE_DISTRICT_CONTEXTUAL_LINK,FARM_POINT_COORDINATES,DAILY_DERIVED_HOURLY
2025-10-21,5,Coimbatore,11.0168,76.9558,24.09583333333333,64.67916666666666,0.0,0.23087500000000002,3.9,9.8,11.3,2.6,0,3,NO_OFFICIAL_WARNING,TEMPORAL_DATE_DISTRICT_CONTEXTUAL_LINK,FARM_POINT_COORDINATES,DAILY_DERIVED_HOURLY
2025-10-21,6,Tiruchirappalli,10.7905,78.7047,23.933333333333334,64.9875,2.5,0.2225,3.5,4.6,3.2,1.8,1,3,NO_OFFICIAL_WARNING,TEMPORAL_DATE_DISTRICT_CONTEXTUAL_LINK,FARM_POINT_COORDINATES,DAILY_DERIVED_HOURLY
2025-10-21,7,Tirunelveli,8.7139,77.7567,24.09583333333333,65.28333333333333,7.300000000000001,0.22529166666666667,10.5,14.1,7.8,3.2,1,5,NO_OFFICIAL_WARNING,TEMPORAL_DATE_DISTRICT_CONTEXTUAL_LINK,FARM_POINT_COORDINATES,DAILY_DERIVED_HOURLY
2025-10-21,8,Villupuram,11.9401,79.4861,24.008333333333336,64.875,1.6,0.22758333333333333,9.5,12.0,13.8,4.3,1,4,NO_OFFICIAL_WARNING,TEMPORAL_DATE_DISTRICT_CONTEXTUAL_LINK,FARM_POINT_COORDINATES,DAILY_DERIVED_HOURLY
2025-10-21,9,Erode,11.341,77.7172,23.870833333333334,64.77083333333333,2.0,0.22358333333333333,7.4,10.6,17.2,2.0,2,8,NO_OFFICIAL_WARNING,TEMPORAL_DATE_DISTRICT_CONTEXTUAL_LINK,FARM_POINT_COORDINATES,DAILY_DERIVED_HOURLY
2025-10-21,10,Tiruvarur,10.7708,79.6373,24.004166666666666,64.68333333333334,9.7,0.23095833333333335,9.7,11.6,7.4,3.5,3,6,NO_OFFICIAL_WARNING,TEMPORAL_DATE_DISTRICT_CONTEXTUAL_LINK,FARM_POINT_COORDINATES,DAILY_DERIVED_HOURLY
2025-10-22,1,Thanjavur,10.787,79.1378,24.09583333333333,64.93333333333334,6.8,0.22879166666666664,6.8,7.9,10.7,2.4,1,5,NO_OFFICIAL_WARNING,TEMPORAL_DATE_DISTRICT_CONTEXTUAL_LINK,FARM_POINT_COORDINATES,DAILY_DERIVED_HOURLY
2025-10-22,2,Cuddalore,11.748,79.7714,23.974999999999998,65.52083333333333,6.0,0.22716666666666666,6.0,10.3,10.1,3.9,2,5,NO_OFFICIAL_WARNING,TEMPORAL_DATE_DISTRICT_CONTEXTUAL_LINK,FARM_POINT_COORDINATES,DAILY_DERIVED_HOURLY
2025-10-22,3,Madurai,9.9252,78.1198,24.016666666666666,65.14583333333333,3.6999999999999997,0.23129166666666667,8.1,14.4,24.3,4.1,2,4,NO_OFFICIAL_WARNING,TEMPORAL_DATE_DISTRICT_CONTEXTUAL_LINK,FARM_POINT_COORDINATES,DAILY_DERIVED_HOURLY
2025-10-22,4,Nagapattinam,10.7656,79.8424,23.945833333333336,64.95,4.5,0.23124999999999998,6.2,13.5,18.1,2.4,2,7,NO_OFFICIAL_WARNING,TEMPORAL_DATE_DISTRICT_CONTEXTUAL_LINK,FARM_POINT_COORDINATES,DAILY_DERIVED_HOURLY
2025-10-22,5,Coimbatore,11.0168,76.9558,24.15833333333333,65.29583333333333,0.1,0.228,0.1,3.9,9.8,0.1,0,0,NO_OFFICIAL_WARNING,TEMPORAL_DATE_DISTRICT_CONTEXTUAL_LINK,FARM_POINT_COORDINATES,DAILY_DERIVED_HOURLY
2025-10-22,6,Tiruchirappalli,10.7905,78.7047,23.974999999999998,65.16250000000001,2.1,0.22279166666666664,4.2,5.9,4.6,2.0,1,3,NO_OFFICIAL_WARNING,TEMPORAL_DATE_DISTRICT_CONTEXTUAL_LINK,FARM_POINT_COORDINATES,DAILY_DERIVED_HOURLY
2025-10-22,7,Tirunelveli,8.7139,77.7567,23.84583333333333,64.75,5.0,0.2314166666666667,9.0,15.6,14.1,5.0,1,3,NO_OFFICIAL_WARNING,TEMPORAL_DATE_DISTRICT_CONTEXTUAL_LINK,FARM_POINT_COORDINATES,DAILY_DERIVED_HOURLY
2025-10-22,8,Villupuram,11.9401,79.4861,24.083333333333332,65.19583333333334,1.6,0.22845833333333332,3.1,11.0,12.0,1.5,1,4,NO_OFFICIAL_WARNING,TEMPORAL_DATE_DISTRICT_CONTEXTUAL_LINK,FARM_POINT_COORDINATES,DAILY_DERIVED_HOURLY
2025-10-22,9,Erode,11.341,77.7172,24.03333333333333,64.98333333333333,0.2,0.2225,2.0,7.4,10.6,0.9,1,3,NO_OFFICIAL_WARNING,TEMPORAL_DATE_DISTRICT_CONTEXTUAL_LINK,FARM_POINT_COORDINATES,DAILY_DERIVED_HOURLY
2025-10-22,10,Tiruvarur,10.7708,79.6373,24.0,64.92916666666666,0.8,0.22695833333333335,9.7,11.4,11.6,3.5,1,6,NO_OFFICIAL_WARNING,TEMPORAL_DATE_DISTRICT_CONTEXTUAL_LINK,FARM_POINT_COORDINATES,DAILY_DERIVED_HOURLY
2025-10-23,1,Thanjavur,10.787,79.1378,23.9875,64.89583333333333,13.5,0.23408333333333334,16.3,20.3,7.9,3.3,4,11,NO_OFFICIAL_WARNING,TEMPORAL_DATE_DISTRICT_CONTEXTUAL_LINK,FARM_POINT_COORDINATES,DAILY_DERIVED_HOURLY
2025-10-23,2,Cuddalore,11.748,79.7714,24.058333333333334,65.10833333333333,12.6,0.23166666666666666,13.1,18.6,10.3,9.7,1,6,NO_OFFICIAL_WARNING,TEMPORAL_DATE_DISTRICT_CONTEXTUAL_LINK,FARM_POINT_COORDINATES,DAILY_DERIVED_HOURLY
2025-10-23,3,Madurai,9.9252,78.1198,24.075,65.02499999999999,3.1,0.23166666666666666,4.2,11.8,14.4,2.3,1,4,NO_OFFICIAL_WARNING,TEMPORAL_DATE_DISTRICT_CONTEXTUAL_LINK,FARM_POINT_COORDINATES,DAILY_DERIVED_HOURLY
2025-10-23,4,Nagapattinam,10.7656,79.8424,24.129166666666666,64.80833333333334,4.3,0.22520833333333334,4.7,9.7,13.5,2.4,2,7,NO_OFFICIAL_WARNING,TEMPORAL_DATE_DISTRICT_CONTEXTUAL_LINK,FARM_POINT_COORDINATES,DAILY_DERIVED_HOURLY
2025-10-23,5,Coimbatore,11.0168,76.9558,23.77916666666667,64.52916666666667,2.8,0.22283333333333333,2.8,2.9,3.9,1.8,2,3,NO_OFFICIAL_WARNING,TEMPORAL_DATE_DISTRICT_CONTEXTUAL_LINK,FARM_POINT_COORDINATES,DAILY_DERIVED_HOURLY
2025-10-23,6,Tiruchirappalli,10.7905,78.7047,24.058333333333334,64.97083333333333,7.8,0.2305,8.1,12.0,5.9,2.6,2,4,NO_OFFICIAL_WARNING,TEMPORAL_DATE_DISTRICT_CONTEXTUAL_LINK,FARM_POINT_COORDINATES,DAILY_DERIVED_HOURLY
2025-10-23,7,Tirunelveli,8.7139,77.7567,23.958333333333332,65.075,12.5,0.22279166666666664,12.5,17.5,15.6,5.0,1,5,NO_OFFICIAL_WARNING,TEMPORAL_DATE_DISTRICT_CONTEXTUAL_LINK,FARM_POINT_COORDINATES,DAILY_DERIVED_HOURLY
2025-10-23,8,Villupuram,11.9401,79.4861,23.933333333333334,65.0625,6.9,0.22641666666666668,6.9,8.5,11.0,2.6,1,5,NO_OFFICIAL_WARNING,TEMPORAL_DATE_DISTRICT_CONTEXTUAL_LINK,FARM_POINT_COORDINATES,DAILY_DERIVED_HOURLY
2025-10-23,9,Erode,11.341,77.7172,23.9375,65.02499999999999,5.4,0.22287500000000002,5.6,5.6,7.4,3.7,1,4,NO_OFFICIAL_WARNING,TEMPORAL_DATE_DISTRICT_CONTEXTUAL_LINK,FARM_POINT_COORDINATES,DAILY_DERIVED_HOURLY
2025-10-23,10,Tiruvarur,10.7708,79.6373,24.0,65.09166666666667,5.7,0.22845833333333332,5.7,10.5,11.4,2.1,1,4,NO_OFFICIAL_WARNING,TEMPORAL_DATE_DISTRICT_CONTEXTUAL_LINK,FARM_POINT_COORDINATES,DAILY_DERIVED_HOURLY
2025-10-24,1,Thanjavur,10.787,79.1378,23.933333333333334,64.79583333333333,2.5,0.22529166666666667,11.6,21.9,20.3,3.3,1,8,NO_OFFICIAL_WARNING,TEMPORAL_DATE_DISTRICT_CONTEXTUAL_LINK,FARM_POINT_COORDINATES,DAILY_DERIVED_HOURLY
2025-10-24,2,Cuddalore,11.748,79.7714,23.866666666666664,64.91250000000001,1.1,0.22554166666666667,12.6,18.6,18.6,9.7,2,2,NO_OFFICIAL_WARNING,TEMPORAL_DATE_DISTRICT_CONTEXTUAL_LINK,FARM_POINT_COORDINATES,DAILY_DERIVED_HOURLY
2025-10-24,3,Madurai,9.9252,78.1198,23.974999999999998,64.83333333333333,1.0,0.227375,4.1,6.9,11.8,1.6,1,4,NO_OFFICIAL_WARNING,TEMPORAL_DATE_DISTRICT_CONTEXTUAL_LINK,FARM_POINT_COORDINATES,DAILY_DERIVED_HOURLY
2025-10-24,4,Nagapattinam,10.7656,79.8424,24.054166666666664,65.02083333333333,0.5,0.227625,4.3,7.6,9.7,1.1,1,7,NO_OFFICIAL_WARNING,TEMPORAL_DATE_DISTRICT_CONTEXTUAL_LINK,FARM_POINT_COORDINATES,DAILY_DERIVED_HOURLY
2025-10-24,5,Coimbatore,11.0168,76.9558,24.008333333333336,65.08333333333333,5.0,0.23270833333333332,5.0,7.8,2.9,1.8,1,6,NO_OFFICIAL_WARNING,TEMPORAL_DATE_DISTRICT_CONTEXTUAL_LINK,FARM_POINT_COORDINATES,DAILY_DERIVED_HOURLY
2025-10-24,6,Tiruchirappalli,10.7905,78.7047,23.991666666666664,64.90416666666667,2.5,0.22683333333333333,7.8,10.8,12.0,2.6,1,4,NO_OFFICIAL_WARNING,TEMPORAL_DATE_DISTRICT_CONTEXTUAL_LINK,FARM_POINT_COORDINATES,DAILY_DERIVED_HOURLY
2025-10-24,7,Tirunelveli,8.7139,77.7567,23.879166666666666,64.98333333333333,6.0,0.23166666666666666,10.9,18.5,17.5,4.3,2,6,NO_OFFICIAL_WARNING,TEMPORAL_DATE_DISTRICT_CONTEXTUAL_LINK,FARM_POINT_COORDINATES,DAILY_DERIVED_HOURLY
2025-10-24,8,Villupuram,11.9401,79.4861,24.054166666666664,65.1125,3.3,0.22558333333333333,9.5,11.1,8.5,2.6,1,7,NO_OFFICIAL_WARNING,TEMPORAL_DATE_DISTRICT_CONTEXTUAL_LINK,FARM_POINT_COORDINATES,DAILY_DERIVED_HOURLY
2025-10-24,9,Erode,11.341,77.7172,24.129166666666666,65.22916666666667,15.1,0.23154166666666667,16.1,20.7,5.6,8.6,1,6,NO_OFFICIAL_WARNING,TEMPORAL_DATE_DISTRICT_CONTEXTUAL_LINK,FARM_POINT_COORDINATES,DAILY_DERIVED_HOURLY
2025-10-24,10,Tiruvarur,10.7708,79.6373,23.945833333333336,65.02916666666667,3.2,0.23170833333333332,8.7,9.7,10.5,2.1,3,6,NO_OFFICIAL_WARNING,TEMPORAL_DATE_DISTRICT_CONTEXTUAL_LINK,FARM_POINT_COORDINATES,DAILY_DERIVED_HOURLY
2025-10-25,1,Thanjavur,10.787,79.1378,23.97083333333333,64.89583333333333,0.6,0.227625,2.5,13.5,21.9,1.6,1,3,NO_OFFICIAL_WARNING,TEMPORAL_DATE_DISTRICT_CONTEXTUAL_LINK,FARM_POINT_COORDINATES,DAILY_DERIVED_HOURLY
2025-10-25,2,Cuddalore,11.748,79.7714,24.083333333333332,64.76666666666667,20.0,0.230125,20.0,21.1,18.6,6.7,1,7,NO_OFFICIAL_WARNING,TEMPORAL_DATE_DISTRICT_CONTEXTUAL_LINK,FARM_POINT_COORDINATES,DAILY_DERIVED_HOURLY
2025-10-25,3,Madurai,9.9252,78.1198,23.962500000000002,65.3125,7.0,0.22575,7.0,11.1,6.9,4.5,1,3,NO_OFFICIAL_WARNING,TEMPORAL_DATE_DISTRICT_CONTEXTUAL_LINK,FARM_POINT_COORDINATES,DAILY_DERIVED_HOURLY
2025-10-25,4,Nagapattinam,10.7656,79.8424,23.958333333333332,64.96249999999999,8.2,0.22820833333333335,8.2,8.7,7.6,3.2,2,7,NO_OFFICIAL_WARNING,TEMPORAL_DATE_DISTRICT_CONTEXTUAL_LINK,FARM_POINT_COORDINATES,DAILY_DERIVED_HOURLY
2025-10-25,5,Coimbatore,11.0168,76.9558,24.004166666666666,65.05416666666666,10.0,0.22620833333333334,10.2,15.0,7.8,3.0,4,7,NO_OFFICIAL_WARNING,TEMPORAL_DATE_DISTRICT_CONTEXTUAL_LINK,FARM_POINT_COORDINATES,DAILY_DERIVED_HOURLY
2025-10-25,6,Tiruchirappalli,10.7905,78.7047,23.912499999999998,64.87083333333334,12.100000000000001,0.23324999999999999,12.1,14.6,10.8,5.9,1,5,NO_OFFICIAL_WARNING,TEMPORAL_DATE_DISTRICT_CONTEXTUAL_LINK,FARM_POINT_COORDINATES,DAILY_DERIVED_HOURLY
2025-10-25,7,Tirunelveli,8.7139,77.7567,23.900000000000002,64.97500000000001,10.0,0.22845833333333332,10.0,18.9,18.5,5.3,1,7,NO_OFFICIAL_WARNING,TEMPORAL_DATE_DISTRICT_CONTEXTUAL_LINK,FARM_POINT_COORDINATES,DAILY_DERIVED_HOURLY
2025-10-25,8,Villupuram,11.9401,79.4861,24.15416666666667,65.01666666666667,1.9,0.23029166666666667,5.0,12.1,11.1,2.4,1,3,NO_OFFICIAL_WARNING,TEMPORAL_DATE_DISTRICT_CONTEXTUAL_LINK,FARM_POINT_COORDINATES,DAILY_DERIVED_HOURLY
2025-10-25,9,Erode,11.341,77.7172,24.2,65.17083333333333,6.8,0.226625,19.5,21.9,20.7,8.6,1,5,NO_OFFICIAL_WARNING,TEMPORAL_DATE_DISTRICT_CONTEXTUAL_LINK,FARM_POINT_COORDINATES,DAILY_DERIVED_HOURLY
2025-10-25,10,Tiruvarur,10.7708,79.6373,24.099999999999998,65.1375,5.9,0.22604166666666667,5.9,10.6,9.7,4.0,1,5,NO_OFFICIAL_WARNING,TEMPORAL_DATE_DISTRICT_CONTEXTUAL_LINK,FARM_POINT_COORDINATES,DAILY_DERIVED_HOURLY
2025-10-26,1,Thanjavur,10.787,79.1378,24.045833333333334,64.96249999999999,2.4000000000000004,0.226375,2.4,3.1,13.5,1.1,1,3,NO_OFFICIAL_WARNING,TEMPORAL_DATE_DISTRICT_CONTEXTUAL_LINK,FARM_POINT_COORDINATES,DAILY_DERIVED_HOURLY
2025-10-26,2,Cuddalore,11.748,79.7714,23.84166666666667,64.96249999999999,0.4,0.22316666666666665,18.6,21.5,21.1,6.7,1,6,NO_OFFICIAL_WARNING,TEMPORAL_DATE_DISTRICT_CONTEXTUAL_LINK,FARM_POINT_COORDINATES,DAILY_DERIVED_HOURLY
2025-10-26,3,Madurai,9.9252,78.1198,24.095833333333335,64.77499999999999,1.7,0.221625,7.0,8.7,11.1,4.5,1,3,NO_OFFICIAL_WARNING,TEMPORAL_DATE_DISTRICT_CONTEXTUAL_LINK,FARM_POINT_COORDINATES,DAILY_DERIVED_HOURLY
2025-10-26,4,Nagapattinam,10.7656,79.8424,23.870833333333334,64.86666666666666,0.6,0.22587500000000002,8.2,8.9,8.7,3.2,1,7,NO_OFFICIAL_WARNING,TEMPORAL_DATE_DISTRICT_CONTEXTUAL_LINK,FARM_POINT_COORDINATES,DAILY_DERIVED_HOURLY
2025-10-26,5,Coimbatore,11.0168,76.9558,23.97083333333333,64.84166666666667,2.7,0.22820833333333335,11.0,15.0,15.0,3.0,1,7,NO_OFFICIAL_WARNING,TEMPORAL_DATE_DISTRICT_CONTEXTUAL_LINK,FARM_POINT_COORDINATES,DAILY_DERIVED_HOURLY
2025-10-26,6,Tiruchirappalli,10.7905,78.7047,23.90833333333333,65.02083333333333,5.1,0.227,15.6,19.1,14.6,5.9,2,6,NO_OFFICIAL_WARNING,TEMPORAL_DATE_DISTRICT_CONTEXTUAL_LINK,FARM_POINT_COORDINATES,DAILY_DERIVED_HOURLY
2025-10-26,7,Tirunelveli,8.7139,77.7567,23.900000000000002,64.75833333333334,7.300000000000001,0.2304166666666667,13.3,20.8,18.9,5.3,2,6,NO_OFFICIAL_WARNING,TEMPORAL_DATE_DISTRICT_CONTEXTUAL_LINK,FARM_POINT_COORDINATES,DAILY_DERIVED_HOURLY
2025-10-26,8,Villupuram,11.9401,79.4861,23.974999999999998,65.15833333333333,2.9000000000000004,0.23099999999999998,2.9,5.5,12.1,2.7,1,2,NO_OFFICIAL_WARNING,TEMPORAL_DATE_DISTRICT_CONTEXTUAL_LINK,FARM_POINT_COORDINATES,DAILY_DERIVED_HOURLY
2025-10-26,9,Erode,11.341,77.7172,24.05,64.97083333333333,1.1,0.2197916666666667,6.8,21.9,21.9,5.3,1,3,NO_OFFICIAL_WARNING,TEMPORAL_DATE_DISTRICT_CONTEXTUAL_LINK,FARM_POINT_COORDINATES,DAILY_DERIVED_HOURLY
2025-10-26,10,Tiruvarur,10.7708,79.6373,23.84583333333333,64.83333333333333,2.5,0.22491666666666665,5.4,9.1,10.6,4.0,1,4,NO_OFFICIAL_WARNING,TEMPORAL_DATE_DISTRICT_CONTEXTUAL_LINK,FARM_POINT_COORDINATES,DAILY_DERIVED_HOURLY
2025-10-27,1,Thanjavur,10.787,79.1378,23.912499999999998,64.83749999999999,8.5,0.229625,8.5,10.9,3.1,5.0,1,3,NO_OFFICIAL_WARNING,TEMPORAL_DATE_DISTRICT_CONTEXTUAL_LINK,FARM_POINT_COORDINATES,DAILY_DERIVED_HOURLY
2025-10-27,2,Cuddalore,11.748,79.7714,24.1875,65.1875,1.3,0.232125,1.7,19.3,21.5,1.0,1,3,NO_OFFICIAL_WARNING,TEMPORAL_DATE_DISTRICT_CONTEXTUAL_LINK,FARM_POINT_COORDINATES,DAILY_DERIVED_HOURLY
2025-10-27,3,Madurai,9.9252,78.1198,24.079166666666666,64.94166666666666,4.3,0.23095833333333335,5.1,10.9,8.7,2.2,1,5,NO_OFFICIAL_WARNING,TEMPORAL_DATE_DISTRICT_CONTEXTUAL_LINK,FARM_POINT_COORDINATES,DAILY_DERIVED_HOURLY
2025-10-27,4,Nagapattinam,10.7656,79.8424,24.179166666666664,65.08333333333333,4.6,0.22745833333333332,5.2,12.5,8.9,1.9,2,5,NO_OFFICIAL_WARNING,TEMPORAL_DATE_DISTRICT_CONTEXTUAL_LINK,FARM_POINT_COORDINATES,DAILY_DERIVED_HOURLY
2025-10-27,5,Coimbatore,11.0168,76.9558,23.90833333333333,64.70833333333333,2.8,0.22924999999999998,3.6,13.6,15.0,1.6,1,4,NO_OFFICIAL_WARNING,TEMPORAL_DATE_DISTRICT_CONTEXTUAL_LINK,FARM_POINT_COORDINATES,DAILY_DERIVED_HOURLY
2025-10-27,6,Tiruchirappalli,10.7905,78.7047,24.150000000000002,65.18333333333334,5.6,0.230125,7.2,17.2,19.1,3.4,1,3,NO_OFFICIAL_WARNING,TEMPORAL_DATE_DISTRICT_CONTEXTUAL_LINK,FARM_POINT_COORDINATES,DAILY_DERIVED_HOURLY
2025-10-27,7,Tirunelveli,8.7139,77.7567,24.025000000000002,64.71666666666667,6.4,0.22866666666666666,10.7,19.0,20.8,3.0,1,6,NO_OFFICIAL_WARNING,TEMPORAL_DATE_DISTRICT_CONTEXTUAL_LINK,FARM_POINT_COORDINATES,DAILY_DERIVED_HOURLY
2025-10-27,8,Villupuram,11.9401,79.4861,24.099999999999998,65.14583333333333,5.1,0.22929166666666667,7.8,8.0,5.5,2.8,1,4,NO_OFFICIAL_WARNING,TEMPORAL_DATE_DISTRICT_CONTEXTUAL_LINK,FARM_POINT_COORDINATES,DAILY_DERIVED_HOURLY
2025-10-27,9,Erode,11.341,77.7172,23.962500000000002,65.17916666666666,3.8000000000000003,0.2275,4.2,10.9,21.9,3.1,1,3,NO_OFFICIAL_WARNING,TEMPORAL_DATE_DISTRICT_CONTEXTUAL_LINK,FARM_POINT_COORDINATES,DAILY_DERIVED_HOURLY
2025-10-27,10,Tiruvarur,10.7708,79.6373,23.95,65.08749999999999,0.2,0.222375,2.7,8.0,9.1,1.7,1,3,NO_OFFICIAL_WARNING,TEMPORAL_DATE_DISTRICT_CONTEXTUAL_LINK,FARM_POINT_COORDINATES,DAILY_DERIVED_HOURLY
2025-10-28,1,Thanjavur,10.787,79.1378,24.0125,64.78750000000001,1.3,0.22533333333333336,9.7,11.2,10.9,5.0,1,5,NO_OFFICIAL_WARNING,TEMPORAL_DATE_DISTRICT_CONTEXTUAL_LINK,FARM_POINT_COORDINATES,DAILY_DERIVED_HOURLY
2025-10-28,2,Cuddalore,11.748,79.7714,24.004166666666666,65.10833333333333,8.299999999999999,0.23104166666666667,8.3,9.6,19.3,1.9,4,7,NO_OFFICIAL_WARNING,TEMPORAL_DATE_DISTRICT_CONTEXTUAL_LINK,FARM_POINT_COORDINATES,DAILY_DERIVED_HOURLY
2025-10-28,3,Madurai,9.9252,78.1198,24.041666666666668,65.10000000000001,1.5,0.22529166666666667,2.3,6.0,10.9,1.4,1,3,NO_OFFICIAL_WARNING,TEMPORAL_DATE_DISTRICT_CONTEXTUAL_LINK,FARM_POINT_COORDINATES,DAILY_DERIVED_HOURLY
2025-10-28,4,Nagapattinam,10.7656,79.8424,24.291666666666668,64.60833333333333,4.8,0.230125,4.8,9.4,12.5,1.9,2,5,NO_OFFICIAL_WARNING,TEMPORAL_DATE_DISTRICT_CONTEXTUAL_LINK,FARM_POINT_COORDINATES,DAILY_DERIVED_HOURLY
2025-10-28,5,Coimbatore,11.0168,76.9558,23.916666666666668,65.08333333333333,6.699999999999999,0.23429166666666668,7.0,9.5,13.6,3.6,2,6,NO_OFFICIAL_WARNING,TEMPORAL_DATE_DISTRICT_CONTEXTUAL_LINK,FARM_POINT_COORDINATES,DAILY_DERIVED_HOURLY
2025-10-28,6,Tiruchirappalli,10.7905,78.7047,24.087500000000002,64.8,8.0,0.23199999999999998,8.0,13.6,17.2,4.6,1,5,NO_OFFICIAL_WARNING,TEMPORAL_DATE_DISTRICT_CONTEXTUAL_LINK,FARM_POINT_COORDINATES,DAILY_DERIVED_HOURLY
2025-10-28,7,Tirunelveli,8.7139,77.7567,23.895833333333332,65.14583333333333,8.7,0.23004166666666667,8.7,16.1,19.0,2.9,1,5,NO_OFFICIAL_WARNING,TEMPORAL_DATE_DISTRICT_CONTEXTUAL_LINK,FARM_POINT_COORDINATES,DAILY_DERIVED_HOURLY
2025-10-28,8,Villupuram,11.9401,79.4861,23.974999999999998,64.95416666666667,2.5,0.22966666666666666,5.1,10.5,8.0,2.8,1,5,NO_OFFICIAL_WARNING,TEMPORAL_DATE_DISTRICT_CONTEXTUAL_LINK,FARM_POINT_COORDINATES,DAILY_DERIVED_HOURLY
2025-10-28,9,Erode,11.341,77.7172,23.941666666666666,64.83333333333333,4.2,0.23416666666666666,6.9,9.1,10.9,3.1,1,5,NO_OFFICIAL_WARNING,TEMPORAL_DATE_DISTRICT_CONTEXTUAL_LINK,FARM_POINT_COORDINATES,DAILY_DERIVED_HOURLY
2025-10-28,10,Tiruvarur,10.7708,79.6373,24.129166666666666,65.03750000000001,0.0,0.22720833333333335,0.2,2.7,8.0,0.2,0,1,NO_OFFICIAL_WARNING,TEMPORAL_DATE_DISTRICT_CONTEXTUAL_LINK,FARM_POINT_COORDINATES,DAILY_DERIVED_HOURLY
2025-10-29,1,Thanjavur,10.787,79.1378,24.075,65.02916666666667,6.1,0.22304166666666667,6.1,11.2,11.2,3.1,2,3,NO_OFFICIAL_WARNING,TEMPORAL_DATE_DISTRICT_CONTEXTUAL_LINK,FARM_POINT_COORDINATES,DAILY_DERIVED_HOURLY
2025-10-29,2,Cuddalore,11.748,79.7714,23.866666666666664,65.375,11.0,0.229375,13.1,19.3,9.6,5.6,1,7,NO_OFFICIAL_WARNING,TEMPORAL_DATE_DISTRICT_CONTEXTUAL_LINK,FARM_POINT_COORDINATES,DAILY_DERIVED_HOURLY
2025-10-29,3,Madurai,9.9252,78.1198,23.995833333333334,65.04166666666667,12.0,0.2323333333333333,13.0,13.9,6.0,5.2,2,7,NO_OFFICIAL_WARNING,TEMPORAL_DATE_DISTRICT_CONTEXTUAL_LINK,FARM_POINT_COORDINATES,DAILY_DERIVED_HOURLY
2025-10-29,4,Nagapattinam,10.7656,79.8424,24.070833333333336,64.7625,4.4,0.22870833333333332,6.7,9.4,9.4,1.9,1,6,NO_OFFICIAL_WARNING,TEMPORAL_DATE_DISTRICT_CONTEXTUAL_LINK,FARM_POINT_COORDINATES,DAILY_DERIVED_HOURLY
2025-10-29,5,Coimbatore,11.0168,76.9558,24.03333333333333,64.89999999999999,6.1000000000000005,0.228125,7.1,13.1,9.5,4.3,1,5,NO_OFFICIAL_WARNING,TEMPORAL_DATE_DISTRICT_CONTEXTUAL_LINK,FARM_POINT_COORDINATES,DAILY_DERIVED_HOURLY
2025-10-29,6,Tiruchirappalli,10.7905,78.7047,24.041666666666668,65.16666666666667,8.5,0.22687500000000002,8.7,16.5,13.6,4.6,3,5,NO_OFFICIAL_WARNING,TEMPORAL_DATE_DISTRICT_CONTEXTUAL_LINK,FARM_POINT_COORDINATES,DAILY_DERIVED_HOURLY
2025-10-29,7,Tirunelveli,8.7139,77.7567,23.995833333333334,65.07083333333334,0.8,0.22779166666666664,8.7,15.1,16.1,2.9,1,4,NO_OFFICIAL_WARNING,TEMPORAL_DATE_DISTRICT_CONTEXTUAL_LINK,FARM_POINT_COORDINATES,DAILY_DERIVED_HOURLY
2025-10-29,8,Villupuram,11.9401,79.4861,24.008333333333336,65.16666666666667,4.5,0.22745833333333335,4.5,7.6,10.5,3.4,1,4,NO_OFFICIAL_WARNING,TEMPORAL_DATE_DISTRICT_CONTEXTUAL_LINK,FARM_POINT_COORDINATES,DAILY_DERIVED_HOURLY
2025-10-29,9,Erode,11.341,77.7172,24.179166666666664,64.90833333333333,10.6,0.22416666666666665,10.6,15.1,9.1,3.9,2,5,NO_OFFICIAL_WARNING,TEMPORAL_DATE_DISTRICT_CONTEXTUAL_LINK,FARM_POINT_COORDINATES,DAILY_DERIVED_HOURLY
2025-10-29,10,Tiruvarur,10.7708,79.6373,23.9375,65.15416666666667,4.0,0.22295833333333334,4.0,4.2,2.7,2.8,1,2,NO_OFFICIAL_WARNING,TEMPORAL_DATE_DISTRICT_CONTEXTUAL_LINK,FARM_POINT_COORDINATES,DAILY_DERIVED_HOURLY
2025-10-30,1,Thanjavur,10.787,79.1378,24.016666666666666,65.35000000000001,1.7,0.22475,7.8,8.8,11.2,3.1,1,4,NO_OFFICIAL_WARNING,TEMPORAL_DATE_DISTRICT_CONTEXTUAL_LINK,FARM_POINT_COORDINATES,DAILY_DERIVED_HOURLY
2025-10-30,2,Cuddalore,11.748,79.7714,23.97083333333333,65.10000000000001,4.7,0.22333333333333336,11.0,22.3,19.3,5.6,2,4,NO_OFFICIAL_WARNING,TEMPORAL_DATE_DISTRICT_CONTEXTUAL_LINK,FARM_POINT_COORDINATES,DAILY_DERIVED_HOURLY
2025-10-30,3,Madurai,9.9252,78.1198,24.075,64.99583333333334,2.6,0.22454166666666667,12.0,15.6,13.9,5.2,1,6,NO_OFFICIAL_WARNING,TEMPORAL_DATE_DISTRICT_CONTEXTUAL_LINK,FARM_POINT_COORDINATES,DAILY_DERIVED_HOURLY
2025-10-30,4,Nagapattinam,10.7656,79.8424,23.941666666666666,64.92916666666666,1.9,0.22604166666666667,4.4,9.2,9.4,1.9,1,4,NO_OFFICIAL_WARNING,TEMPORAL_DATE_DISTRICT_CONTEXTUAL_LINK,FARM_POINT_COORDINATES,DAILY_DERIVED_HOURLY
2025-10-30,5,Coimbatore,11.0168,76.9558,23.929166666666664,64.97916666666667,0.7,0.22616666666666665,6.1,12.9,13.1,4.3,1,4,NO_OFFICIAL_WARNING,TEMPORAL_DATE_DISTRICT_CONTEXTUAL_LINK,FARM_POINT_COORDINATES,DAILY_DERIVED_HOURLY
2025-10-30,6,Tiruchirappalli,10.7905,78.7047,23.941666666666666,64.99166666666666,4.199999999999999,0.22866666666666666,12.0,18.7,16.5,3.9,1,5,NO_OFFICIAL_WARNING,TEMPORAL_DATE_DISTRICT_CONTEXTUAL_LINK,FARM_POINT_COORDINATES,DAILY_DERIVED_HOURLY
2025-10-30,7,Tirunelveli,8.7139,77.7567,24.02916666666667,65.00833333333334,10.7,0.22658333333333333,10.7,12.0,15.1,4.7,3,8,NO_OFFICIAL_WARNING,TEMPORAL_DATE_DISTRICT_CONTEXTUAL_LINK,FARM_POINT_COORDINATES,DAILY_DERIVED_HOURLY
2025-10-30,8,Villupuram,11.9401,79.4861,23.933333333333334,65.0625,1.9,0.2214583333333333,5.6,7.8,7.6,3.4,1,6,NO_OFFICIAL_WARNING,TEMPORAL_DATE_DISTRICT_CONTEXTUAL_LINK,FARM_POINT_COORDINATES,DAILY_DERIVED_HOURLY
2025-10-30,9,Erode,11.341,77.7172,24.0,65.0125,7.9,0.22745833333333332,13.1,18.5,15.1,4.4,2,7,NO_OFFICIAL_WARNING,TEMPORAL_DATE_DISTRICT_CONTEXTUAL_LINK,FARM_POINT_COORDINATES,DAILY_DERIVED_HOURLY
2025-10-30,10,Tiruvarur,10.7708,79.6373,23.962500000000002,65.41250000000001,4.7,0.22991666666666666,5.4,8.7,4.2,2.8,1,3,NO_OFFICIAL_WARNING,TEMPORAL_DATE_DISTRICT_CONTEXTUAL_LINK,FARM_POINT_COORDINATES,DAILY_DERIVED_HOURLY
2025-10-31,1,Thanjavur,10.787,79.1378,23.925,65.02499999999999,3.0,0.22945833333333332,3.0,8.7,8.8,2.3,2,3,NO_OFFICIAL_WARNING,TEMPORAL_DATE_DISTRICT_CONTEXTUAL_LINK,FARM_POINT_COORDINATES,DAILY_DERIVED_HOURLY
2025-10-31,2,Cuddalore,11.748,79.7714,23.90416666666667,64.86666666666666,2.2,0.22387500000000002,4.7,15.7,22.3,2.1,1,3,NO_OFFICIAL_WARNING,TEMPORAL_DATE_DISTRICT_CONTEXTUAL_LINK,FARM_POINT_COORDINATES,DAILY_DERIVED_HOURLY
2025-10-31,3,Madurai,9.9252,78.1198,23.97083333333333,65.22500000000001,6.1,0.23091666666666666,8.4,14.6,15.6,3.5,2,5,NO_OFFICIAL_WARNING,TEMPORAL_DATE_DISTRICT_CONTEXTUAL_LINK,FARM_POINT_COORDINATES,DAILY_DERIVED_HOURLY
2025-10-31,4,Nagapattinam,10.7656,79.8424,24.133333333333336,65.17916666666666,3.9,0.22624999999999998,5.8,8.3,9.2,2.5,1,3,NO_OFFICIAL_WARNING,TEMPORAL_DATE_DISTRICT_CONTEXTUAL_LINK,FARM_POINT_COORDINATES,DAILY_DERIVED_HOURLY
2025-10-31,5,Coimbatore,11.0168,76.9558,24.03333333333333,64.91666666666667,5.8,0.23104166666666667,5.8,9.7,12.9,2.0,1,3,NO_OFFICIAL_WARNING,TEMPORAL_DATE_DISTRICT_CONTEXTUAL_LINK,FARM_POINT_COORDINATES,DAILY_DERIVED_HOURLY
2025-10-31,6,Tiruchirappalli,10.7905,78.7047,23.829166666666666,65.13333333333334,1.6,0.22416666666666665,4.2,12.8,18.7,3.8,1,2,NO_OFFICIAL_WARNING,TEMPORAL_DATE_DISTRICT_CONTEXTUAL_LINK,FARM_POINT_COORDINATES,DAILY_DERIVED_HOURLY
2025-10-31,7,Tirunelveli,8.7139,77.7567,23.979166666666668,65.17916666666666,4.5,0.224,11.7,15.3,12.0,4.7,1,9,NO_OFFICIAL_WARNING,TEMPORAL_DATE_DISTRICT_CONTEXTUAL_LINK,FARM_POINT_COORDINATES,DAILY_DERIVED_HOURLY
2025-10-31,8,Villupuram,11.9401,79.4861,23.97083333333333,65.10416666666667,11.0,0.2293333333333333,11.0,15.0,7.8,4.9,1,5,NO_OFFICIAL_WARNING,TEMPORAL_DATE_DISTRICT_CONTEXTUAL_LINK,FARM_POINT_COORDINATES,DAILY_DERIVED_HOURLY
2025-10-31,9,Erode,11.341,77.7172,24.075,65.00833333333334,5.9,0.22183333333333333,8.4,18.5,18.5,4.4,1,5,NO_OFFICIAL_WARNING,TEMPORAL_DATE_DISTRICT_CONTEXTUAL_LINK,FARM_POINT_COORDINATES,DAILY_DERIVED_HOURLY
2025-10-31,10,Tiruvarur,10.7708,79.6373,24.075,64.49166666666666,6.6000000000000005,0.22716666666666666,6.6,11.3,8.7,4.4,2,4,NO_OFFICIAL_WARNING,TEMPORAL_DATE_DISTRICT_CONTEXTUAL_LINK,FARM_POINT_COORDINATES,DAILY_DERIVED_HOURLY
2025-11-01,1,Thanjavur,10.787,79.1378,23.791666666666668,64.67083333333333,1.1,0.223625,3.6,5.3,8.7,2.3,1,4,NO_OFFICIAL_WARNING,TEMPORAL_DATE_DISTRICT_CONTEXTUAL_LINK,FARM_POINT_COORDINATES,DAILY_DERIVED_HOURLY
2025-11-01,2,Cuddalore,11.748,79.7714,24.108333333333334,64.825,4.1,0.22470833333333332,6.3,7.1,15.7,2.3,1,4,NO_OFFICIAL_WARNING,TEMPORAL_DATE_DISTRICT_CONTEXTUAL_LINK,FARM_POINT_COORDINATES,DAILY_DERIVED_HOURLY
2025-11-01,3,Madurai,9.9252,78.1198,23.916666666666668,65.05416666666666,6.5,0.23175,7.2,12.6,14.6,3.5,3,5,NO_OFFICIAL_WARNING,TEMPORAL_DATE_DISTRICT_CONTEXTUAL_LINK,FARM_POINT_COORDINATES,DAILY_DERIVED_HOURLY
2025-11-01,4,Nagapattinam,10.7656,79.8424,23.962500000000002,64.83749999999999,3.8,0.21854166666666666,4.4,9.6,8.3,2.5,2,5,NO_OFFICIAL_WARNING,TEMPORAL_DATE_DISTRICT_CONTEXTUAL_LINK,FARM_POINT_COORDINATES,DAILY_DERIVED_HOURLY
2025-11-01,5,Coimbatore,11.0168,76.9558,23.90833333333333,65.43333333333334,4.8,0.22854166666666667,5.8,10.6,9.7,3.4,1,3,NO_OFFICIAL_WARNING,TEMPORAL_DATE_DISTRICT_CONTEXTUAL_LINK,FARM_POINT_COORDINATES,DAILY_DERIVED_HOURLY
2025-11-01,6,Tiruchirappalli,10.7905,78.7047,24.2625,64.96249999999999,1.0,0.22695833333333335,2.2,6.4,12.8,0.8,1,3,NO_OFFICIAL_WARNING,TEMPORAL_DATE_DISTRICT_CONTEXTUAL_LINK,FARM_POINT_COORDINATES,DAILY_DERIVED_HOURLY
2025-11-01,7,Tirunelveli,8.7139,77.7567,24.041666666666668,65.0125,4.3,0.230375,7.9,16.6,15.3,3.1,1,5,NO_OFFICIAL_WARNING,TEMPORAL_DATE_DISTRICT_CONTEXTUAL_LINK,FARM_POINT_COORDINATES,DAILY_DERIVED_HOURLY
2025-11-01,8,Villupuram,11.9401,79.4861,24.016666666666666,65.29583333333333,6.2,0.23575,11.0,17.2,15.0,6.0,1,5,NO_OFFICIAL_WARNING,TEMPORAL_DATE_DISTRICT_CONTEXTUAL_LINK,FARM_POINT_COORDINATES,DAILY_DERIVED_HOURLY
2025-11-01,9,Erode,11.341,77.7172,24.195833333333336,65.04166666666667,6.0,0.22791666666666666,6.8,14.7,18.5,5.1,1,4,NO_OFFICIAL_WARNING,TEMPORAL_DATE_DISTRICT_CONTEXTUAL_LINK,FARM_POINT_COORDINATES,DAILY_DERIVED_HOURLY
2025-11-01,10,Tiruvarur,10.7708,79.6373,24.05,64.70416666666667,0.0,0.22254166666666667,6.6,11.3,11.3,4.4,0,3,NO_OFFICIAL_WARNING,TEMPORAL_DATE_DISTRICT_CONTEXTUAL_LINK,FARM_POINT_COORDINATES,DAILY_DERIVED_HOURLY
2025-11-02,1,Thanjavur,10.787,79.1378,23.962500000000002,65.34166666666667,70.8,0.2554166666666667,71.3,71.9,5.3,26.5,3,10,HEAVY_RAINFALL_ADVISORY,TEMPORAL_DATE_DISTRICT_CONTEXTUAL_LINK,FARM_POINT_COORDINATES,DAILY_DERIVED_HOURLY
2025-11-02,2,Cuddalore,11.748,79.7714,24.116666666666664,65.14166666666667,115.5,0.274,115.5,119.6,7.1,24.5,5,18,HEAVY_RAINFALL_ADVISORY,TEMPORAL_DATE_DISTRICT_CONTEXTUAL_LINK,FARM_POINT_COORDINATES,DAILY_DERIVED_HOURLY
2025-11-02,3,Madurai,9.9252,78.1198,24.266666666666666,65.05833333333334,89.4,0.2615416666666667,89.4,95.9,12.6,17.2,3,15,HEAVY_RAINFALL_ADVISORY,TEMPORAL_DATE_DISTRICT_CONTEXTUAL_LINK,FARM_POINT_COORDINATES,DAILY_DERIVED_HOURLY
2025-11-02,4,Nagapattinam,10.7656,79.8424,23.891666666666666,65.2625,144.6,0.2860416666666667,144.6,148.4,9.6,26.2,5,12,HEAVY_RAINFALL_ADVISORY,TEMPORAL_DATE_DISTRICT_CONTEXTUAL_LINK,FARM_POINT_COORDINATES,DAILY_DERIVED_HOURLY
2025-11-02,5,Coimbatore,11.0168,76.9558,24.125,64.82916666666667,146.6,0.28962499999999997,146.6,151.4,10.6,28.5,7,17,HEAVY_RAINFALL_ADVISORY,TEMPORAL_DATE_DISTRICT_CONTEXTUAL_LINK,FARM_POINT_COORDINATES,DAILY_DERIVED_HOURLY
2025-11-02,6,Tiruchirappalli,10.7905,78.7047,23.866666666666664,64.95833333333333,91.89999999999999,0.25937499999999997,91.9,92.9,6.4,23.5,4,14,HEAVY_RAINFALL_ADVISORY,TEMPORAL_DATE_DISTRICT_CONTEXTUAL_LINK,FARM_POINT_COORDINATES,DAILY_DERIVED_HOURLY
2025-11-02,7,Tirunelveli,8.7139,77.7567,24.045833333333334,64.85833333333333,96.19999999999999,0.269625,96.2,100.5,16.6,19.5,4,14,HEAVY_RAINFALL_ADVISORY,TEMPORAL_DATE_DISTRICT_CONTEXTUAL_LINK,FARM_POINT_COORDINATES,DAILY_DERIVED_HOURLY
2025-11-02,8,Villupuram,11.9401,79.4861,24.041666666666668,65.25416666666666,120.7,0.2754583333333333,120.7,128.5,17.2,33.6,4,15,HEAVY_RAINFALL_ADVISORY,TEMPORAL_DATE_DISTRICT_CONTEXTUAL_LINK,FARM_POINT_COORDINATES,DAILY_DERIVED_HOURLY
2025-11-02,9,Erode,11.341,77.7172,23.891666666666666,65.09166666666667,92.6,0.27,97.7,98.6,14.7,22.0,5,15,HEAVY_RAINFALL_ADVISORY,TEMPORAL_DATE_DISTRICT_CONTEXTUAL_LINK,FARM_POINT_COORDINATES,DAILY_DERIVED_HOURLY
2025-11-02,10,Tiruvarur,10.7708,79.6373,23.925,65.16666666666667,76.9,0.25404166666666667,76.9,76.9,11.3,20.9,4,12,HEAVY_RAINFALL_ADVISORY,TEMPORAL_DATE_DISTRICT_CONTEXTUAL_LINK,FARM_POINT_COORDINATES,DAILY_DERIVED_HOURLY
2025-11-03,1,Thanjavur,10.787,79.1378,23.933333333333334,64.92916666666666,89.6,0.25825,113.8,160.9,71.9,26.5,4,14,HEAVY_RAINFALL_ADVISORY,TEMPORAL_DATE_DISTRICT_CONTEXTUAL_LINK,FARM_POINT_COORDINATES,DAILY_DERIVED_HOURLY
2025-11-03,2,Cuddalore,11.748,79.7714,23.983333333333334,65.04583333333333,133.0,0.28208333333333335,155.2,248.5,119.6,37.5,7,19,HEAVY_RAINFALL_ADVISORY,TEMPORAL_DATE_DISTRICT_CONTEXTUAL_LINK,FARM_POINT_COORDINATES,DAILY_DERIVED_HOURLY
2025-11-03,3,Madurai,9.9252,78.1198,23.933333333333334,64.71249999999999,94.2,0.26687500000000003,134.9,183.6,95.9,32.1,4,15,HEAVY_RAINFALL_ADVISORY,TEMPORAL_DATE_DISTRICT_CONTEXTUAL_LINK,FARM_POINT_COORDINATES,DAILY_DERIVED_HOURLY
2025-11-03,4,Nagapattinam,10.7656,79.8424,23.945833333333336,65.10833333333333,121.8,0.27570833333333333,188.8,266.4,148.4,26.2,5,18,HEAVY_RAINFALL_ADVISORY,TEMPORAL_DATE_DISTRICT_CONTEXTUAL_LINK,FARM_POINT_COORDINATES,DAILY_DERIVED_HOURLY
2025-11-03,5,Coimbatore,11.0168,76.9558,23.995833333333334,65.03750000000001,93.8,0.26375,159.2,240.4,151.4,28.5,4,17,HEAVY_RAINFALL_ADVISORY,TEMPORAL_DATE_DISTRICT_CONTEXTUAL_LINK,FARM_POINT_COORDINATES,DAILY_DERIVED_HOURLY
2025-11-03,6,Tiruchirappalli,10.7905,78.7047,23.979166666666668,64.80416666666666,138.9,0.2738333333333333,158.1,230.8,92.9,37.7,7,18,HEAVY_RAINFALL_ADVISORY,TEMPORAL_DATE_DISTRICT_CONTEXTUAL_LINK,FARM_POINT_COORDINATES,DAILY_DERIVED_HOURLY
2025-11-03,7,Tirunelveli,8.7139,77.7567,23.825,65.2,134.9,0.28150000000000003,134.9,231.1,100.5,27.7,6,16,HEAVY_RAINFALL_ADVISORY,TEMPORAL_DATE_DISTRICT_CONTEXTUAL_LINK,FARM_POINT_COORDINATES,DAILY_DERIVED_HOURLY
2025-11-03,8,Villupuram,11.9401,79.4861,24.079166666666666,65.16666666666667,155.7,0.28770833333333334,202.8,276.4,128.5,40.9,7,18,HEAVY_RAINFALL_ADVISORY,TEMPORAL_DATE_DISTRICT_CONTEXTUAL_LINK,FARM_POINT_COORDINATES,DAILY_DERIVED_HOURLY
2025-11-03,9,Erode,11.341,77.7172,23.891666666666666,64.64166666666667,93.2,0.2575,121.7,190.9,98.6,22.0,3,15,HEAVY_RAINFALL_ADVISORY,TEMPORAL_DATE_DISTRICT_CONTEXTUAL_LINK,FARM_POINT_COORDINATES,DAILY_DERIVED_HOURLY
2025-11-03,10,Tiruvarur,10.7708,79.6373,23.97083333333333,65.17916666666666,72.0,0.2512083333333333,108.3,148.9,76.9,24.2,5,15,HEAVY_RAINFALL_ADVISORY,TEMPORAL_DATE_DISTRICT_CONTEXTUAL_LINK,FARM_POINT_COORDINATES,DAILY_DERIVED_HOURLY
2025-11-04,1,Thanjavur,10.787,79.1378,24.099999999999998,64.79166666666667,7.9,0.23070833333333332,85.1,155.4,160.9,14.3,2,13,HEAVY_RAINFALL_ADVISORY,TEMPORAL_DATE_DISTRICT_CONTEXTUAL_LINK,FARM_POINT_COORDINATES,DAILY_DERIVED_HOURLY
2025-11-04,2,Cuddalore,11.748,79.7714,23.808333333333334,65.22916666666667,0.9,0.22220833333333334,123.2,233.9,248.5,37.5,1,13,HEAVY_RAINFALL_ADVISORY,TEMPORAL_DATE_DISTRICT_CONTEXTUAL_LINK,FARM_POINT_COORDINATES,DAILY_DERIVED_HOURLY
2025-11-04,3,Madurai,9.9252,78.1198,24.245833333333334,64.97916666666667,1.7000000000000002,0.22754166666666667,92.2,183.6,183.6,32.1,1,10,HEAVY_RAINFALL_ADVISORY,TEMPORAL_DATE_DISTRICT_CONTEXTUAL_LINK,FARM_POINT_COORDINATES,DAILY_DERIVED_HOURLY
2025-11-04,4,Nagapattinam,10.7656,79.8424,24.09583333333333,65.30416666666666,5.9,0.22604166666666667,121.8,261.6,266.4,26.1,2,18,HEAVY_RAINFALL_ADVISORY,TEMPORAL_DATE_DISTRICT_CONTEXTUAL_LINK,FARM_POINT_COORDINATES,DAILY_DERIVED_HOURLY
2025-11-04,5,Coimbatore,11.0168,76.9558,23.875,64.85000000000001,6.1000000000000005,0.22887500000000002,93.8,234.8,240.4,20.9,1,9,HEAVY_RAINFALL_ADVISORY,TEMPORAL_DATE_DISTRICT_CONTEXTUAL_LINK,FARM_POINT_COORDINATES,DAILY_DERIVED_HOURLY
2025-11-04,6,Tiruchirappalli,10.7905,78.7047,24.0625,64.70833333333333,1.5,0.22333333333333336,138.9,230.6,230.8,37.7,1,18,HEAVY_RAINFALL_ADVISORY,TEMPORAL_DATE_DISTRICT_CONTEXTUAL_LINK,FARM_POINT_COORDINATES,DAILY_DERIVED_HOURLY
2025-11-04,7,Tirunelveli,8.7139,77.7567,23.941666666666666,64.66250000000001,0.1,0.2285,131.6,231.1,231.1,27.7,0,13,HEAVY_RAINFALL_ADVISORY,TEMPORAL_DATE_DISTRICT_CONTEXTUAL_LINK,FARM_POINT_COORDINATES,DAILY_DERIVED_HOURLY
2025-11-04,8,Villupuram,11.9401,79.4861,23.90833333333333,64.65416666666667,1.3,0.22704166666666667,133.2,266.8,276.4,40.9,2,14,HEAVY_RAINFALL_ADVISORY,TEMPORAL_DATE_DISTRICT_CONTEXTUAL_LINK,FARM_POINT_COORDINATES,DAILY_DERIVED_HOURLY
2025-11-04,9,Erode,11.341,77.7172,24.05416666666667,64.78333333333333,0.0,0.22804166666666667,78.0,184.1,190.9,17.0,0,13,HEAVY_RAINFALL_ADVISORY,TEMPORAL_DATE_DISTRICT_CONTEXTUAL_LINK,FARM_POINT_COORDINATES,DAILY_DERIVED_HOURLY
2025-11-04,10,Tiruvarur,10.7708,79.6373,24.041666666666668,65.08749999999999,4.5,0.23104166666666667,72.0,148.9,148.9,24.2,3,15,HEAVY_RAINFALL_ADVISORY,TEMPORAL_DATE_DISTRICT_CONTEXTUAL_LINK,FARM_POINT_COORDINATES,DAILY_DERIVED_HOURLY
2025-11-05,1,Thanjavur,10.787,79.1378,24.1125,64.75833333333334,3.7,0.2255,9.6,93.0,155.4,2.7,1,6,NO_OFFICIAL_WARNING,TEMPORAL_DATE_DISTRICT_CONTEXTUAL_LINK,FARM_POINT_COORDINATES,DAILY_DERIVED_HOURLY
2025-11-05,2,Cuddalore,11.748,79.7714,24.004166666666666,65.19166666666666,9.1,0.228125,9.1,124.1,233.9,4.3,2,5,NO_OFFICIAL_WARNING,TEMPORAL_DATE_DISTRICT_CONTEXTUAL_LINK,FARM_POINT_COORDINATES,DAILY_DERIVED_HOURLY
2025-11-05,3,Madurai,9.9252,78.1198,23.979166666666668,64.7375,13.0,0.23329166666666667,13.0,94.5,183.6,4.8,1,5,NO_OFFICIAL_WARNING,TEMPORAL_DATE_DISTRICT_CONTEXTUAL_LINK,FARM_POINT_COORDINATES,DAILY_DERIVED_HOURLY
2025-11-05,4,Nagapattinam,10.7656,79.8424,24.016666666666666,65.12083333333334,5.1,0.22924999999999998,9.3,127.9,261.6,3.5,1,6,NO_OFFICIAL_WARNING,TEMPORAL_DATE_DISTRICT_CONTEXTUAL_LINK,FARM_POINT_COORDINATES,DAILY_DERIVED_HOURLY
2025-11-05,5,Coimbatore,11.0168,76.9558,23.900000000000002,65.07916666666667,2.7,0.22899999999999998,7.3,99.9,234.8,3.2,1,4,NO_OFFICIAL_WARNING,TEMPORAL_DATE_DISTRICT_CONTEXTUAL_LINK,FARM_POINT_COORDINATES,DAILY_DERIVED_HOURLY
2025-11-05,6,Tiruchirappalli,10.7905,78.7047,24.025000000000002,65.07083333333334,9.1,0.23266666666666666,10.1,140.4,230.6,3.6,1,7,NO_OFFICIAL_WARNING,TEMPORAL_DATE_DISTRICT_CONTEXTUAL_LINK,FARM_POINT_COORDINATES,DAILY_DERIVED_HOURLY
2025-11-05,7,Tirunelveli,8.7139,77.7567,24.004166666666666,64.71666666666667,7.8,0.22966666666666666,7.8,131.7,231.1,5.3,1,3,NO_OFFICIAL_WARNING,TEMPORAL_DATE_DISTRICT_CONTEXTUAL_LINK,FARM_POINT_COORDINATES,DAILY_DERIVED_HOURLY
2025-11-05,8,Villupuram,11.9401,79.4861,24.008333333333336,64.91250000000001,0.0,0.226125,1.3,134.5,266.8,0.4,0,5,NO_OFFICIAL_WARNING,TEMPORAL_DATE_DISTRICT_CONTEXTUAL_LINK,FARM_POINT_COORDINATES,DAILY_DERIVED_HOURLY
2025-11-05,9,Erode,11.341,77.7172,24.016666666666666,65.0625,6.9,0.22766666666666668,6.9,78.9,184.1,4.1,1,3,NO_OFFICIAL_WARNING,TEMPORAL_DATE_DISTRICT_CONTEXTUAL_LINK,FARM_POINT_COORDINATES,DAILY_DERIVED_HOURLY
2025-11-05,10,Tiruvarur,10.7708,79.6373,24.104166666666668,65.06666666666666,3.1,0.22329166666666667,6.0,76.5,148.9,1.8,1,6,NO_OFFICIAL_WARNING,TEMPORAL_DATE_DISTRICT_CONTEXTUAL_LINK,FARM_POINT_COORDINATES,DAILY_DERIVED_HOURLY
2025-11-06,1,Thanjavur,10.787,79.1378,24.150000000000002,65.125,4.0,0.22416666666666665,6.0,14.3,93.0,2.0,2,4,NO_OFFICIAL_WARNING,TEMPORAL_DATE_DISTRICT_CONTEXTUAL_LINK,FARM_POINT_COORDINATES,DAILY_DERIVED_HOURLY
2025-11-06,2,Cuddalore,11.748,79.7714,24.145833333333332,65.06666666666666,9.2,0.230125,13.3,18.8,124.1,4.3,2,6,NO_OFFICIAL_WARNING,TEMPORAL_DATE_DISTRICT_CONTEXTUAL_LINK,FARM_POINT_COORDINATES,DAILY_DERIVED_HOURLY
2025-11-06,3,Madurai,9.9252,78.1198,23.983333333333334,64.95,4.4,0.22570833333333332,13.7,17.4,94.5,4.8,2,6,NO_OFFICIAL_WARNING,TEMPORAL_DATE_DISTRICT_CONTEXTUAL_LINK,FARM_POINT_COORDINATES,DAILY_DERIVED_HOURLY
2025-11-06,4,Nagapattinam,10.7656,79.8424,24.083333333333332,64.96249999999999,4.7,0.226375,6.4,11.7,127.9,2.5,1,4,NO_OFFICIAL_WARNING,TEMPORAL_DATE_DISTRICT_CONTEXTUAL_LINK,FARM_POINT_COORDINATES,DAILY_DERIVED_HOURLY
2025-11-06,5,Coimbatore,11.0168,76.9558,24.104166666666668,64.75416666666666,1.1,0.22204166666666666,2.7,8.8,99.9,1.4,1,2,NO_OFFICIAL_WARNING,TEMPORAL_DATE_DISTRICT_CONTEXTUAL_LINK,FARM_POINT_COORDINATES,DAILY_DERIVED_HOURLY
2025-11-06,6,Tiruchirappalli,10.7905,78.7047,23.895833333333332,65.39583333333333,0.0,0.22641666666666668,9.1,10.6,140.4,3.6,0,6,NO_OFFICIAL_WARNING,TEMPORAL_DATE_DISTRICT_CONTEXTUAL_LINK,FARM_POINT_COORDINATES,DAILY_DERIVED_HOURLY
2025-11-06,7,Tirunelveli,8.7139,77.7567,23.75,65.2,2.4,0.22854166666666667,8.3,10.2,131.7,5.3,1,4,NO_OFFICIAL_WARNING,TEMPORAL_DATE_DISTRICT_CONTEXTUAL_LINK,FARM_POINT_COORDINATES,DAILY_DERIVED_HOURLY
2025-11-06,8,Villupuram,11.9401,79.4861,24.083333333333332,65.01666666666667,10.100000000000001,0.23099999999999998,10.1,10.8,134.5,4.7,1,3,NO_OFFICIAL_WARNING,TEMPORAL_DATE_DISTRICT_CONTEXTUAL_LINK,FARM_POINT_COORDINATES,DAILY_DERIVED_HOURLY
2025-11-06,9,Erode,11.341,77.7172,23.958333333333332,65.27083333333333,3.8,0.23204166666666667,8.4,10.7,78.9,4.1,1,4,NO_OFFICIAL_WARNING,TEMPORAL_DATE_DISTRICT_CONTEXTUAL_LINK,FARM_POINT_COORDINATES,DAILY_DERIVED_HOURLY
2025-11-06,10,Tiruvarur,10.7708,79.6373,24.212500000000002,64.91250000000001,11.0,0.22691666666666666,12.0,18.0,76.5,5.6,2,5,NO_OFFICIAL_WARNING,TEMPORAL_DATE_DISTRICT_CONTEXTUAL_LINK,FARM_POINT_COORDINATES,DAILY_DERIVED_HOURLY
2025-11-07,1,Thanjavur,10.787,79.1378,24.233333333333334,64.92083333333333,6.4,0.22691666666666666,6.4,10.4,14.3,3.1,2,3,NO_OFFICIAL_WARNING,TEMPORAL_DATE_DISTRICT_CONTEXTUAL_LINK,FARM_POINT_COORDINATES,DAILY_DERIVED_HOURLY
2025-11-07,2,Cuddalore,11.748,79.7714,24.195833333333336,64.77499999999999,3.7,0.22845833333333332,9.2,18.3,18.8,4.0,1,3,NO_OFFICIAL_WARNING,TEMPORAL_DATE_DISTRICT_CONTEXTUAL_LINK,FARM_POINT_COORDINATES,DAILY_DERIVED_HOURLY
2025-11-07,3,Madurai,9.9252,78.1198,23.941666666666666,64.87916666666666,9.9,0.2253333333333333,12.2,25.2,17.4,8.5,1,5,NO_OFFICIAL_WARNING,TEMPORAL_DATE_DISTRICT_CONTEXTUAL_LINK,FARM_POINT_COORDINATES,DAILY_DERIVED_HOURLY
2025-11-07,4,Nagapattinam,10.7656,79.8424,23.991666666666664,65.125,4.7,0.2227083333333333,6.6,11.1,11.7,2.5,1,4,NO_OFFICIAL_WARNING,TEMPORAL_DATE_DISTRICT_CONTEXTUAL_LINK,FARM_POINT_COORDINATES,DAILY_DERIVED_HOURLY
2025-11-07,5,Coimbatore,11.0168,76.9558,24.079166666666666,64.75833333333334,1.9,0.22570833333333332,1.9,4.4,8.8,1.1,2,3,NO_OFFICIAL_WARNING,TEMPORAL_DATE_DISTRICT_CONTEXTUAL_LINK,FARM_POINT_COORDINATES,DAILY_DERIVED_HOURLY
2025-11-07,6,Tiruchirappalli,10.7905,78.7047,24.045833333333334,65.3,14.5,0.22816666666666666,14.5,14.5,10.6,5.0,3,7,NO_OFFICIAL_WARNING,TEMPORAL_DATE_DISTRICT_CONTEXTUAL_LINK,FARM_POINT_COORDINATES,DAILY_DERIVED_HOURLY
2025-11-07,7,Tirunelveli,8.7139,77.7567,23.854166666666668,64.90833333333333,4.8,0.22641666666666668,6.7,14.1,10.2,3.5,1,4,NO_OFFICIAL_WARNING,TEMPORAL_DATE_DISTRICT_CONTEXTUAL_LINK,FARM_POINT_COORDINATES,DAILY_DERIVED_HOURLY
2025-11-07,8,Villupuram,11.9401,79.4861,23.983333333333334,64.73333333333333,10.8,0.22695833333333335,16.8,20.9,10.8,4.7,2,5,NO_OFFICIAL_WARNING,TEMPORAL_DATE_DISTRICT_CONTEXTUAL_LINK,FARM_POINT_COORDINATES,DAILY_DERIVED_HOURLY
2025-11-07,9,Erode,11.341,77.7172,24.083333333333332,64.86666666666666,2.8000000000000003,0.22116666666666665,3.8,9.8,10.7,2.4,1,4,NO_OFFICIAL_WARNING,TEMPORAL_DATE_DISTRICT_CONTEXTUAL_LINK,FARM_POINT_COORDINATES,DAILY_DERIVED_HOURLY
2025-11-07,10,Tiruvarur,10.7708,79.6373,23.983333333333334,64.94583333333334,14.399999999999999,0.23245833333333332,14.4,25.4,18.0,6.6,2,6,NO_OFFICIAL_WARNING,TEMPORAL_DATE_DISTRICT_CONTEXTUAL_LINK,FARM_POINT_COORDINATES,DAILY_DERIVED_HOURLY
2025-11-08,1,Thanjavur,10.787,79.1378,23.825,65.08749999999999,3.0,0.22479166666666664,7.8,11.8,10.4,3.1,1,5,NO_OFFICIAL_WARNING,TEMPORAL_DATE_DISTRICT_CONTEXTUAL_LINK,FARM_POINT_COORDINATES,DAILY_DERIVED_HOURLY
2025-11-08,2,Cuddalore,11.748,79.7714,23.962500000000002,65.00833333333334,7.9,0.23116666666666666,7.9,14.6,18.3,3.0,2,4,NO_OFFICIAL_WARNING,TEMPORAL_DATE_DISTRICT_CONTEXTUAL_LINK,FARM_POINT_COORDINATES,DAILY_DERIVED_HOURLY
2025-11-08,3,Madurai,9.9252,78.1198,23.954166666666666,65.40416666666667,9.8,0.22908333333333333,15.6,21.8,25.2,8.5,1,6,NO_OFFICIAL_WARNING,TEMPORAL_DATE_DISTRICT_CONTEXTUAL_LINK,FARM_POINT_COORDINATES,DAILY_DERIVED_HOURLY
2025-11-08,4,Nagapattinam,10.7656,79.8424,24.03333333333333,65.325,4.7,0.22754166666666667,6.8,11.1,11.1,2.1,2,5,NO_OFFICIAL_WARNING,TEMPORAL_DATE_DISTRICT_CONTEXTUAL_LINK,FARM_POINT_COORDINATES,DAILY_DERIVED_HOURLY
2025-11-08,5,Coimbatore,11.0168,76.9558,23.916666666666668,65.08333333333333,10.0,0.22416666666666665,11.4,11.9,4.4,5.4,2,8,NO_OFFICIAL_WARNING,TEMPORAL_DATE_DISTRICT_CONTEXTUAL_LINK,FARM_POINT_COORDINATES,DAILY_DERIVED_HOURLY
2025-11-08,6,Tiruchirappalli,10.7905,78.7047,24.079166666666666,65.175,6.2,0.22791666666666666,17.5,20.7,14.5,5.0,1,8,NO_OFFICIAL_WARNING,TEMPORAL_DATE_DISTRICT_CONTEXTUAL_LINK,FARM_POINT_COORDINATES,DAILY_DERIVED_HOURLY
2025-11-08,7,Tirunelveli,8.7139,77.7567,24.087500000000002,64.8875,11.7,0.22466666666666665,11.7,18.4,14.1,5.3,1,5,NO_OFFICIAL_WARNING,TEMPORAL_DATE_DISTRICT_CONTEXTUAL_LINK,FARM_POINT_COORDINATES,DAILY_DERIVED_HOURLY
2025-11-08,8,Villupuram,11.9401,79.4861,24.2,65.02083333333333,2.0999999999999996,0.2217083333333333,7.9,21.5,20.9,3.7,1,4,NO_OFFICIAL_WARNING,TEMPORAL_DATE_DISTRICT_CONTEXTUAL_LINK,FARM_POINT_COORDINATES,DAILY_DERIVED_HOURLY
2025-11-08,9,Erode,11.341,77.7172,24.05,64.91666666666667,15.2,0.22775,15.2,18.6,9.8,6.4,2,5,NO_OFFICIAL_WARNING,TEMPORAL_DATE_DISTRICT_CONTEXTUAL_LINK,FARM_POINT_COORDINATES,DAILY_DERIVED_HOURLY
2025-11-08,10,Tiruvarur,10.7708,79.6373,24.045833333333334,64.89999999999999,3.7,0.22683333333333333,15.5,26.5,25.4,6.6,1,7,NO_OFFICIAL_WARNING,TEMPORAL_DATE_DISTRICT_CONTEXTUAL_LINK,FARM_POINT_COORDINATES,DAILY_DERIVED_HOURLY
2025-11-09,1,Thanjavur,10.787,79.1378,24.166666666666668,65.08333333333333,0.9,0.22124999999999997,3.3,9.7,11.8,1.4,1,4,NO_OFFICIAL_WARNING,TEMPORAL_DATE_DISTRICT_CONTEXTUAL_LINK,FARM_POINT_COORDINATES,DAILY_DERIVED_HOURLY
2025-11-09,2,Cuddalore,11.748,79.7714,24.170833333333334,64.74166666666666,5.7,0.22358333333333333,8.1,13.6,14.6,2.8,1,5,NO_OFFICIAL_WARNING,TEMPORAL_DATE_DISTRICT_CONTEXTUAL_LINK,FARM_POINT_COORDINATES,DAILY_DERIVED_HOURLY
2025-11-09,3,Madurai,9.9252,78.1198,23.820833333333336,65.0625,5.1,0.22708333333333333,12.3,23.0,21.8,4.9,1,5,NO_OFFICIAL_WARNING,TEMPORAL_DATE_DISTRICT_CONTEXTUAL_LINK,FARM_POINT_COORDINATES,DAILY_DERIVED_HOURLY
2025-11-09,4,Nagapattinam,10.7656,79.8424,23.9875,65.075,6.6,0.22820833333333335,9.8,13.6,11.1,2.4,2,7,NO_OFFICIAL_WARNING,TEMPORAL_DATE_DISTRICT_CONTEXTUAL_LINK,FARM_POINT_COORDINATES,DAILY_DERIVED_HOURLY
2025-11-09,5,Coimbatore,11.0168,76.9558,23.891666666666666,65.16250000000001,0.3,0.2265,10.0,12.2,11.9,5.4,1,6,NO_OFFICIAL_WARNING,TEMPORAL_DATE_DISTRICT_CONTEXTUAL_LINK,FARM_POINT_COORDINATES,DAILY_DERIVED_HOURLY
2025-11-09,6,Tiruchirappalli,10.7905,78.7047,23.945833333333336,64.67916666666666,8.700000000000001,0.22375,9.2,22.9,20.7,3.2,2,5,NO_OFFICIAL_WARNING,TEMPORAL_DATE_DISTRICT_CONTEXTUAL_LINK,FARM_POINT_COORDINATES,DAILY_DERIVED_HOURLY
2025-11-09,7,Tirunelveli,8.7139,77.7567,23.974999999999998,65.27916666666667,7.1,0.22691666666666666,16.1,19.7,18.4,5.3,1,7,NO_OFFICIAL_WARNING,TEMPORAL_DATE_DISTRICT_CONTEXTUAL_LINK,FARM_POINT_COORDINATES,DAILY_DERIVED_HOURLY
2025-11-09,8,Villupuram,11.9401,79.4861,23.962500000000002,64.875,9.3,0.22887500000000002,9.3,11.4,21.5,3.7,2,4,NO_OFFICIAL_WARNING,TEMPORAL_DATE_DISTRICT_CONTEXTUAL_LINK,FARM_POINT_COORDINATES,DAILY_DERIVED_HOURLY
2025-11-09,9,Erode,11.341,77.7172,24.02916666666667,64.67916666666666,5.7,0.2344166666666667,8.8,22.0,18.6,3.5,1,4,NO_OFFICIAL_WARNING,TEMPORAL_DATE_DISTRICT_CONTEXTUAL_LINK,FARM_POINT_COORDINATES,DAILY_DERIVED_HOURLY
2025-11-09,10,Tiruvarur,10.7708,79.6373,24.125,65.08749999999999,3.1999999999999997,0.2265,5.8,18.6,26.5,2.6,2,4,NO_OFFICIAL_WARNING,TEMPORAL_DATE_DISTRICT_CONTEXTUAL_LINK,FARM_POINT_COORDINATES,DAILY_DERIVED_HOURLY
2025-11-10,1,Thanjavur,10.787,79.1378,24.02916666666667,64.68333333333334,6.199999999999999,0.23420833333333332,6.2,7.2,9.7,2.9,2,4,NO_OFFICIAL_WARNING,TEMPORAL_DATE_DISTRICT_CONTEXTUAL_LINK,FARM_POINT_COORDINATES,DAILY_DERIVED_HOURLY
2025-11-10,2,Cuddalore,11.748,79.7714,24.02916666666667,64.99166666666666,2.6,0.228125,6.4,14.5,13.6,2.7,1,4,NO_OFFICIAL_WARNING,TEMPORAL_DATE_DISTRICT_CONTEXTUAL_LINK,FARM_POINT_COORDINATES,DAILY_DERIVED_HOURLY
2025-11-10,3,Madurai,9.9252,78.1198,24.079166666666666,65.02083333333333,2.7,0.22524999999999998,5.7,16.8,23.0,3.3,1,4,NO_OFFICIAL_WARNING,TEMPORAL_DATE_DISTRICT_CONTEXTUAL_LINK,FARM_POINT_COORDINATES,DAILY_DERIVED_HOURLY
2025-11-10,4,Nagapattinam,10.7656,79.8424,24.008333333333336,65.075,4.9,0.227,9.5,16.2,13.6,3.5,2,5,NO_OFFICIAL_WARNING,TEMPORAL_DATE_DISTRICT_CONTEXTUAL_LINK,FARM_POINT_COORDINATES,DAILY_DERIVED_HOURLY
2025-11-10,5,Coimbatore,11.0168,76.9558,23.974999999999998,65.10833333333333,12.200000000000001,0.22808333333333333,12.2,14.9,12.2,5.0,1,5,NO_OFFICIAL_WARNING,TEMPORAL_DATE_DISTRICT_CONTEXTUAL_LINK,FARM_POINT_COORDINATES,DAILY_DERIVED_HOURLY
2025-11-10,6,Tiruchirappalli,10.7905,78.7047,24.0125,64.75,3.0,0.22666666666666666,10.5,14.9,22.9,3.2,1,5,NO_OFFICIAL_WARNING,TEMPORAL_DATE_DISTRICT_CONTEXTUAL_LINK,FARM_POINT_COORDINATES,DAILY_DERIVED_HOURLY
2025-11-10,7,Tirunelveli,8.7139,77.7567,24.162499999999998,65.125,2.4000000000000004,0.22604166666666667,7.1,20.4,19.7,2.3,1,5,NO_OFFICIAL_WARNING,TEMPORAL_DATE_DISTRICT_CONTEXTUAL_LINK,FARM_POINT_COORDINATES,DAILY_DERIVED_HOURLY
2025-11-10,8,Villupuram,11.9401,79.4861,24.0,65.25416666666666,9.3,0.225625,15.1,18.6,11.4,3.7,2,8,NO_OFFICIAL_WARNING,TEMPORAL_DATE_DISTRICT_CONTEXTUAL_LINK,FARM_POINT_COORDINATES,DAILY_DERIVED_HOURLY
2025-11-10,9,Erode,11.341,77.7172,24.075,65.23333333333333,7.9,0.22675,10.1,18.3,22.0,6.0,2,3,NO_OFFICIAL_WARNING,TEMPORAL_DATE_DISTRICT_CONTEXTUAL_LINK,FARM_POINT_COORDINATES,DAILY_DERIVED_HOURLY
2025-11-10,10,Tiruvarur,10.7708,79.6373,23.954166666666666,65.20416666666667,8.8,0.22516666666666665,8.8,12.0,18.6,5.2,1,4,NO_OFFICIAL_WARNING,TEMPORAL_DATE_DISTRICT_CONTEXTUAL_LINK,FARM_POINT_COORDINATES,DAILY_DERIVED_HOURLY
2025-11-11,1,Thanjavur,10.787,79.1378,23.90833333333333,65.325,5.7,0.227625,6.8,11.9,7.2,3.7,1,4,NO_OFFICIAL_WARNING,TEMPORAL_DATE_DISTRICT_CONTEXTUAL_LINK,FARM_POINT_COORDINATES,DAILY_DERIVED_HOURLY
2025-11-11,2,Cuddalore,11.748,79.7714,24.104166666666668,64.90416666666667,7.8,0.227625,7.8,14.2,14.5,2.7,2,4,NO_OFFICIAL_WARNING,TEMPORAL_DATE_DISTRICT_CONTEXTUAL_LINK,FARM_POINT_COORDINATES,DAILY_DERIVED_HOURLY
2025-11-11,3,Madurai,9.9252,78.1198,23.849999999999998,65.15833333333333,0.6,0.22745833333333332,2.7,7.8,16.8,2.1,1,2,NO_OFFICIAL_WARNING,TEMPORAL_DATE_DISTRICT_CONTEXTUAL_LINK,FARM_POINT_COORDINATES,DAILY_DERIVED_HOURLY
2025-11-11,4,Nagapattinam,10.7656,79.8424,24.1375,65.175,3.3,0.22633333333333336,3.3,9.6,16.2,1.9,1,4,NO_OFFICIAL_WARNING,TEMPORAL_DATE_DISTRICT_CONTEXTUAL_LINK,FARM_POINT_COORDINATES,DAILY_DERIVED_HOURLY
2025-11-11,5,Coimbatore,11.0168,76.9558,23.9875,65.0625,1.8,0.2273333333333333,12.2,14.0,14.9,5.0,2,5,NO_OFFICIAL_WARNING,TEMPORAL_DATE_DISTRICT_CONTEXTUAL_LINK,FARM_POINT_COORDINATES,DAILY_DERIVED_HOURLY
2025-11-11,6,Tiruchirappalli,10.7905,78.7047,24.03333333333333,65.1375,1.4,0.22691666666666666,3.0,11.7,14.9,1.6,1,2,NO_OFFICIAL_WARNING,TEMPORAL_DATE_DISTRICT_CONTEXTUAL_LINK,FARM_POINT_COORDINATES,DAILY_DERIVED_HOURLY
2025-11-11,7,Tirunelveli,8.7139,77.7567,24.1375,65.075,6.5,0.22570833333333332,7.3,12.1,20.4,4.9,1,3,NO_OFFICIAL_WARNING,TEMPORAL_DATE_DISTRICT_CONTEXTUAL_LINK,FARM_POINT_COORDINATES,DAILY_DERIVED_HOURLY
2025-11-11,8,Villupuram,11.9401,79.4861,23.8625,64.875,4.5,0.22995833333333335,9.3,18.9,18.6,4.2,1,6,NO_OFFICIAL_WARNING,TEMPORAL_DATE_DISTRICT_CONTEXTUAL_LINK,FARM_POINT_COORDINATES,DAILY_DERIVED_HOURLY
2025-11-11,9,Erode,11.341,77.7172,24.066666666666666,64.7625,1.4000000000000001,0.226625,9.0,13.6,18.3,6.0,1,3,NO_OFFICIAL_WARNING,TEMPORAL_DATE_DISTRICT_CONTEXTUAL_LINK,FARM_POINT_COORDINATES,DAILY_DERIVED_HOURLY
2025-11-11,10,Tiruvarur,10.7708,79.6373,23.895833333333332,64.99166666666666,2.3,0.22770833333333332,10.5,13.7,12.0,5.2,1,4,NO_OFFICIAL_WARNING,TEMPORAL_DATE_DISTRICT_CONTEXTUAL_LINK,FARM_POINT_COORDINATES,DAILY_DERIVED_HOURLY
2025-11-12,1,Thanjavur,10.787,79.1378,23.962500000000002,64.82083333333334,5.5,0.22029166666666666,5.7,11.9,11.9,3.7,2,4,NO_OFFICIAL_WARNING,TEMPORAL_DATE_DISTRICT_CONTEXTUAL_LINK,FARM_POINT_COORDINATES,DAILY_DERIVED_HOURLY
2025-11-12,2,Cuddalore,11.748,79.7714,24.02916666666667,65.14999999999999,5.8,0.22616666666666665,8.4,13.6,14.2,3.7,2,5,NO_OFFICIAL_WARNING,TEMPORAL_DATE_DISTRICT_CONTEXTUAL_LINK,FARM_POINT_COORDINATES,DAILY_DERIVED_HOURLY
2025-11-12,3,Madurai,9.9252,78.1198,23.920833333333334,64.77499999999999,5.3,0.23075,5.9,6.6,7.8,2.4,2,4,NO_OFFICIAL_WARNING,TEMPORAL_DATE_DISTRICT_CONTEXTUAL_LINK,FARM_POINT_COORDINATES,DAILY_DERIVED_HOURLY
2025-11-12,4,Nagapattinam,10.7656,79.8424,24.125,65.18333333333334,3.3000000000000003,0.221375,5.2,6.6,9.6,1.9,1,5,NO_OFFICIAL_WARNING,TEMPORAL_DATE_DISTRICT_CONTEXTUAL_LINK,FARM_POINT_COORDINATES,DAILY_DERIVED_HOURLY
2025-11-12,5,Coimbatore,11.0168,76.9558,24.15416666666667,64.84166666666667,4.5,0.22491666666666665,5.8,14.0,14.0,1.5,2,6,NO_OFFICIAL_WARNING,TEMPORAL_DATE_DISTRICT_CONTEXTUAL_LINK,FARM_POINT_COORDINATES,DAILY_DERIVED_HOURLY
2025-11-12,6,Tiruchirappalli,10.7905,78.7047,23.829166666666666,65.09583333333333,4.1,0.22783333333333333,4.1,5.5,11.7,4.1,1,1,NO_OFFICIAL_WARNING,TEMPORAL_DATE_DISTRICT_CONTEXTUAL_LINK,FARM_POINT_COORDINATES,DAILY_DERIVED_HOURLY
2025-11-12,7,Tirunelveli,8.7139,77.7567,23.95,64.58749999999999,1.2000000000000002,0.22445833333333332,6.5,8.9,12.1,4.9,1,2,NO_OFFICIAL_WARNING,TEMPORAL_DATE_DISTRICT_CONTEXTUAL_LINK,FARM_POINT_COORDINATES,DAILY_DERIVED_HOURLY
2025-11-12,8,Villupuram,11.9401,79.4861,24.133333333333336,65.12083333333334,3.2,0.22379166666666664,6.6,13.8,18.9,4.2,1,3,NO_OFFICIAL_WARNING,TEMPORAL_DATE_DISTRICT_CONTEXTUAL_LINK,FARM_POINT_COORDINATES,DAILY_DERIVED_HOURLY
2025-11-12,9,Erode,11.341,77.7172,23.96666666666667,65.02499999999999,1.4,0.22824999999999998,1.4,9.4,13.6,1.1,1,2,NO_OFFICIAL_WARNING,TEMPORAL_DATE_DISTRICT_CONTEXTUAL_LINK,FARM_POINT_COORDINATES,DAILY_DERIVED_HOURLY
2025-11-12,10,Tiruvarur,10.7708,79.6373,23.954166666666666,65.12916666666666,7.3,0.22729166666666667,7.3,17.6,13.7,4.3,1,2,NO_OFFICIAL_WARNING,TEMPORAL_DATE_DISTRICT_CONTEXTUAL_LINK,FARM_POINT_COORDINATES,DAILY_DERIVED_HOURLY
2025-11-13,1,Thanjavur,10.787,79.1378,24.125,64.91250000000001,2.8,0.2303333333333333,8.2,13.9,11.9,3.2,3,7,NO_OFFICIAL_WARNING,TEMPORAL_DATE_DISTRICT_CONTEXTUAL_LINK,FARM_POINT_COORDINATES,DAILY_DERIVED_HOURLY
2025-11-13,2,Cuddalore,11.748,79.7714,24.129166666666666,64.67083333333333,6.8,0.22466666666666668,9.4,15.9,13.6,3.7,2,7,NO_OFFICIAL_WARNING,TEMPORAL_DATE_DISTRICT_CONTEXTUAL_LINK,FARM_POINT_COORDINATES,DAILY_DERIVED_HOURLY
2025-11-13,3,Madurai,9.9252,78.1198,23.895833333333332,65.1125,4.5,0.22804166666666667,5.3,10.4,6.6,3.2,1,3,NO_OFFICIAL_WARNING,TEMPORAL_DATE_DISTRICT_CONTEXTUAL_LINK,FARM_POINT_COORDINATES,DAILY_DERIVED_HOURLY
2025-11-13,4,Nagapattinam,10.7656,79.8424,23.983333333333334,64.90833333333333,1.2,0.22733333333333336,3.7,7.6,6.6,1.3,1,3,NO_OFFICIAL_WARNING,TEMPORAL_DATE_DISTRICT_CONTEXTUAL_LINK,FARM_POINT_COORDINATES,DAILY_DERIVED_HOURLY
2025-11-13,5,Coimbatore,11.0168,76.9558,24.28333333333333,64.98333333333333,12.299999999999999,0.22533333333333336,12.3,17.8,14.0,4.8,2,8,NO_OFFICIAL_WARNING,TEMPORAL_DATE_DISTRICT_CONTEXTUAL_LINK,FARM_POINT_COORDINATES,DAILY_DERIVED_HOURLY
2025-11-13,6,Tiruchirappalli,10.7905,78.7047,23.870833333333334,65.30416666666666,4.0,0.22779166666666664,7.8,9.2,5.5,4.1,1,3,NO_OFFICIAL_WARNING,TEMPORAL_DATE_DISTRICT_CONTEXTUAL_LINK,FARM_POINT_COORDINATES,DAILY_DERIVED_HOURLY
2025-11-13,7,Tirunelveli,8.7139,77.7567,23.954166666666666,65.17083333333333,2.4,0.22379166666666664,2.4,7.9,8.9,1.6,1,4,NO_OFFICIAL_WARNING,TEMPORAL_DATE_DISTRICT_CONTEXTUAL_LINK,FARM_POINT_COORDINATES,DAILY_DERIVED_HOURLY
2025-11-13,8,Villupuram,11.9401,79.4861,24.0125,65.05416666666666,4.9,0.22387500000000002,4.9,10.5,13.8,1.9,2,5,NO_OFFICIAL_WARNING,TEMPORAL_DATE_DISTRICT_CONTEXTUAL_LINK,FARM_POINT_COORDINATES,DAILY_DERIVED_HOURLY
2025-11-13,9,Erode,11.341,77.7172,23.945833333333336,64.825,4.4,0.226625,4.4,5.8,9.4,3.7,1,2,NO_OFFICIAL_WARNING,TEMPORAL_DATE_DISTRICT_CONTEXTUAL_LINK,FARM_POINT_COORDINATES,DAILY_DERIVED_HOURLY
2025-11-13,10,Tiruvarur,10.7708,79.6373,24.025000000000002,65.25416666666666,9.8,0.23608333333333334,10.5,17.1,17.6,4.3,2,7,NO_OFFICIAL_WARNING,TEMPORAL_DATE_DISTRICT_CONTEXTUAL_LINK,FARM_POINT_COORDINATES,DAILY_DERIVED_HOURLY
2025-11-14,1,Thanjavur,10.787,79.1378,23.933333333333334,64.61666666666666,2.1999999999999997,0.223375,2.8,10.2,13.9,1.9,1,2,NO_OFFICIAL_WARNING,TEMPORAL_DATE_DISTRICT_CONTEXTUAL_LINK,FARM_POINT_COORDINATES,DAILY_DERIVED_HOURLY
2025-11-14,2,Cuddalore,11.748,79.7714,23.929166666666664,64.70416666666667,6.8,0.22966666666666666,6.8,14.6,15.9,3.9,1,4,NO_OFFICIAL_WARNING,TEMPORAL_DATE_DISTRICT_CONTEXTUAL_LINK,FARM_POINT_COORDINATES,DAILY_DERIVED_HOURLY
2025-11-14,3,Madurai,9.9252,78.1198,23.991666666666664,65.5625,0.2,0.22791666666666666,4.5,9.8,10.4,3.2,1,3,NO_OFFICIAL_WARNING,TEMPORAL_DATE_DISTRICT_CONTEXTUAL_LINK,FARM_POINT_COORDINATES,DAILY_DERIVED_HOURLY
2025-11-14,4,Nagapattinam,10.7656,79.8424,23.95,65.3625,3.2,0.22224999999999998,3.2,5.6,7.6,1.5,2,3,NO_OFFICIAL_WARNING,TEMPORAL_DATE_DISTRICT_CONTEXTUAL_LINK,FARM_POINT_COORDINATES,DAILY_DERIVED_HOURLY
2025-11-14,5,Coimbatore,11.0168,76.9558,24.27916666666667,65.22083333333333,7.6,0.23204166666666667,16.0,20.5,17.8,4.8,2,9,NO_OFFICIAL_WARNING,TEMPORAL_DATE_DISTRICT_CONTEXTUAL_LINK,FARM_POINT_COORDINATES,DAILY_DERIVED_HOURLY
2025-11-14,6,Tiruchirappalli,10.7905,78.7047,24.079166666666666,65.32916666666667,1.1,0.22316666666666665,4.8,9.0,9.2,2.0,1,6,NO_OFFICIAL_WARNING,TEMPORAL_DATE_DISTRICT_CONTEXTUAL_LINK,FARM_POINT_COORDINATES,DAILY_DERIVED_HOURLY
2025-11-14,7,Tirunelveli,8.7139,77.7567,23.879166666666666,64.62916666666666,13.3,0.225125,15.3,15.7,7.9,13.0,1,4,NO_OFFICIAL_WARNING,TEMPORAL_DATE_DISTRICT_CONTEXTUAL_LINK,FARM_POINT_COORDINATES,DAILY_DERIVED_HOURLY
2025-11-14,8,Villupuram,11.9401,79.4861,24.025000000000002,65.25,0.2,0.2245,4.9,8.1,10.5,1.5,1,5,NO_OFFICIAL_WARNING,TEMPORAL_DATE_DISTRICT_CONTEXTUAL_LINK,FARM_POINT_COORDINATES,DAILY_DERIVED_HOURLY
2025-11-14,9,Erode,11.341,77.7172,24.075,65.1375,6.3,0.22499999999999998,10.7,12.0,5.8,3.8,1,5,NO_OFFICIAL_WARNING,TEMPORAL_DATE_DISTRICT_CONTEXTUAL_LINK,FARM_POINT_COORDINATES,DAILY_DERIVED_HOURLY
2025-11-14,10,Tiruvarur,10.7708,79.6373,24.03333333333333,64.91250000000001,20.1,0.23308333333333334,21.7,29.9,17.1,11.8,3,9,NO_OFFICIAL_WARNING,TEMPORAL_DATE_DISTRICT_CONTEXTUAL_LINK,FARM_POINT_COORDINATES,DAILY_DERIVED_HOURLY
2025-11-15,1,Thanjavur,10.787,79.1378,24.099999999999998,64.95416666666667,8.799999999999999,0.23104166666666667,8.9,11.0,10.2,4.1,2,5,NO_OFFICIAL_WARNING,TEMPORAL_DATE_DISTRICT_CONTEXTUAL_LINK,FARM_POINT_COORDINATES,DAILY_DERIVED_HOURLY
2025-11-15,2,Cuddalore,11.748,79.7714,23.90416666666667,65.07083333333334,2.5,0.22795833333333335,7.2,13.6,14.6,3.9,1,4,NO_OFFICIAL_WARNING,TEMPORAL_DATE_DISTRICT_CONTEXTUAL_LINK,FARM_POINT_COORDINATES,DAILY_DERIVED_HOURLY
2025-11-15,3,Madurai,9.9252,78.1198,24.083333333333332,64.90416666666667,2.3,0.230125,2.5,6.4,9.8,1.2,1,4,NO_OFFICIAL_WARNING,TEMPORAL_DATE_DISTRICT_CONTEXTUAL_LINK,FARM_POINT_COORDINATES,DAILY_DERIVED_HOURLY
2025-11-15,4,Nagapattinam,10.7656,79.8424,24.079166666666666,64.89999999999999,1.3,0.227625,4.1,4.5,5.6,1.5,1,4,NO_OFFICIAL_WARNING,TEMPORAL_DATE_DISTRICT_CONTEXTUAL_LINK,FARM_POINT_COORDINATES,DAILY_DERIVED_HOURLY
2025-11-15,5,Coimbatore,11.0168,76.9558,24.016666666666666,65.30416666666666,6.8,0.22191666666666665,9.4,19.9,20.5,3.8,1,4,NO_OFFICIAL_WARNING,TEMPORAL_DATE_DISTRICT_CONTEXTUAL_LINK,FARM_POINT_COORDINATES,DAILY_DERIVED_HOURLY
2025-11-15,6,Tiruchirappalli,10.7905,78.7047,23.829166666666666,64.69166666666666,2.7,0.229375,2.7,5.1,9.0,1.9,1,4,NO_OFFICIAL_WARNING,TEMPORAL_DATE_DISTRICT_CONTEXTUAL_LINK,FARM_POINT_COORDINATES,DAILY_DERIVED_HOURLY
2025-11-15,7,Tirunelveli,8.7139,77.7567,23.954166666666666,64.82083333333334,0.7999999999999999,0.22741666666666668,13.3,15.7,15.7,13.0,1,2,NO_OFFICIAL_WARNING,TEMPORAL_DATE_DISTRICT_CONTEXTUAL_LINK,FARM_POINT_COORDINATES,DAILY_DERIVED_HOURLY
2025-11-15,8,Villupuram,11.9401,79.4861,23.829166666666666,64.90833333333333,3.9,0.22958333333333333,4.1,7.5,8.1,3.9,1,2,NO_OFFICIAL_WARNING,TEMPORAL_DATE_DISTRICT_CONTEXTUAL_LINK,FARM_POINT_COORDINATES,DAILY_DERIVED_HOURLY
2025-11-15,9,Erode,11.341,77.7172,23.929166666666664,64.6125,17.2,0.23004166666666667,17.2,23.5,12.0,5.0,2,7,NO_OFFICIAL_WARNING,TEMPORAL_DATE_DISTRICT_CONTEXTUAL_LINK,FARM_POINT_COORDINATES,DAILY_DERIVED_HOURLY
2025-11-15,10,Tiruvarur,10.7708,79.6373,24.09583333333333,65.26666666666667,1.6,0.2285,20.1,29.9,29.9,11.8,1,8,NO_OFFICIAL_WARNING,TEMPORAL_DATE_DISTRICT_CONTEXTUAL_LINK,FARM_POINT_COORDINATES,DAILY_DERIVED_HOURLY
2025-11-16,1,Thanjavur,10.787,79.1378,23.833333333333332,64.74166666666666,1.2,0.22658333333333333,8.8,11.7,11.0,4.1,1,5,NO_OFFICIAL_WARNING,TEMPORAL_DATE_DISTRICT_CONTEXTUAL_LINK,FARM_POINT_COORDINATES,DAILY_DERIVED_HOURLY
2025-11-16,2,Cuddalore,11.748,79.7714,23.95,65.00416666666668,1.2,0.22354166666666667,3.7,10.5,13.6,2.1,1,3,NO_OFFICIAL_WARNING,TEMPORAL_DATE_DISTRICT_CONTEXTUAL_LINK,FARM_POINT_COORDINATES,DAILY_DERIVED_HOURLY
2025-11-16,3,Madurai,9.9252,78.1198,24.03333333333333,65.04166666666667,3.1,0.228,3.1,5.4,6.4,1.4,2,4,NO_OFFICIAL_WARNING,TEMPORAL_DATE_DISTRICT_CONTEXTUAL_LINK,FARM_POINT_COORDINATES,DAILY_DERIVED_HOURLY
2025-11-16,4,Nagapattinam,10.7656,79.8424,23.933333333333334,65.14166666666667,7.0,0.22133333333333335,7.0,8.3,4.5,3.6,2,4,NO_OFFICIAL_WARNING,TEMPORAL_DATE_DISTRICT_CONTEXTUAL_LINK,FARM_POINT_COORDINATES,DAILY_DERIVED_HOURLY
2025-11-16,5,Coimbatore,11.0168,76.9558,23.883333333333336,65.175,12.100000000000001,0.22879166666666664,18.9,21.5,19.9,4.9,1,6,NO_OFFICIAL_WARNING,TEMPORAL_DATE_DISTRICT_CONTEXTUAL_LINK,FARM_POINT_COORDINATES,DAILY_DERIVED_HOURLY
2025-11-16,6,Tiruchirappalli,10.7905,78.7047,23.870833333333334,65.04166666666667,0.0,0.22154166666666666,2.7,3.8,5.1,1.9,0,2,NO_OFFICIAL_WARNING,TEMPORAL_DATE_DISTRICT_CONTEXTUAL_LINK,FARM_POINT_COORDINATES,DAILY_DERIVED_HOURLY
2025-11-16,7,Tirunelveli,8.7139,77.7567,23.891666666666666,65.00833333333334,0.4,0.223375,1.2,14.5,15.7,0.7,1,2,NO_OFFICIAL_WARNING,TEMPORAL_DATE_DISTRICT_CONTEXTUAL_LINK,FARM_POINT_COORDINATES,DAILY_DERIVED_HOURLY
2025-11-16,8,Villupuram,11.9401,79.4861,24.141666666666666,64.83333333333333,0.5,0.2235,3.9,4.4,7.5,3.9,1,2,NO_OFFICIAL_WARNING,TEMPORAL_DATE_DISTRICT_CONTEXTUAL_LINK,FARM_POINT_COORDINATES,DAILY_DERIVED_HOURLY
2025-11-16,9,Erode,11.341,77.7172,23.912499999999998,65.0625,0.0,0.22020833333333334,17.2,23.5,23.5,5.0,0,7,NO_OFFICIAL_WARNING,TEMPORAL_DATE_DISTRICT_CONTEXTUAL_LINK,FARM_POINT_COORDINATES,DAILY_DERIVED_HOURLY
2025-11-16,10,Tiruvarur,10.7708,79.6373,23.84166666666667,64.72500000000001,2.9000000000000004,0.22591666666666665,4.2,21.7,29.9,1.2,1,5,NO_OFFICIAL_WARNING,TEMPORAL_DATE_DISTRICT_CONTEXTUAL_LINK,FARM_POINT_COORDINATES,DAILY_DERIVED_HOURLY
2025-11-17,1,Thanjavur,10.787,79.1378,23.995833333333334,64.96666666666667,0.4,0.22487500000000002,1.5,10.3,11.7,0.7,1,3,NO_OFFICIAL_WARNING,TEMPORAL_DATE_DISTRICT_CONTEXTUAL_LINK,FARM_POINT_COORDINATES,DAILY_DERIVED_HOURLY
2025-11-17,2,Cuddalore,11.748,79.7714,23.920833333333334,65.25,0.3,0.22429166666666667,1.2,3.7,10.5,1.2,1,1,NO_OFFICIAL_WARNING,TEMPORAL_DATE_DISTRICT_CONTEXTUAL_LINK,FARM_POINT_COORDINATES,DAILY_DERIVED_HOURLY
2025-11-17,3,Madurai,9.9252,78.1198,24.170833333333334,65.01666666666667,7.8999999999999995,0.22904166666666667,9.7,11.0,5.4,3.4,3,8,NO_OFFICIAL_WARNING,TEMPORAL_DATE_DISTRICT_CONTEXTUAL_LINK,FARM_POINT_COORDINATES,DAILY_DERIVED_HOURLY
2025-11-17,4,Nagapattinam,10.7656,79.8424,23.958333333333332,64.75,0.8,0.22441666666666668,7.0,8.3,8.3,3.6,1,4,NO_OFFICIAL_WARNING,TEMPORAL_DATE_DISTRICT_CONTEXTUAL_LINK,FARM_POINT_COORDINATES,DAILY_DERIVED_HOURLY
2025-11-17,5,Coimbatore,11.0168,76.9558,23.979166666666668,65.18333333333334,3.5,0.222375,12.1,20.1,21.5,4.9,2,4,NO_OFFICIAL_WARNING,TEMPORAL_DATE_DISTRICT_CONTEXTUAL_LINK,FARM_POINT_COORDINATES,DAILY_DERIVED_HOURLY
2025-11-17,6,Tiruchirappalli,10.7905,78.7047,24.120833333333334,65.12083333333334,8.8,0.228375,8.8,9.6,3.8,4.0,1,4,NO_OFFICIAL_WARNING,TEMPORAL_DATE_DISTRICT_CONTEXTUAL_LINK,FARM_POINT_COORDINATES,DAILY_DERIVED_HOURLY
2025-11-17,7,Tirunelveli,8.7139,77.7567,23.991666666666664,65.30416666666666,8.399999999999999,0.22883333333333333,8.4,8.8,14.5,4.6,1,2,NO_OFFICIAL_WARNING,TEMPORAL_DATE_DISTRICT_CONTEXTUAL_LINK,FARM_POINT_COORDINATES,DAILY_DERIVED_HOURLY
2025-11-17,8,Villupuram,11.9401,79.4861,23.883333333333336,65.12083333333334,0.3,0.22341666666666668,0.6,4.4,4.4,0.3,1,2,NO_OFFICIAL_WARNING,TEMPORAL_DATE_DISTRICT_CONTEXTUAL_LINK,FARM_POINT_COORDINATES,DAILY_DERIVED_HOURLY
2025-11-17,9,Erode,11.341,77.7172,23.912499999999998,64.47083333333333,0.4,0.21745833333333334,0.4,17.2,23.5,0.4,1,1,NO_OFFICIAL_WARNING,TEMPORAL_DATE_DISTRICT_CONTEXTUAL_LINK,FARM_POINT_COORDINATES,DAILY_DERIVED_HOURLY
2025-11-17,10,Tiruvarur,10.7708,79.6373,23.9375,64.96249999999999,16.3,0.232,16.3,19.2,21.7,6.5,3,6,NO_OFFICIAL_WARNING,TEMPORAL_DATE_DISTRICT_CONTEXTUAL_LINK,FARM_POINT_COORDINATES,DAILY_DERIVED_HOURLY
2025-11-18,1,Thanjavur,10.787,79.1378,23.97083333333333,65.00416666666666,9.6,0.22970833333333332,9.6,10.0,10.3,3.9,1,5,NO_OFFICIAL_WARNING,TEMPORAL_DATE_DISTRICT_CONTEXTUAL_LINK,FARM_POINT_COORDINATES,DAILY_DERIVED_HOURLY
2025-11-18,2,Cuddalore,11.748,79.7714,24.09166666666667,64.81666666666666,5.2,0.22433333333333336,5.2,5.5,3.7,3.6,2,3,NO_OFFICIAL_WARNING,TEMPORAL_DATE_DISTRICT_CONTEXTUAL_LINK,FARM_POINT_COORDINATES,DAILY_DERIVED_HOURLY
2025-11-18,3,Madurai,9.9252,78.1198,23.958333333333332,64.73333333333333,8.7,0.22429166666666667,13.2,18.4,11.0,5.3,1,7,NO_OFFICIAL_WARNING,TEMPORAL_DATE_DISTRICT_CONTEXTUAL_LINK,FARM_POINT_COORDINATES,DAILY_DERIVED_HOURLY
2025-11-18,4,Nagapattinam,10.7656,79.8424,23.875,64.6375,4.7,0.22699999999999998,5.5,11.7,8.3,4.0,1,3,NO_OFFICIAL_WARNING,TEMPORAL_DATE_DISTRICT_CONTEXTUAL_LINK,FARM_POINT_COORDINATES,DAILY_DERIVED_HOURLY
2025-11-18,5,Coimbatore,11.0168,76.9558,24.087500000000002,64.95,5.9,0.22266666666666668,5.9,15.6,20.1,1.9,2,5,NO_OFFICIAL_WARNING,TEMPORAL_DATE_DISTRICT_CONTEXTUAL_LINK,FARM_POINT_COORDINATES,DAILY_DERIVED_HOURLY
2025-11-18,6,Tiruchirappalli,10.7905,78.7047,24.020833333333332,64.88333333333334,0.0,0.22375,8.8,8.8,9.6,4.0,0,4,NO_OFFICIAL_WARNING,TEMPORAL_DATE_DISTRICT_CONTEXTUAL_LINK,FARM_POINT_COORDINATES,DAILY_DERIVED_HOURLY
2025-11-18,7,Tirunelveli,8.7139,77.7567,24.15833333333333,64.82916666666667,1.3,0.22620833333333334,9.3,9.7,8.8,4.6,1,3,NO_OFFICIAL_WARNING,TEMPORAL_DATE_DISTRICT_CONTEXTUAL_LINK,FARM_POINT_COORDINATES,DAILY_DERIVED_HOURLY
2025-11-18,8,Villupuram,11.9401,79.4861,23.97083333333333,65.175,4.8,0.22583333333333333,4.8,5.4,4.4,2.4,1,3,NO_OFFICIAL_WARNING,TEMPORAL_DATE_DISTRICT_CONTEXTUAL_LINK,FARM_POINT_COORDINATES,DAILY_DERIVED_HOURLY
2025-11-18,9,Erode,11.341,77.7172,24.058333333333334,64.99166666666666,0.5,0.22745833333333332,0.9,0.9,17.2,0.5,1,2,NO_OFFICIAL_WARNING,TEMPORAL_DATE_DISTRICT_CONTEXTUAL_LINK,FARM_POINT_COORDINATES,DAILY_DERIVED_HOURLY
2025-11-18,10,Tiruvarur,10.7708,79.6373,24.037499999999998,65.17083333333333,2.9,0.22729166666666667,16.3,21.0,19.2,6.5,2,8,NO_OFFICIAL_WARNING,TEMPORAL_DATE_DISTRICT_CONTEXTUAL_LINK,FARM_POINT_COORDINATES,DAILY_DERIVED_HOURLY
2025-11-19,1,Thanjavur,10.787,79.1378,24.0625,65.20416666666667,8.1,0.22595833333333334,9.9,17.7,10.0,3.9,2,8,NO_OFFICIAL_WARNING,TEMPORAL_DATE_DISTRICT_CONTEXTUAL_LINK,FARM_POINT_COORDINATES,DAILY_DERIVED_HOURLY
2025-11-19,2,Cuddalore,11.748,79.7714,23.883333333333336,65.02916666666667,0.4,0.226,5.2,5.6,5.5,3.6,1,3,NO_OFFICIAL_WARNING,TEMPORAL_DATE_DISTRICT_CONTEXTUAL_LINK,FARM_POINT_COORDINATES,DAILY_DERIVED_HOURLY
2025-11-19,3,Madurai,9.9252,78.1198,24.0,64.75833333333334,7.8,0.235,8.7,17.7,18.4,5.3,2,4,NO_OFFICIAL_WARNING,TEMPORAL_DATE_DISTRICT_CONTEXTUAL_LINK,FARM_POINT_COORDINATES,DAILY_DERIVED_HOURLY
2025-11-19,4,Nagapattinam,10.7656,79.8424,24.079166666666666,64.76666666666667,3.4,0.226625,5.0,8.9,11.7,4.0,1,3,NO_OFFICIAL_WARNING,TEMPORAL_DATE_DISTRICT_CONTEXTUAL_LINK,FARM_POINT_COORDINATES,DAILY_DERIVED_HOURLY
2025-11-19,5,Coimbatore,11.0168,76.9558,24.133333333333336,65.05,5.6000000000000005,0.22487500000000002,11.3,15.0,15.6,5.4,1,5,NO_OFFICIAL_WARNING,TEMPORAL_DATE_DISTRICT_CONTEXTUAL_LINK,FARM_POINT_COORDINATES,DAILY_DERIVED_HOURLY
2025-11-19,6,Tiruchirappalli,10.7905,78.7047,24.041666666666668,65.24166666666666,3.5999999999999996,0.22120833333333334,3.6,8.8,8.8,2.3,1,3,NO_OFFICIAL_WARNING,TEMPORAL_DATE_DISTRICT_CONTEXTUAL_LINK,FARM_POINT_COORDINATES,DAILY_DERIVED_HOURLY
2025-11-19,7,Tirunelveli,8.7139,77.7567,23.883333333333336,65.175,2.9000000000000004,0.22795833333333335,2.9,10.6,9.7,1.3,1,4,NO_OFFICIAL_WARNING,TEMPORAL_DATE_DISTRICT_CONTEXTUAL_LINK,FARM_POINT_COORDINATES,DAILY_DERIVED_HOURLY
2025-11-19,8,Villupuram,11.9401,79.4861,24.2,65.30833333333334,6.8,0.22583333333333333,8.1,11.6,5.4,4.1,2,4,NO_OFFICIAL_WARNING,TEMPORAL_DATE_DISTRICT_CONTEXTUAL_LINK,FARM_POINT_COORDINATES,DAILY_DERIVED_HOURLY
2025-11-19,9,Erode,11.341,77.7172,23.979166666666668,64.92083333333333,8.200000000000001,0.22770833333333332,8.2,8.7,0.9,2.9,2,6,NO_OFFICIAL_WARNING,TEMPORAL_DATE_DISTRICT_CONTEXTUAL_LINK,FARM_POINT_COORDINATES,DAILY_DERIVED_HOURLY
2025-11-19,10,Tiruvarur,10.7708,79.6373,24.037499999999998,64.77499999999999,4.7,0.22354166666666667,5.8,22.1,21.0,2.9,1,4,NO_OFFICIAL_WARNING,TEMPORAL_DATE_DISTRICT_CONTEXTUAL_LINK,FARM_POINT_COORDINATES,DAILY_DERIVED_HOURLY
2025-11-20,1,Thanjavur,10.787,79.1378,24.162499999999998,64.79583333333333,6.4,0.23304166666666667,10.1,19.0,17.7,2.3,2,7,NO_OFFICIAL_WARNING,TEMPORAL_DATE_DISTRICT_CONTEXTUAL_LINK,FARM_POINT_COORDINATES,DAILY_DERIVED_HOURLY
2025-11-20,2,Cuddalore,11.748,79.7714,24.05,65.34166666666667,12.799999999999999,0.22487500000000002,12.8,14.9,5.6,7.3,2,6,NO_OFFICIAL_WARNING,TEMPORAL_DATE_DISTRICT_CONTEXTUAL_LINK,FARM_POINT_COORDINATES,DAILY_DERIVED_HOURLY
2025-11-20,3,Madurai,9.9252,78.1198,24.1125,65.24166666666666,2.1,0.22670833333333332,7.8,16.5,17.7,3.1,1,4,NO_OFFICIAL_WARNING,TEMPORAL_DATE_DISTRICT_CONTEXTUAL_LINK,FARM_POINT_COORDINATES,DAILY_DERIVED_HOURLY
2025-11-20,4,Nagapattinam,10.7656,79.8424,24.141666666666666,65.16250000000001,6.699999999999999,0.22495833333333334,6.7,10.1,8.9,3.4,1,3,NO_OFFICIAL_WARNING,TEMPORAL_DATE_DISTRICT_CONTEXTUAL_LINK,FARM_POINT_COORDINATES,DAILY_DERIVED_HOURLY
2025-11-20,5,Coimbatore,11.0168,76.9558,24.125,65.34166666666667,5.6,0.22466666666666668,5.6,14.3,15.0,5.4,1,2,NO_OFFICIAL_WARNING,TEMPORAL_DATE_DISTRICT_CONTEXTUAL_LINK,FARM_POINT_COORDINATES,DAILY_DERIVED_HOURLY
2025-11-20,6,Tiruchirappalli,10.7905,78.7047,24.025000000000002,64.85416666666667,4.8,0.225125,4.8,8.4,8.8,3.6,1,3,NO_OFFICIAL_WARNING,TEMPORAL_DATE_DISTRICT_CONTEXTUAL_LINK,FARM_POINT_COORDINATES,DAILY_DERIVED_HOURLY
2025-11-20,7,Tirunelveli,8.7139,77.7567,23.870833333333334,65.05416666666666,9.4,0.22779166666666664,9.5,12.3,10.6,2.7,2,8,NO_OFFICIAL_WARNING,TEMPORAL_DATE_DISTRICT_CONTEXTUAL_LINK,FARM_POINT_COORDINATES,DAILY_DERIVED_HOURLY
2025-11-20,8,Villupuram,11.9401,79.4861,24.083333333333332,65.17916666666666,3.6999999999999997,0.22870833333333332,7.2,12.0,11.6,4.1,1,8,NO_OFFICIAL_WARNING,TEMPORAL_DATE_DISTRICT_CONTEXTUAL_LINK,FARM_POINT_COORDINATES,DAILY_DERIVED_HOURLY
2025-11-20,9,Erode,11.341,77.7172,24.116666666666664,64.74583333333334,4.9,0.22666666666666666,8.2,13.1,8.7,3.6,1,6,NO_OFFICIAL_WARNING,TEMPORAL_DATE_DISTRICT_CONTEXTUAL_LINK,FARM_POINT_COORDINATES,DAILY_DERIVED_HOURLY
2025-11-20,10,Tiruvarur,10.7708,79.6373,24.041666666666668,64.825,2.7,0.22808333333333333,2.7,7.6,22.1,1.3,1,3,NO_OFFICIAL_WARNING,TEMPORAL_DATE_DISTRICT_CONTEXTUAL_LINK,FARM_POINT_COORDINATES,DAILY_DERIVED_HOURLY
2025-11-21,1,Thanjavur,10.787,79.1378,24.179166666666664,64.92916666666666,9.6,0.22858333333333333,13.2,23.1,19.0,5.7,2,7,NO_OFFICIAL_WARNING,TEMPORAL_DATE_DISTRICT_CONTEXTUAL_LINK,FARM_POINT_COORDINATES,DAILY_DERIVED_HOURLY
2025-11-21,2,Cuddalore,11.748,79.7714,24.141666666666666,64.95416666666667,0.0,0.224,12.8,13.2,14.9,7.3,0,6,NO_OFFICIAL_WARNING,TEMPORAL_DATE_DISTRICT_CONTEXTUAL_LINK,FARM_POINT_COORDINATES,DAILY_DERIVED_HOURLY
2025-11-21,3,Madurai,9.9252,78.1198,23.891666666666666,64.8125,1.9,0.22245833333333334,4.0,9.9,16.5,2.0,1,2,NO_OFFICIAL_WARNING,TEMPORAL_DATE_DISTRICT_CONTEXTUAL_LINK,FARM_POINT_COORDINATES,DAILY_DERIVED_HOURLY
2025-11-21,4,Nagapattinam,10.7656,79.8424,23.929166666666664,64.55416666666666,4.6,0.22824999999999998,10.9,13.8,10.1,3.4,1,5,NO_OFFICIAL_WARNING,TEMPORAL_DATE_DISTRICT_CONTEXTUAL_LINK,FARM_POINT_COORDINATES,DAILY_DERIVED_HOURLY
2025-11-21,5,Coimbatore,11.0168,76.9558,23.983333333333334,65.07083333333334,6.3,0.22195833333333334,9.6,11.9,14.3,4.0,1,3,NO_OFFICIAL_WARNING,TEMPORAL_DATE_DISTRICT_CONTEXTUAL_LINK,FARM_POINT_COORDINATES,DAILY_DERIVED_HOURLY
2025-11-21,6,Tiruchirappalli,10.7905,78.7047,24.0125,64.92916666666666,5.499999999999999,0.226125,9.2,10.9,8.4,4.8,1,3,NO_OFFICIAL_WARNING,TEMPORAL_DATE_DISTRICT_CONTEXTUAL_LINK,FARM_POINT_COORDINATES,DAILY_DERIVED_HOURLY
2025-11-21,7,Tirunelveli,8.7139,77.7567,23.95,64.91250000000001,2.1,0.22375,9.0,13.5,12.3,2.7,1,5,NO_OFFICIAL_WARNING,TEMPORAL_DATE_DISTRICT_CONTEXTUAL_LINK,FARM_POINT_COORDINATES,DAILY_DERIVED_HOURLY
2025-11-21,8,Villupuram,11.9401,79.4861,24.0625,64.8875,3.5,0.225375,5.8,13.0,12.0,2.5,1,6,NO_OFFICIAL_WARNING,TEMPORAL_DATE_DISTRICT_CONTEXTUAL_LINK,FARM_POINT_COORDINATES,DAILY_DERIVED_HOURLY
2025-11-21,9,Erode,11.341,77.7172,23.912499999999998,65.19166666666666,3.0,0.22358333333333333,5.1,13.1,13.1,3.6,1,4,NO_OFFICIAL_WARNING,TEMPORAL_DATE_DISTRICT_CONTEXTUAL_LINK,FARM_POINT_COORDINATES,DAILY_DERIVED_HOURLY
2025-11-21,10,Tiruvarur,10.7708,79.6373,24.170833333333334,64.94166666666666,1.6,0.22524999999999998,4.0,5.1,7.6,1.3,1,6,NO_OFFICIAL_WARNING,TEMPORAL_DATE_DISTRICT_CONTEXTUAL_LINK,FARM_POINT_COORDINATES,DAILY_DERIVED_HOURLY
2025-11-22,1,Thanjavur,10.787,79.1378,24.045833333333334,64.825,18.1,0.233375,18.1,27.7,23.1,6.3,2,5,NO_OFFICIAL_WARNING,TEMPORAL_DATE_DISTRICT_CONTEXTUAL_LINK,FARM_POINT_COORDINATES,DAILY_DERIVED_HOURLY
2025-11-22,2,Cuddalore,11.748,79.7714,23.90416666666667,65.03750000000001,2.4,0.22629166666666667,2.4,12.8,13.2,2.1,2,2,NO_OFFICIAL_WARNING,TEMPORAL_DATE_DISTRICT_CONTEXTUAL_LINK,FARM_POINT_COORDINATES,DAILY_DERIVED_HOURLY
2025-11-22,3,Madurai,9.9252,78.1198,24.0,65.02083333333333,1.3,0.22741666666666668,1.9,5.3,9.9,1.9,1,1,NO_OFFICIAL_WARNING,TEMPORAL_DATE_DISTRICT_CONTEXTUAL_LINK,FARM_POINT_COORDINATES,DAILY_DERIVED_HOURLY
2025-11-22,4,Nagapattinam,10.7656,79.8424,24.054166666666664,64.82916666666667,8.700000000000001,0.2285,8.7,16.7,13.8,4.4,2,4,NO_OFFICIAL_WARNING,TEMPORAL_DATE_DISTRICT_CONTEXTUAL_LINK,FARM_POINT_COORDINATES,DAILY_DERIVED_HOURLY
2025-11-22,5,Coimbatore,11.0168,76.9558,24.191666666666666,64.97916666666667,3.5,0.22695833333333335,6.6,15.3,11.9,4.0,1,5,NO_OFFICIAL_WARNING,TEMPORAL_DATE_DISTRICT_CONTEXTUAL_LINK,FARM_POINT_COORDINATES,DAILY_DERIVED_HOURLY
2025-11-22,6,Tiruchirappalli,10.7905,78.7047,24.079166666666666,64.72916666666667,4.3,0.22633333333333336,6.8,11.7,10.9,4.8,1,3,NO_OFFICIAL_WARNING,TEMPORAL_DATE_DISTRICT_CONTEXTUAL_LINK,FARM_POINT_COORDINATES,DAILY_DERIVED_HOURLY
2025-11-22,7,Tirunelveli,8.7139,77.7567,24.0,64.84166666666667,3.3,0.22558333333333333,4.9,13.3,13.5,1.5,2,5,NO_OFFICIAL_WARNING,TEMPORAL_DATE_DISTRICT_CONTEXTUAL_LINK,FARM_POINT_COORDINATES,DAILY_DERIVED_HOURLY
2025-11-22,8,Villupuram,11.9401,79.4861,24.09166666666667,64.85000000000001,9.5,0.22508333333333333,9.5,13.0,13.0,4.0,1,5,NO_OFFICIAL_WARNING,TEMPORAL_DATE_DISTRICT_CONTEXTUAL_LINK,FARM_POINT_COORDINATES,DAILY_DERIVED_HOURLY
2025-11-22,9,Erode,11.341,77.7172,23.820833333333336,64.97500000000001,0.3,0.227625,3.0,7.9,13.1,2.8,1,2,NO_OFFICIAL_WARNING,TEMPORAL_DATE_DISTRICT_CONTEXTUAL_LINK,FARM_POINT_COORDINATES,DAILY_DERIVED_HOURLY
2025-11-22,10,Tiruvarur,10.7708,79.6373,23.866666666666664,65.00416666666666,0.7,0.2303333333333333,2.2,5.0,5.1,0.6,1,6,NO_OFFICIAL_WARNING,TEMPORAL_DATE_DISTRICT_CONTEXTUAL_LINK,FARM_POINT_COORDINATES,DAILY_DERIVED_HOURLY
2025-11-23,1,Thanjavur,10.787,79.1378,23.995833333333334,64.8125,5.0,0.227625,19.3,25.1,27.7,6.3,1,6,NO_OFFICIAL_WARNING,TEMPORAL_DATE_DISTRICT_CONTEXTUAL_LINK,FARM_POINT_COORDINATES,DAILY_DERIVED_HOURLY
2025-11-23,2,Cuddalore,11.748,79.7714,24.02916666666667,65.14166666666667,4.699999999999999,0.22666666666666668,4.7,7.1,12.8,2.8,1,4,NO_OFFICIAL_WARNING,TEMPORAL_DATE_DISTRICT_CONTEXTUAL_LINK,FARM_POINT_COORDINATES,DAILY_DERIVED_HOURLY
2025-11-23,3,Madurai,9.9252,78.1198,23.929166666666664,64.94583333333334,6.699999999999999,0.22716666666666666,6.7,8.0,5.3,4.6,2,3,NO_OFFICIAL_WARNING,TEMPORAL_DATE_DISTRICT_CONTEXTUAL_LINK,FARM_POINT_COORDINATES,DAILY_DERIVED_HOURLY
2025-11-23,4,Nagapattinam,10.7656,79.8424,24.008333333333336,64.96249999999999,11.1,0.23716666666666666,13.3,19.8,16.7,4.4,1,6,NO_OFFICIAL_WARNING,TEMPORAL_DATE_DISTRICT_CONTEXTUAL_LINK,FARM_POINT_COORDINATES,DAILY_DERIVED_HOURLY
2025-11-23,5,Coimbatore,11.0168,76.9558,24.2,65.16250000000001,11.3,0.22724999999999998,11.3,17.1,15.3,4.3,1,6,NO_OFFICIAL_WARNING,TEMPORAL_DATE_DISTRICT_CONTEXTUAL_LINK,FARM_POINT_COORDINATES,DAILY_DERIVED_HOURLY
2025-11-23,6,Tiruchirappalli,10.7905,78.7047,23.920833333333334,64.95,6.9,0.23391666666666666,6.9,12.7,11.7,2.9,2,6,NO_OFFICIAL_WARNING,TEMPORAL_DATE_DISTRICT_CONTEXTUAL_LINK,FARM_POINT_COORDINATES,DAILY_DERIVED_HOURLY
2025-11-23,7,Tirunelveli,8.7139,77.7567,23.8625,65.17916666666666,2.3,0.2235,3.3,5.6,13.3,1.7,2,3,NO_OFFICIAL_WARNING,TEMPORAL_DATE_DISTRICT_CONTEXTUAL_LINK,FARM_POINT_COORDINATES,DAILY_DERIVED_HOURLY
2025-11-23,8,Villupuram,11.9401,79.4861,24.058333333333334,65.02499999999999,2.6,0.22416666666666665,9.7,13.0,13.0,4.0,2,5,NO_OFFICIAL_WARNING,TEMPORAL_DATE_DISTRICT_CONTEXTUAL_LINK,FARM_POINT_COORDINATES,DAILY_DERIVED_HOURLY
2025-11-23,9,Erode,11.341,77.7172,24.008333333333336,65.14999999999999,3.4000000000000004,0.22166666666666668,3.4,3.8,7.9,2.1,1,3,NO_OFFICIAL_WARNING,TEMPORAL_DATE_DISTRICT_CONTEXTUAL_LINK,FARM_POINT_COORDINATES,DAILY_DERIVED_HOURLY
2025-11-23,10,Tiruvarur,10.7708,79.6373,23.7375,64.94583333333334,2.8,0.22116666666666665,2.8,3.5,5.0,2.8,1,1,NO_OFFICIAL_WARNING,TEMPORAL_DATE_DISTRICT_CONTEXTUAL_LINK,FARM_POINT_COORDINATES,DAILY_DERIVED_HOURLY
2025-11-24,1,Thanjavur,10.787,79.1378,23.95,64.91666666666667,7.7,0.22295833333333334,7.7,23.6,25.1,4.4,3,5,NO_OFFICIAL_WARNING,TEMPORAL_DATE_DISTRICT_CONTEXTUAL_LINK,FARM_POINT_COORDINATES,DAILY_DERIVED_HOURLY
2025-11-24,2,Cuddalore,11.748,79.7714,24.0625,64.8125,13.7,0.23299999999999998,14.7,18.4,7.1,3.8,3,7,NO_OFFICIAL_WARNING,TEMPORAL_DATE_DISTRICT_CONTEXTUAL_LINK,FARM_POINT_COORDINATES,DAILY_DERIVED_HOURLY
2025-11-24,3,Madurai,9.9252,78.1198,23.995833333333334,64.9375,1.5,0.22841666666666668,6.8,8.2,8.0,4.6,1,3,NO_OFFICIAL_WARNING,TEMPORAL_DATE_DISTRICT_CONTEXTUAL_LINK,FARM_POINT_COORDINATES,DAILY_DERIVED_HOURLY
2025-11-24,4,Nagapattinam,10.7656,79.8424,24.175,65.03333333333333,2.5,0.22629166666666667,12.1,21.5,19.8,3.3,1,6,NO_OFFICIAL_WARNING,TEMPORAL_DATE_DISTRICT_CONTEXTUAL_LINK,FARM_POINT_COORDINATES,DAILY_DERIVED_HOURLY
2025-11-24,5,Coimbatore,11.0168,76.9558,24.008333333333336,64.83333333333333,2.7,0.22687500000000002,11.5,15.0,17.1,4.3,1,7,NO_OFFICIAL_WARNING,TEMPORAL_DATE_DISTRICT_CONTEXTUAL_LINK,FARM_POINT_COORDINATES,DAILY_DERIVED_HOURLY
2025-11-24,6,Tiruchirappalli,10.7905,78.7047,24.150000000000002,64.83333333333333,18.9,0.23495833333333335,18.9,25.8,12.7,7.2,1,8,NO_OFFICIAL_WARNING,TEMPORAL_DATE_DISTRICT_CONTEXTUAL_LINK,FARM_POINT_COORDINATES,DAILY_DERIVED_HOURLY
2025-11-24,7,Tirunelveli,8.7139,77.7567,23.945833333333336,65.17916666666666,8.6,0.22929166666666667,8.6,10.9,5.6,4.1,2,4,NO_OFFICIAL_WARNING,TEMPORAL_DATE_DISTRICT_CONTEXTUAL_LINK,FARM_POINT_COORDINATES,DAILY_DERIVED_HOURLY
2025-11-24,8,Villupuram,11.9401,79.4861,24.0125,65.21249999999999,6.7,0.2295,6.7,11.0,13.0,3.7,1,3,NO_OFFICIAL_WARNING,TEMPORAL_DATE_DISTRICT_CONTEXTUAL_LINK,FARM_POINT_COORDINATES,DAILY_DERIVED_HOURLY
2025-11-24,9,Erode,11.341,77.7172,23.929166666666664,65.17916666666666,8.2,0.22995833333333335,11.1,11.9,3.8,5.1,2,5,NO_OFFICIAL_WARNING,TEMPORAL_DATE_DISTRICT_CONTEXTUAL_LINK,FARM_POINT_COORDINATES,DAILY_DERIVED_HOURLY
2025-11-24,10,Tiruvarur,10.7708,79.6373,23.900000000000002,64.9875,2.0,0.227125,4.8,4.8,3.5,2.8,1,3,NO_OFFICIAL_WARNING,TEMPORAL_DATE_DISTRICT_CONTEXTUAL_LINK,FARM_POINT_COORDINATES,DAILY_DERIVED_HOURLY
2025-11-25,1,Thanjavur,10.787,79.1378,24.020833333333332,64.8875,10.0,0.23424999999999999,17.2,19.1,23.6,6.4,2,7,NO_OFFICIAL_WARNING,TEMPORAL_DATE_DISTRICT_CONTEXTUAL_LINK,FARM_POINT_COORDINATES,DAILY_DERIVED_HOURLY
2025-11-25,2,Cuddalore,11.748,79.7714,24.025000000000002,64.85833333333333,3.8,0.22879166666666664,13.7,18.4,18.4,3.8,1,7,NO_OFFICIAL_WARNING,TEMPORAL_DATE_DISTRICT_CONTEXTUAL_LINK,FARM_POINT_COORDINATES,DAILY_DERIVED_HOURLY
2025-11-25,3,Madurai,9.9252,78.1198,24.016666666666666,64.97500000000001,7.1,0.22487500000000002,8.5,12.5,8.2,2.8,2,6,NO_OFFICIAL_WARNING,TEMPORAL_DATE_DISTRICT_CONTEXTUAL_LINK,FARM_POINT_COORDINATES,DAILY_DERIVED_HOURLY
2025-11-25,4,Nagapattinam,10.7656,79.8424,24.150000000000002,65.20416666666667,1.3,0.22624999999999998,2.5,13.6,21.5,1.0,1,3,NO_OFFICIAL_WARNING,TEMPORAL_DATE_DISTRICT_CONTEXTUAL_LINK,FARM_POINT_COORDINATES,DAILY_DERIVED_HOURLY
2025-11-25,5,Coimbatore,11.0168,76.9558,23.95,65.3625,0.1,0.22258333333333333,2.7,14.0,15.0,2.2,0,3,NO_OFFICIAL_WARNING,TEMPORAL_DATE_DISTRICT_CONTEXTUAL_LINK,FARM_POINT_COORDINATES,DAILY_DERIVED_HOURLY
2025-11-25,6,Tiruchirappalli,10.7905,78.7047,24.224999999999998,65.17083333333333,9.2,0.22570833333333332,21.4,31.0,25.8,7.2,1,6,NO_OFFICIAL_WARNING,TEMPORAL_DATE_DISTRICT_CONTEXTUAL_LINK,FARM_POINT_COORDINATES,DAILY_DERIVED_HOURLY
2025-11-25,7,Tirunelveli,8.7139,77.7567,24.1125,64.83333333333333,1.2000000000000002,0.22591666666666665,9.4,11.5,10.9,4.1,1,5,NO_OFFICIAL_WARNING,TEMPORAL_DATE_DISTRICT_CONTEXTUAL_LINK,FARM_POINT_COORDINATES,DAILY_DERIVED_HOURLY
2025-11-25,8,Villupuram,11.9401,79.4861,23.90833333333333,65.02916666666667,0.1,0.22475,6.7,9.3,11.0,3.7,0,3,NO_OFFICIAL_WARNING,TEMPORAL_DATE_DISTRICT_CONTEXTUAL_LINK,FARM_POINT_COORDINATES,DAILY_DERIVED_HOURLY
2025-11-25,9,Erode,11.341,77.7172,23.804166666666664,64.63333333333334,2.3,0.22416666666666665,8.2,11.6,11.9,5.1,1,3,NO_OFFICIAL_WARNING,TEMPORAL_DATE_DISTRICT_CONTEXTUAL_LINK,FARM_POINT_COORDINATES,DAILY_DERIVED_HOURLY
2025-11-25,10,Tiruvarur,10.7708,79.6373,24.075,64.98333333333333,1.6,0.22354166666666667,3.0,6.4,4.8,1.5,1,2,NO_OFFICIAL_WARNING,TEMPORAL_DATE_DISTRICT_CONTEXTUAL_LINK,FARM_POINT_COORDINATES,DAILY_DERIVED_HOURLY
2025-11-26,1,Thanjavur,10.787,79.1378,24.016666666666666,65.19583333333334,1.1,0.2225,10.0,18.3,19.1,6.4,1,4,NO_OFFICIAL_WARNING,TEMPORAL_DATE_DISTRICT_CONTEXTUAL_LINK,FARM_POINT_COORDINATES,DAILY_DERIVED_HOURLY
2025-11-26,2,Cuddalore,11.748,79.7714,24.079166666666666,65.09583333333333,4.8,0.22570833333333332,7.1,17.5,18.4,1.9,1,5,NO_OFFICIAL_WARNING,TEMPORAL_DATE_DISTRICT_CONTEXTUAL_LINK,FARM_POINT_COORDINATES,DAILY_DERIVED_HOURLY
2025-11-26,3,Madurai,9.9252,78.1198,23.829166666666666,64.90416666666667,0.4,0.222625,7.1,8.9,12.5,2.8,1,5,NO_OFFICIAL_WARNING,TEMPORAL_DATE_DISTRICT_CONTEXTUAL_LINK,FARM_POINT_COORDINATES,DAILY_DERIVED_HOURLY
2025-11-26,4,Nagapattinam,10.7656,79.8424,24.166666666666668,64.66250000000001,5.4,0.22024999999999997,5.8,7.5,13.6,2.5,1,4,NO_OFFICIAL_WARNING,TEMPORAL_DATE_DISTRICT_CONTEXTUAL_LINK,FARM_POINT_COORDINATES,DAILY_DERIVED_HOURLY
2025-11-26,5,Coimbatore,11.0168,76.9558,24.133333333333336,65.17083333333333,4.7,0.2217916666666667,4.8,6.9,14.0,2.3,2,4,NO_OFFICIAL_WARNING,TEMPORAL_DATE_DISTRICT_CONTEXTUAL_LINK,FARM_POINT_COORDINATES,DAILY_DERIVED_HOURLY
2025-11-26,6,Tiruchirappalli,10.7905,78.7047,24.037499999999998,64.87916666666666,4.2,0.22883333333333333,10.9,28.1,31.0,6.3,2,6,NO_OFFICIAL_WARNING,TEMPORAL_DATE_DISTRICT_CONTEXTUAL_LINK,FARM_POINT_COORDINATES,DAILY_DERIVED_HOURLY
2025-11-26,7,Tirunelveli,8.7139,77.7567,23.879166666666666,65.08333333333333,0.4,0.22720833333333335,1.2,10.0,11.5,0.8,1,3,NO_OFFICIAL_WARNING,TEMPORAL_DATE_DISTRICT_CONTEXTUAL_LINK,FARM_POINT_COORDINATES,DAILY_DERIVED_HOURLY
2025-11-26,8,Villupuram,11.9401,79.4861,24.054166666666664,65.05833333333334,7.2,0.22641666666666668,7.3,12.8,9.3,5.7,2,4,NO_OFFICIAL_WARNING,TEMPORAL_DATE_DISTRICT_CONTEXTUAL_LINK,FARM_POINT_COORDINATES,DAILY_DERIVED_HOURLY
2025-11-26,9,Erode,11.341,77.7172,23.870833333333334,64.97083333333333,1.5,0.22295833333333334,2.4,10.5,11.6,1.4,1,3,NO_OFFICIAL_WARNING,TEMPORAL_DATE_DISTRICT_CONTEXTUAL_LINK,FARM_POINT_COORDINATES,DAILY_DERIVED_HOURLY
2025-11-26,10,Tiruvarur,10.7708,79.6373,24.145833333333332,65.03333333333333,6.2,0.22895833333333335,6.2,8.2,6.4,2.4,3,6,NO_OFFICIAL_WARNING,TEMPORAL_DATE_DISTRICT_CONTEXTUAL_LINK,FARM_POINT_COORDINATES,DAILY_DERIVED_HOURLY
2025-11-27,1,Thanjavur,10.787,79.1378,23.90833333333333,65.05416666666666,10.299999999999999,0.23291666666666666,10.3,12.1,18.3,4.1,1,5,NO_OFFICIAL_WARNING,TEMPORAL_DATE_DISTRICT_CONTEXTUAL_LINK,FARM_POINT_COORDINATES,DAILY_DERIVED_HOURLY
2025-11-27,2,Cuddalore,11.748,79.7714,23.8875,64.89583333333333,2.0,0.22558333333333333,5.4,9.2,17.5,1.8,1,4,NO_OFFICIAL_WARNING,TEMPORAL_DATE_DISTRICT_CONTEXTUAL_LINK,FARM_POINT_COORDINATES,DAILY_DERIVED_HOURLY
2025-11-27,3,Madurai,9.9252,78.1198,24.141666666666666,65.10833333333333,1.2,0.22395833333333334,1.5,7.5,8.9,0.7,1,3,NO_OFFICIAL_WARNING,TEMPORAL_DATE_DISTRICT_CONTEXTUAL_LINK,FARM_POINT_COORDINATES,DAILY_DERIVED_HOURLY
2025-11-27,4,Nagapattinam,10.7656,79.8424,24.004166666666666,64.8625,5.6,0.22691666666666666,6.1,11.0,7.5,1.9,1,4,NO_OFFICIAL_WARNING,TEMPORAL_DATE_DISTRICT_CONTEXTUAL_LINK,FARM_POINT_COORDINATES,DAILY_DERIVED_HOURLY
2025-11-27,5,Coimbatore,11.0168,76.9558,24.02916666666667,65.05,3.7,0.22116666666666665,7.4,8.5,6.9,2.3,2,7,NO_OFFICIAL_WARNING,TEMPORAL_DATE_DISTRICT_CONTEXTUAL_LINK,FARM_POINT_COORDINATES,DAILY_DERIVED_HOURLY
2025-11-27,6,Tiruchirappalli,10.7905,78.7047,23.9375,65.10000000000001,4.1,0.22283333333333333,6.9,16.1,28.1,2.0,3,8,NO_OFFICIAL_WARNING,TEMPORAL_DATE_DISTRICT_CONTEXTUAL_LINK,FARM_POINT_COORDINATES,DAILY_DERIVED_HOURLY
2025-11-27,7,Tirunelveli,8.7139,77.7567,23.991666666666664,64.99166666666666,2.9,0.23266666666666666,2.9,3.3,10.0,1.5,1,3,NO_OFFICIAL_WARNING,TEMPORAL_DATE_DISTRICT_CONTEXTUAL_LINK,FARM_POINT_COORDINATES,DAILY_DERIVED_HOURLY
2025-11-27,8,Villupuram,11.9401,79.4861,24.15416666666667,64.3625,0.0,0.226125,7.2,7.3,12.8,5.7,0,4,NO_OFFICIAL_WARNING,TEMPORAL_DATE_DISTRICT_CONTEXTUAL_LINK,FARM_POINT_COORDINATES,DAILY_DERIVED_HOURLY
2025-11-27,9,Erode,11.341,77.7172,24.099999999999998,65.3125,7.6,0.23316666666666666,9.0,9.1,10.5,3.5,1,4,NO_OFFICIAL_WARNING,TEMPORAL_DATE_DISTRICT_CONTEXTUAL_LINK,FARM_POINT_COORDINATES,DAILY_DERIVED_HOURLY
2025-11-27,10,Tiruvarur,10.7708,79.6373,24.1375,64.92916666666666,5.5,0.230375,9.6,11.7,8.2,3.4,2,7,NO_OFFICIAL_WARNING,TEMPORAL_DATE_DISTRICT_CONTEXTUAL_LINK,FARM_POINT_COORDINATES,DAILY_DERIVED_HOURLY
2025-11-28,1,Thanjavur,10.787,79.1378,24.041666666666668,64.92916666666666,1.4000000000000001,0.22870833333333332,10.3,11.7,12.1,4.1,1,5,NO_OFFICIAL_WARNING,TEMPORAL_DATE_DISTRICT_CONTEXTUAL_LINK,FARM_POINT_COORDINATES,DAILY_DERIVED_HOURLY
2025-11-28,2,Cuddalore,11.748,79.7714,23.916666666666668,64.77083333333333,0.1,0.22133333333333335,2.0,6.8,9.2,1.4,0,2,NO_OFFICIAL_WARNING,TEMPORAL_DATE_DISTRICT_CONTEXTUAL_LINK,FARM_POINT_COORDINATES,DAILY_DERIVED_HOURLY
2025-11-28,3,Madurai,9.9252,78.1198,23.84583333333333,65.23333333333333,3.3000000000000003,0.22395833333333334,4.3,4.7,7.5,3.1,1,3,NO_OFFICIAL_WARNING,TEMPORAL_DATE_DISTRICT_CONTEXTUAL_LINK,FARM_POINT_COORDINATES,DAILY_DERIVED_HOURLY
2025-11-28,4,Nagapattinam,10.7656,79.8424,24.133333333333336,65.0125,3.4000000000000004,0.22666666666666668,5.9,11.0,11.0,2.1,1,4,NO_OFFICIAL_WARNING,TEMPORAL_DATE_DISTRICT_CONTEXTUAL_LINK,FARM_POINT_COORDINATES,DAILY_DERIVED_HOURLY
2025-11-28,5,Coimbatore,11.0168,76.9558,24.0,65.29583333333333,0.8,0.22104166666666666,3.8,9.2,8.5,1.0,1,5,NO_OFFICIAL_WARNING,TEMPORAL_DATE_DISTRICT_CONTEXTUAL_LINK,FARM_POINT_COORDINATES,DAILY_DERIVED_HOURLY
2025-11-28,6,Tiruchirappalli,10.7905,78.7047,24.058333333333334,64.56666666666666,3.0,0.22608333333333333,4.1,8.4,16.1,2.0,1,5,NO_OFFICIAL_WARNING,TEMPORAL_DATE_DISTRICT_CONTEXTUAL_LINK,FARM_POINT_COORDINATES,DAILY_DERIVED_HOURLY
2025-11-28,7,Tirunelveli,8.7139,77.7567,23.84166666666667,64.85833333333333,3.1,0.23004166666666667,4.5,6.0,3.3,1.5,1,3,NO_OFFICIAL_WARNING,TEMPORAL_DATE_DISTRICT_CONTEXTUAL_LINK,FARM_POINT_COORDINATES,DAILY_DERIVED_HOURLY
2025-11-28,8,Villupuram,11.9401,79.4861,24.045833333333334,64.80416666666666,7.7,0.227625,7.7,7.7,7.3,7.4,2,2,NO_OFFICIAL_WARNING,TEMPORAL_DATE_DISTRICT_CONTEXTUAL_LINK,FARM_POINT_COORDINATES,DAILY_DERIVED_HOURLY
2025-11-28,9,Erode,11.341,77.7172,24.03333333333333,64.95833333333333,5.6,0.2245,10.6,14.4,9.1,3.5,2,6,NO_OFFICIAL_WARNING,TEMPORAL_DATE_DISTRICT_CONTEXTUAL_LINK,FARM_POINT_COORDINATES,DAILY_DERIVED_HOURLY
2025-11-28,10,Tiruvarur,10.7708,79.6373,24.0125,65.03750000000001,7.2,0.22495833333333334,8.7,12.7,11.7,3.7,3,8,NO_OFFICIAL_WARNING,TEMPORAL_DATE_DISTRICT_CONTEXTUAL_LINK,FARM_POINT_COORDINATES,DAILY_DERIVED_HOURLY
2025-11-29,1,Thanjavur,10.787,79.1378,23.837500000000002,64.97916666666667,4.1,0.22320833333333334,4.9,11.7,11.7,2.6,2,4,NO_OFFICIAL_WARNING,TEMPORAL_DATE_DISTRICT_CONTEXTUAL_LINK,FARM_POINT_COORDINATES,DAILY_DERIVED_HOURLY
2025-11-29,2,Cuddalore,11.748,79.7714,24.0625,64.74583333333334,7.3999999999999995,0.22541666666666668,7.5,8.9,6.8,4.1,1,2,NO_OFFICIAL_WARNING,TEMPORAL_DATE_DISTRICT_CONTEXTUAL_LINK,FARM_POINT_COORDINATES,DAILY_DERIVED_HOURLY
2025-11-29,3,Madurai,9.9252,78.1198,23.979166666666668,64.47916666666667,11.700000000000001,0.23324999999999999,11.7,15.3,4.7,6.3,1,4,NO_OFFICIAL_WARNING,TEMPORAL_DATE_DISTRICT_CONTEXTUAL_LINK,FARM_POINT_COORDINATES,DAILY_DERIVED_HOURLY
2025-11-29,4,Nagapattinam,10.7656,79.8424,24.15416666666667,64.77083333333333,1.7,0.2217916666666667,3.4,9.0,11.0,2.1,1,3,NO_OFFICIAL_WARNING,TEMPORAL_DATE_DISTRICT_CONTEXTUAL_LINK,FARM_POINT_COORDINATES,DAILY_DERIVED_HOURLY
2025-11-29,5,Coimbatore,11.0168,76.9558,24.070833333333336,65.075,8.9,0.23108333333333334,8.9,9.7,9.2,3.1,1,4,NO_OFFICIAL_WARNING,TEMPORAL_DATE_DISTRICT_CONTEXTUAL_LINK,FARM_POINT_COORDINATES,DAILY_DERIVED_HOURLY
2025-11-29,6,Tiruchirappalli,10.7905,78.7047,23.962500000000002,64.77083333333333,5.2,0.22404166666666667,5.6,8.2,8.4,3.7,1,3,NO_OFFICIAL_WARNING,TEMPORAL_DATE_DISTRICT_CONTEXTUAL_LINK,FARM_POINT_COORDINATES,DAILY_DERIVED_HOURLY
2025-11-29,7,Tirunelveli,8.7139,77.7567,24.145833333333332,64.97916666666667,4.9,0.2335,6.2,9.4,6.0,3.0,2,4,NO_OFFICIAL_WARNING,TEMPORAL_DATE_DISTRICT_CONTEXTUAL_LINK,FARM_POINT_COORDINATES,DAILY_DERIVED_HOURLY
2025-11-29,8,Villupuram,11.9401,79.4861,24.02916666666667,65.39999999999999,2.7,0.22508333333333333,10.4,10.4,7.7,7.4,1,5,NO_OFFICIAL_WARNING,TEMPORAL_DATE_DISTRICT_CONTEXTUAL_LINK,FARM_POINT_COORDINATES,DAILY_DERIVED_HOURLY
2025-11-29,9,Erode,11.341,77.7172,23.77916666666667,64.55,4.8,0.22254166666666667,6.6,14.8,14.4,2.4,1,6,NO_OFFICIAL_WARNING,TEMPORAL_DATE_DISTRICT_CONTEXTUAL_LINK,FARM_POINT_COORDINATES,DAILY_DERIVED_HOURLY
2025-11-29,10,Tiruvarur,10.7708,79.6373,24.041666666666668,64.83333333333333,0.2,0.223375,6.8,12.7,12.7,3.7,1,6,NO_OFFICIAL_WARNING,TEMPORAL_DATE_DISTRICT_CONTEXTUAL_LINK,FARM_POINT_COORDINATES,DAILY_DERIVED_HOURLY
