date,farm_id,district,latitude,longitude,temperature,humidity,rainfall,soil_moisture,rain_24h,rain_48h,previous_rain_48h,max_hourly_rain,continuous_rain_hours,rain_hours,official_warning_context,join_method,spatial_resolution,temporal_resolution,crop,crop_variety,crop_age_days,growth_stage,season,soil_type,sand_percentage,silt_percentage,clay_percentage,drainage_class,soil_source,soil_moisture_surface,soil_moisture_rootzone,antecedent_wetness_index,application_rain_risk,waterlogging_risk,damage_class,survival_class,recovery_class,loss_class,target_source
2025-10-01,1,Thanjavur,10.787,79.1378,23.866666666666664,65.075,11.3,0.229375,11.3,11.3,0.0,3.6,2,4,NO_OFFICIAL_WARNING,TEMPORAL_DATE_DISTRICT_CONTEXTUAL_LINK,FARM_POINT_COORDINATES,DAILY_DERIVED_HOURLY,Paddy,CR1009 Sub1,45,Tillering,Samba,Clay Loam,25.0,35.0,40.0,POOR,LAB_VERIFIED,0.229375,0.28,22.94,LOW_WASH_RISK,LOW,UNLABELLED,UNLABELLED,UNLABELLED,UNLABELLED,UNLABELLED
2025-10-01,2,Cuddalore,11.748,79.7714,23.954166666666666,64.74166666666666,5.5,0.2261666666666666,5.5,5.5,0.0,3.1,1,4,NO_OFFICIAL_WARNING,TEMPORAL_DATE_DISTRICT_CONTEXTUAL_LINK,FARM_POINT_COORDINATES,DAILY_DERIVED_HOURLY,Paddy,ADT 45,80,Flowering,Samba,Clay,15.0,30.0,55.0,POOR,FARMER_VERIFIED,0.2261666666666666,0.239,22.62,LOW_WASH_RISK,LOW,UNLABELLED,UNLABELLED,UNLABELLED,UNLABELLED,UNLABELLED
2025-10-01,3,Madurai,9.9252,78.1198,24.14583333333333,65.27499999999999,3.0,0.2245,3.0,3.0,0.0,2.2,1,2,NO_OFFICIAL_WARNING,TEMPORAL_DATE_DISTRICT_CONTEXTUAL_LINK,FARM_POINT_COORDINATES,DAILY_DERIVED_HOURLY,Maize,Co 6,35,Vegetative,Kharif,Sandy Loam,60.0,25.0,15.0,WELL_DRAINED,ESTIMATED,0.2245,0.274,22.45,LOW_WASH_RISK,LOW,UNLABELLED,UNLABELLED,UNLABELLED,UNLABELLED,UNLABELLED
2025-10-01,4,Nagapattinam,10.7656,79.8424,23.98333333333333,64.61666666666666,2.1,0.2236666666666666,2.1,2.1,0.0,1.1,1,2,NO_OFFICIAL_WARNING,TEMPORAL_DATE_DISTRICT_CONTEXTUAL_LINK,FARM_POINT_COORDINATES,DAILY_DERIVED_HOURLY,Cotton,MCU 5,65,Boll Formation,Kharif,Black Clay,20.0,20.0,60.0,POOR,LAB_VERIFIED,0.2236666666666666,0.249,22.37,LOW_WASH_RISK,LOW,UNLABELLED,UNLABELLED,UNLABELLED,UNLABELLED,UNLABELLED
2025-10-01,5,Coimbatore,11.0168,76.9558,24.166666666666668,64.78750000000001,2.0,0.2269166666666666,2.0,2.0,0.0,1.2,1,2,NO_OFFICIAL_WARNING,TEMPORAL_DATE_DISTRICT_CONTEXTUAL_LINK,FARM_POINT_COORDINATES,DAILY_DERIVED_HOURLY,Groundnut,TMV 7,50,Pegging,Kharif,Red Sandy,70.0,15.0,15.0,WELL_DRAINED,FARMER_VERIFIED,0.2269166666666666,0.266,22.69,LOW_WASH_RISK,LOW,UNLABELLED,UNLABELLED,UNLABELLED,UNLABELLED,UNLABELLED
2025-10-01,6,Tiruchirappalli,10.7905,78.7047,23.85,65.12083333333334,5.7,0.2280416666666666,5.7,5.7,0.0,3.5,1,3,NO_OFFICIAL_WARNING,TEMPORAL_DATE_DISTRICT_CONTEXTUAL_LINK,FARM_POINT_COORDINATES,DAILY_DERIVED_HOURLY,Banana,Grand Naine,120,Shooting,Annual,Alluvial Loam,35.0,45.0,20.0,MODERATE,LAB_VERIFIED,0.2280416666666666,0.274,22.8,LOW_WASH_RISK,LOW,UNLABELLED,UNLABELLED,UNLABELLED,UNLABELLED,UNLABELLED
2025-10-01,7,Tirunelveli,8.7139,77.7567,23.945833333333336,65.00416666666666,11.4,0.2284583333333333,11.4,11.4,0.0,4.1,1,4,NO_OFFICIAL_WARNING,TEMPORAL_DATE_DISTRICT_CONTEXTUAL_LINK,FARM_POINT_COORDINATES,DAILY_DERIVED_HOURLY,Tomato,PKM 1,30,Vegetative,Rabi,Red Loam,45.0,35.0,20.0,MODERATE,ESTIMATED,0.2284583333333333,0.265,22.85,LOW_WASH_RISK,LOW,UNLABELLED,UNLABELLED,UNLABELLED,UNLABELLED,UNLABELLED
2025-10-01,8,Villupuram,11.9401,79.4861,23.89583333333333,65.15833333333333,14.9,0.2337083333333333,14.9,14.9,0.0,9.6,1,3,NO_OFFICIAL_WARNING,TEMPORAL_DATE_DISTRICT_CONTEXTUAL_LINK,FARM_POINT_COORDINATES,DAILY_DERIVED_HOURLY,Sugarcane,Co 86032,150,Grand Growth,Annual,Clay Loam,30.0,35.0,35.0,MODERATE,LAB_VERIFIED,0.2337083333333333,0.273,23.37,LOW_WASH_RISK,LOW,UNLABELLED,UNLABELLED,UNLABELLED,UNLABELLED,UNLABELLED
2025-10-01,9,Erode,11.341,77.7172,23.941666666666663,64.675,10.3,0.2289999999999999,10.3,10.3,0.0,3.8,1,5,NO_OFFICIAL_WARNING,TEMPORAL_DATE_DISTRICT_CONTEXTUAL_LINK,FARM_POINT_COORDINATES,DAILY_DERIVED_HOURLY,Chilli,K1,40,Flowering,Rabi,Black Soil,30.0,25.0,45.0,POOR,FARMER_VERIFIED,0.2289999999999999,0.248,22.9,LOW_WASH_RISK,LOW,UNLABELLED,UNLABELLED,UNLABELLED,UNLABELLED,UNLABELLED
2025-10-01,10,Tiruvarur,10.7708,79.6373,23.975,65.08749999999999,2.6,0.2242499999999999,2.6,2.6,0.0,1.6,1,3,NO_OFFICIAL_WARNING,TEMPORAL_DATE_DISTRICT_CONTEXTUAL_LINK,FARM_POINT_COORDINATES,DAILY_DERIVED_HOURLY,Pulses,Vamban 3,25,Vegetative,Rabi,Loamy Sand,65.0,20.0,15.0,WELL_DRAINED,ESTIMATED,0.2242499999999999,0.264,22.42,LOW_WASH_RISK,LOW,UNLABELLED,UNLABELLED,UNLABELLED,UNLABELLED,UNLABELLED
2025-10-02,1,Thanjavur,10.787,79.1378,23.975,65.00416666666668,6.2,0.227875,11.3,17.5,11.3,3.6,2,5,NO_OFFICIAL_WARNING,TEMPORAL_DATE_DISTRICT_CONTEXTUAL_LINK,FARM_POINT_COORDINATES,DAILY_DERIVED_HOURLY,Paddy,CR1009 Sub1,45,Tillering,Samba,Clay Loam,25.0,35.0,40.0,POOR,LAB_VERIFIED,0.227875,0.257,31.71,LOW_WASH_RISK,MODERATE,UNLABELLED,UNLABELLED,UNLABELLED,UNLABELLED,UNLABELLED
2025-10-02,2,Cuddalore,11.748,79.7714,23.929166666666664,64.83333333333333,1.2000000000000002,0.2235833333333333,2.4,6.7,5.5,1.1,1,3,NO_OFFICIAL_WARNING,TEMPORAL_DATE_DISTRICT_CONTEXTUAL_LINK,FARM_POINT_COORDINATES,DAILY_DERIVED_HOURLY,Paddy,ADT 45,80,Flowering,Samba,Clay,15.0,30.0,55.0,POOR,FARMER_VERIFIED,0.2235833333333333,0.255,26.7,LOW_WASH_RISK,LOW,UNLABELLED,UNLABELLED,UNLABELLED,UNLABELLED,UNLABELLED
2025-10-02,3,Madurai,9.9252,78.1198,23.870833333333334,64.67083333333333,1.3,0.2271666666666666,3.0,4.3,3.0,2.2,1,2,NO_OFFICIAL_WARNING,TEMPORAL_DATE_DISTRICT_CONTEXTUAL_LINK,FARM_POINT_COORDINATES,DAILY_DERIVED_HOURLY,Maize,Co 6,35,Vegetative,Kharif,Sandy Loam,60.0,25.0,15.0,WELL_DRAINED,ESTIMATED,0.2271666666666666,0.273,25.09,LOW_WASH_RISK,LOW,UNLABELLED,UNLABELLED,UNLABELLED,UNLABELLED,UNLABELLED
2025-10-02,4,Nagapattinam,10.7656,79.8424,23.9625,65.03333333333333,9.3,0.2275833333333333,10.3,11.4,2.1,5.6,1,5,NO_OFFICIAL_WARNING,TEMPORAL_DATE_DISTRICT_CONTEXTUAL_LINK,FARM_POINT_COORDINATES,DAILY_DERIVED_HOURLY,Cotton,MCU 5,65,Boll Formation,Kharif,Black Clay,20.0,20.0,60.0,POOR,LAB_VERIFIED,0.2275833333333333,0.279,24.42,LOW_WASH_RISK,LOW,UNLABELLED,UNLABELLED,UNLABELLED,UNLABELLED,UNLABELLED
2025-10-02,5,Coimbatore,11.0168,76.9558,23.995833333333334,64.89999999999999,6.4,0.2334583333333333,6.4,8.4,2.0,2.6,2,5,NO_OFFICIAL_WARNING,TEMPORAL_DATE_DISTRICT_CONTEXTUAL_LINK,FARM_POINT_COORDINATES,DAILY_DERIVED_HOURLY,Groundnut,TMV 7,50,Pegging,Kharif,Red Sandy,70.0,15.0,15.0,WELL_DRAINED,FARMER_VERIFIED,0.2334583333333333,0.273,24.93,LOW_WASH_RISK,LOW,UNLABELLED,UNLABELLED,UNLABELLED,UNLABELLED,UNLABELLED
2025-10-02,6,Tiruchirappalli,10.7905,78.7047,23.875,65.01666666666667,2.8,0.2202499999999999,6.2,8.5,5.7,3.5,1,4,NO_OFFICIAL_WARNING,TEMPORAL_DATE_DISTRICT_CONTEXTUAL_LINK,FARM_POINT_COORDINATES,DAILY_DERIVED_HOURLY,Banana,Grand Naine,120,Shooting,Annual,Alluvial Loam,35.0,45.0,20.0,MODERATE,LAB_VERIFIED,0.2202499999999999,0.238,26.53,LOW_WASH_RISK,LOW,UNLABELLED,UNLABELLED,UNLABELLED,UNLABELLED,UNLABELLED
2025-10-02,7,Tirunelveli,8.7139,77.7567,23.90833333333333,64.6875,2.8000000000000003,0.229,11.4,14.2,11.4,4.1,1,4,NO_OFFICIAL_WARNING,TEMPORAL_DATE_DISTRICT_CONTEXTUAL_LINK,FARM_POINT_COORDINATES,DAILY_DERIVED_HOURLY,Tomato,PKM 1,30,Vegetative,Rabi,Red Loam,45.0,35.0,20.0,MODERATE,ESTIMATED,0.229,0.283,31.91,LOW_WASH_RISK,LOW,UNLABELLED,UNLABELLED,UNLABELLED,UNLABELLED,UNLABELLED
2025-10-02,8,Villupuram,11.9401,79.4861,24.008333333333336,64.54166666666667,1.2999999999999998,0.2269166666666666,14.9,16.2,14.9,9.6,1,3,NO_OFFICIAL_WARNING,TEMPORAL_DATE_DISTRICT_CONTEXTUAL_LINK,FARM_POINT_COORDINATES,DAILY_DERIVED_HOURLY,Sugarcane,Co 86032,150,Grand Growth,Annual,Clay Loam,30.0,35.0,35.0,MODERATE,LAB_VERIFIED,0.2269166666666666,0.272,34.46,LOW_WASH_RISK,LOW,UNLABELLED,UNLABELLED,UNLABELLED,UNLABELLED,UNLABELLED
2025-10-02,9,Erode,11.341,77.7172,23.67083333333333,65.07083333333334,3.8,0.23075,10.7,14.1,10.3,3.8,1,6,NO_OFFICIAL_WARNING,TEMPORAL_DATE_DISTRICT_CONTEXTUAL_LINK,FARM_POINT_COORDINATES,DAILY_DERIVED_HOURLY,Chilli,K1,40,Flowering,Rabi,Black Soil,30.0,25.0,45.0,POOR,FARMER_VERIFIED,0.23075,0.258,31.21,LOW_WASH_RISK,MODERATE,UNLABELLED,UNLABELLED,UNLABELLED,UNLABELLED,UNLABELLED
2025-10-02,10,Tiruvarur,10.7708,79.6373,24.0625,65.05833333333334,1.7000000000000002,0.2299999999999999,1.9,4.3,2.6,1.6,1,3,NO_OFFICIAL_WARNING,TEMPORAL_DATE_DISTRICT_CONTEXTUAL_LINK,FARM_POINT_COORDINATES,DAILY_DERIVED_HOURLY,Pulses,Vamban 3,25,Vegetative,Rabi,Loamy Sand,65.0,20.0,15.0,WELL_DRAINED,ESTIMATED,0.2299999999999999,0.266,25.05,LOW_WASH_RISK,LOW,UNLABELLED,UNLABELLED,UNLABELLED,UNLABELLED,UNLABELLED
2025-10-03,1,Thanjavur,10.787,79.1378,24.08333333333333,65.34166666666667,14.1,0.2328333333333333,14.1,21.5,17.5,4.9,2,7,NO_OFFICIAL_WARNING,TEMPORAL_DATE_DISTRICT_CONTEXTUAL_LINK,FARM_POINT_COORDINATES,DAILY_DERIVED_HOURLY,Paddy,CR1009 Sub1,45,Tillering,Samba,Clay Loam,25.0,35.0,40.0,POOR,LAB_VERIFIED,0.2328333333333333,0.259,37.11,LOW_WASH_RISK,MODERATE,UNLABELLED,UNLABELLED,UNLABELLED,UNLABELLED,UNLABELLED
2025-10-03,2,Cuddalore,11.748,79.7714,24.025,65.075,11.9,0.2352083333333333,12.3,13.3,6.7,6.2,1,5,NO_OFFICIAL_WARNING,TEMPORAL_DATE_DISTRICT_CONTEXTUAL_LINK,FARM_POINT_COORDINATES,DAILY_DERIVED_HOURLY,Paddy,ADT 45,80,Flowering,Samba,Clay,15.0,30.0,55.0,POOR,FARMER_VERIFIED,0.2352083333333333,0.272,28.81,LOW_WASH_RISK,MODERATE,UNLABELLED,UNLABELLED,UNLABELLED,UNLABELLED,UNLABELLED
2025-10-03,3,Madurai,9.9252,78.1198,23.9875,64.89583333333333,5.300000000000001,0.22575,6.1,7.7,4.3,1.8,3,5,NO_OFFICIAL_WARNING,TEMPORAL_DATE_DISTRICT_CONTEXTUAL_LINK,FARM_POINT_COORDINATES,DAILY_DERIVED_HOURLY,Maize,Co 6,35,Vegetative,Kharif,Sandy Loam,60.0,25.0,15.0,WELL_DRAINED,ESTIMATED,0.22575,0.247,25.97,LOW_WASH_RISK,LOW,UNLABELLED,UNLABELLED,UNLABELLED,UNLABELLED,UNLABELLED
2025-10-03,4,Nagapattinam,10.7656,79.8424,23.97083333333333,64.93333333333334,5.8,0.2318749999999999,13.3,16.1,11.4,5.6,1,5,NO_OFFICIAL_WARNING,TEMPORAL_DATE_DISTRICT_CONTEXTUAL_LINK,FARM_POINT_COORDINATES,DAILY_DERIVED_HOURLY,Cotton,MCU 5,65,Boll Formation,Kharif,Black Clay,20.0,20.0,60.0,POOR,LAB_VERIFIED,0.2318749999999999,0.256,32.19,LOW_WASH_RISK,MODERATE,UNLABELLED,UNLABELLED,UNLABELLED,UNLABELLED,UNLABELLED
2025-10-03,5,Coimbatore,11.0168,76.9558,24.05,64.77499999999999,10.3,0.2282083333333333,10.3,16.7,8.4,4.8,1,5,NO_OFFICIAL_WARNING,TEMPORAL_DATE_DISTRICT_CONTEXTUAL_LINK,FARM_POINT_COORDINATES,DAILY_DERIVED_HOURLY,Groundnut,TMV 7,50,Pegging,Kharif,Red Sandy,70.0,15.0,15.0,WELL_DRAINED,FARMER_VERIFIED,0.2282083333333333,0.279,29.46,LOW_WASH_RISK,LOW,UNLABELLED,UNLABELLED,UNLABELLED,UNLABELLED,UNLABELLED
2025-10-03,6,Tiruchirappalli,10.7905,78.7047,24.17083333333333,64.91666666666667,12.1,0.2290833333333333,14.4,14.9,8.5,3.2,2,8,NO_OFFICIAL_WARNING,TEMPORAL_DATE_DISTRICT_CONTEXTUAL_LINK,FARM_POINT_COORDINATES,DAILY_DERIVED_HOURLY,Banana,Grand Naine,120,Shooting,Annual,Alluvial Loam,35.0,45.0,20.0,MODERATE,LAB_VERIFIED,0.2290833333333333,0.274,29.62,LOW_WASH_RISK,LOW,UNLABELLED,UNLABELLED,UNLABELLED,UNLABELLED,UNLABELLED
2025-10-03,7,Tirunelveli,8.7139,77.7567,23.8625,65.35000000000001,6.0,0.2265416666666666,8.6,18.8,14.2,2.6,1,5,NO_OFFICIAL_WARNING,TEMPORAL_DATE_DISTRICT_CONTEXTUAL_LINK,FARM_POINT_COORDINATES,DAILY_DERIVED_HOURLY,Tomato,PKM 1,30,Vegetative,Rabi,Red Loam,45.0,35.0,20.0,MODERATE,ESTIMATED,0.2265416666666666,0.268,33.87,LOW_WASH_RISK,LOW,UNLABELLED,UNLABELLED,UNLABELLED,UNLABELLED,UNLABELLED
2025-10-03,8,Villupuram,11.9401,79.4861,23.8875,65.075,10.8,0.2253333333333333,10.8,16.2,16.2,7.1,1,4,NO_OFFICIAL_WARNING,TEMPORAL_DATE_DISTRICT_CONTEXTUAL_LINK,FARM_POINT_COORDINATES,DAILY_DERIVED_HOURLY,Sugarcane,Co 86032,150,Grand Growth,Annual,Clay Loam,30.0,35.0,35.0,MODERATE,LAB_VERIFIED,0.2253333333333333,0.281,35.33,LOW_WASH_RISK,LOW,UNLABELLED,UNLABELLED,UNLABELLED,UNLABELLED,UNLABELLED
2025-10-03,9,Erode,11.341,77.7172,24.104166666666668,65.28750000000001,7.4,0.2297083333333333,9.0,19.5,14.1,5.4,1,4,NO_OFFICIAL_WARNING,TEMPORAL_DATE_DISTRICT_CONTEXTUAL_LINK,FARM_POINT_COORDINATES,DAILY_DERIVED_HOURLY,Chilli,K1,40,Flowering,Rabi,Black Soil,30.0,25.0,45.0,POOR,FARMER_VERIFIED,0.2297083333333333,0.287,34.11,LOW_WASH_RISK,MODERATE,UNLABELLED,UNLABELLED,UNLABELLED,UNLABELLED,UNLABELLED
2025-10-03,10,Tiruvarur,10.7708,79.6373,24.116666666666664,64.925,9.9,0.2323333333333333,9.9,11.6,4.3,5.2,1,4,NO_OFFICIAL_WARNING,TEMPORAL_DATE_DISTRICT_CONTEXTUAL_LINK,FARM_POINT_COORDINATES,DAILY_DERIVED_HOURLY,Pulses,Vamban 3,25,Vegetative,Rabi,Loamy Sand,65.0,20.0,15.0,WELL_DRAINED,ESTIMATED,0.2323333333333333,0.267,26.63,LOW_WASH_RISK,LOW,UNLABELLED,UNLABELLED,UNLABELLED,UNLABELLED,UNLABELLED
2025-10-04,1,Thanjavur,10.787,79.1378,23.941666666666663,65.11666666666666,9.3,0.230625,14.1,23.4,21.5,4.9,3,7,NO_OFFICIAL_WARNING,TEMPORAL_DATE_DISTRICT_CONTEXTUAL_LINK,FARM_POINT_COORDINATES,DAILY_DERIVED_HOURLY,Paddy,CR1009 Sub1,45,Tillering,Samba,Clay Loam,25.0,35.0,40.0,POOR,LAB_VERIFIED,0.230625,0.257,40.05,LOW_WASH_RISK,MODERATE,UNLABELLED,UNLABELLED,UNLABELLED,UNLABELLED,UNLABELLED
2025-10-04,2,Cuddalore,11.748,79.7714,23.9875,65.3,3.3000000000000003,0.2276666666666666,7.9,15.2,13.3,6.2,2,4,NO_OFFICIAL_WARNING,TEMPORAL_DATE_DISTRICT_CONTEXTUAL_LINK,FARM_POINT_COORDINATES,DAILY_DERIVED_HOURLY,Paddy,ADT 45,80,Flowering,Samba,Clay,15.0,30.0,55.0,POOR,FARMER_VERIFIED,0.2276666666666666,0.283,33.27,LOW_WASH_RISK,MODERATE,UNLABELLED,UNLABELLED,UNLABELLED,UNLABELLED,UNLABELLED
2025-10-04,3,Madurai,9.9252,78.1198,23.979166666666668,65.1375,0.6,0.2277916666666666,5.3,6.6,7.7,1.8,1,4,NO_OFFICIAL_WARNING,TEMPORAL_DATE_DISTRICT_CONTEXTUAL_LINK,FARM_POINT_COORDINATES,DAILY_DERIVED_HOURLY,Maize,Co 6,35,Vegetative,Kharif,Sandy Loam,60.0,25.0,15.0,WELL_DRAINED,ESTIMATED,0.2277916666666666,0.251,28.86,LOW_WASH_RISK,LOW,UNLABELLED,UNLABELLED,UNLABELLED,UNLABELLED,UNLABELLED
2025-10-04,4,Nagapattinam,10.7656,79.8424,23.995833333333334,64.66666666666667,4.5,0.2358749999999999,5.3,15.1,16.1,2.3,2,5,NO_OFFICIAL_WARNING,TEMPORAL_DATE_DISTRICT_CONTEXTUAL_LINK,FARM_POINT_COORDINATES,DAILY_DERIVED_HOURLY,Cotton,MCU 5,65,Boll Formation,Kharif,Black Clay,20.0,20.0,60.0,POOR,LAB_VERIFIED,0.2358749999999999,0.291,36.31,LOW_WASH_RISK,MODERATE,UNLABELLED,UNLABELLED,UNLABELLED,UNLABELLED,UNLABELLED
2025-10-04,5,Coimbatore,11.0168,76.9558,23.95,64.925,2.3,0.2225416666666666,10.7,17.1,16.7,4.8,2,5,NO_OFFICIAL_WARNING,TEMPORAL_DATE_DISTRICT_CONTEXTUAL_LINK,FARM_POINT_COORDINATES,DAILY_DERIVED_HOURLY,Groundnut,TMV 7,50,Pegging,Kharif,Red Sandy,70.0,15.0,15.0,WELL_DRAINED,FARMER_VERIFIED,0.2225416666666666,0.243,35.45,LOW_WASH_RISK,LOW,UNLABELLED,UNLABELLED,UNLABELLED,UNLABELLED,UNLABELLED
2025-10-04,6,Tiruchirappalli,10.7905,78.7047,23.8625,65.0625,7.4,0.230625,12.1,21.6,14.9,5.0,2,6,NO_OFFICIAL_WARNING,TEMPORAL_DATE_DISTRICT_CONTEXTUAL_LINK,FARM_POINT_COORDINATES,DAILY_DERIVED_HOURLY,Banana,Grand Naine,120,Shooting,Annual,Alluvial Loam,35.0,45.0,20.0,MODERATE,LAB_VERIFIED,0.230625,0.244,34.83,LOW_WASH_RISK,MODERATE,UNLABELLED,UNLABELLED,UNLABELLED,UNLABELLED,UNLABELLED
2025-10-04,7,Tirunelveli,8.7139,77.7567,23.97083333333333,64.82916666666667,14.6,0.2351666666666666,14.6,22.3,18.8,13.7,2,4,NO_OFFICIAL_WARNING,TEMPORAL_DATE_DISTRICT_CONTEXTUAL_LINK,FARM_POINT_COORDINATES,DAILY_DERIVED_HOURLY,Tomato,PKM 1,30,Vegetative,Rabi,Red Loam,45.0,35.0,20.0,MODERATE,ESTIMATED,0.2351666666666666,0.251,38.37,LOW_WASH_RISK,MODERATE,UNLABELLED,UNLABELLED,UNLABELLED,UNLABELLED,UNLABELLED
2025-10-04,8,Villupuram,11.9401,79.4861,23.879166666666663,65.14583333333333,8.399999999999999,0.222,17.6,19.2,16.2,7.1,1,5,NO_OFFICIAL_WARNING,TEMPORAL_DATE_DISTRICT_CONTEXTUAL_LINK,FARM_POINT_COORDINATES,DAILY_DERIVED_HOURLY,Sugarcane,Co 86032,150,Grand Growth,Annual,Clay Loam,30.0,35.0,35.0,MODERATE,LAB_VERIFIED,0.222,0.272,35.0,LOW_WASH_RISK,LOW,UNLABELLED,UNLABELLED,UNLABELLED,UNLABELLED,UNLABELLED
2025-10-04,9,Erode,11.341,77.7172,23.766666666666666,65.0,0.0,0.2255833333333333,7.4,10.8,19.5,5.4,0,4,NO_OFFICIAL_WARNING,TEMPORAL_DATE_DISTRICT_CONTEXTUAL_LINK,FARM_POINT_COORDINATES,DAILY_DERIVED_HOURLY,Chilli,K1,40,Flowering,Rabi,Black Soil,30.0,25.0,45.0,POOR,FARMER_VERIFIED,0.2255833333333333,0.249,37.96,LOW_WASH_RISK,MODERATE,UNLABELLED,UNLABELLED,UNLABELLED,UNLABELLED,UNLABELLED
2025-10-04,10,Tiruvarur,10.7708,79.6373,24.133333333333336,65.18333333333334,4.7,0.2281666666666666,12.3,14.6,11.6,5.2,2,5,NO_OFFICIAL_WARNING,TEMPORAL_DATE_DISTRICT_CONTEXTUAL_LINK,FARM_POINT_COORDINATES,DAILY_DERIVED_HOURLY,Pulses,Vamban 3,25,Vegetative,Rabi,Loamy Sand,65.0,20.0,15.0,WELL_DRAINED,ESTIMATED,0.2281666666666666,0.283,31.98,LOW_WASH_RISK,LOW,UNLABELLED,UNLABELLED,UNLABELLED,UNLABELLED,UNLABELLED
2025-10-05,1,Thanjavur,10.787,79.1378,24.1625,65.11666666666666,5.8,0.2324166666666667,10.3,23.4,23.4,4.6,1,7,NO_OFFICIAL_WARNING,TEMPORAL_DATE_DISTRICT_CONTEXTUAL_LINK,FARM_POINT_COORDINATES,DAILY_DERIVED_HOURLY,Paddy,CR1009 Sub1,45,Tillering,Samba,Clay Loam,25.0,35.0,40.0,POOR,LAB_VERIFIED,0.2324166666666667,0.275,41.73,LOW_WASH_RISK,MODERATE,UNLABELLED,UNLABELLED,UNLABELLED,UNLABELLED,UNLABELLED
2025-10-05,2,Cuddalore,11.748,79.7714,23.7625,65.05416666666666,15.5,0.2274583333333333,18.8,19.1,15.2,6.8,2,7,NO_OFFICIAL_WARNING,TEMPORAL_DATE_DISTRICT_CONTEXTUAL_LINK,FARM_POINT_COORDINATES,DAILY_DERIVED_HOURLY,Paddy,ADT 45,80,Flowering,Samba,Clay,15.0,30.0,55.0,POOR,FARMER_VERIFIED,0.2274583333333333,0.282,34.75,LOW_WASH_RISK,MODERATE,UNLABELLED,UNLABELLED,UNLABELLED,UNLABELLED,UNLABELLED
2025-10-05,3,Madurai,9.9252,78.1198,24.166666666666668,65.17916666666666,1.4,0.221,1.6,5.9,6.6,0.8,1,3,NO_OFFICIAL_WARNING,TEMPORAL_DATE_DISTRICT_CONTEXTUAL_LINK,FARM_POINT_COORDINATES,DAILY_DERIVED_HOURLY,Maize,Co 6,35,Vegetative,Kharif,Sandy Loam,60.0,25.0,15.0,WELL_DRAINED,ESTIMATED,0.221,0.269,27.31,LOW_WASH_RISK,LOW,UNLABELLED,UNLABELLED,UNLABELLED,UNLABELLED,UNLABELLED
2025-10-05,4,Nagapattinam,10.7656,79.8424,24.2125,65.12083333333334,0.9,0.2315833333333333,4.5,6.5,15.1,2.3,1,4,NO_OFFICIAL_WARNING,TEMPORAL_DATE_DISTRICT_CONTEXTUAL_LINK,FARM_POINT_COORDINATES,DAILY_DERIVED_HOURLY,Cotton,MCU 5,65,Boll Formation,Kharif,Black Clay,20.0,20.0,60.0,POOR,LAB_VERIFIED,0.2315833333333333,0.274,35.09,LOW_WASH_RISK,LOW,UNLABELLED,UNLABELLED,UNLABELLED,UNLABELLED,UNLABELLED
2025-10-05,5,Coimbatore,11.0168,76.9558,24.245833333333334,64.925,7.0,0.2270833333333333,7.3,14.6,17.1,2.4,2,5,NO_OFFICIAL_WARNING,TEMPORAL_DATE_DISTRICT_CONTEXTUAL_LINK,FARM_POINT_COORDINATES,DAILY_DERIVED_HOURLY,Groundnut,TMV 7,50,Pegging,Kharif,Red Sandy,70.0,15.0,15.0,WELL_DRAINED,FARMER_VERIFIED,0.2270833333333333,0.251,36.22,LOW_WASH_RISK,LOW,UNLABELLED,UNLABELLED,UNLABELLED,UNLABELLED,UNLABELLED
2025-10-05,6,Tiruchirappalli,10.7905,78.7047,24.016666666666666,65.3,5.5,0.227125,12.6,21.0,21.6,5.0,1,7,NO_OFFICIAL_WARNING,TEMPORAL_DATE_DISTRICT_CONTEXTUAL_LINK,FARM_POINT_COORDINATES,DAILY_DERIVED_HOURLY,Banana,Grand Naine,120,Shooting,Annual,Alluvial Loam,35.0,45.0,20.0,MODERATE,LAB_VERIFIED,0.227125,0.241,39.78,LOW_WASH_RISK,MODERATE,UNLABELLED,UNLABELLED,UNLABELLED,UNLABELLED,UNLABELLED
2025-10-05,7,Tirunelveli,8.7139,77.7567,24.2375,65.37916666666666,7.300000000000001,0.2274583333333333,19.5,22.2,22.3,13.7,2,6,NO_OFFICIAL_WARNING,TEMPORAL_DATE_DISTRICT_CONTEXTUAL_LINK,FARM_POINT_COORDINATES,DAILY_DERIVED_HOURLY,Tomato,PKM 1,30,Vegetative,Rabi,Red Loam,45.0,35.0,20.0,MODERATE,ESTIMATED,0.2274583333333333,0.283,40.36,LOW_WASH_RISK,MODERATE,UNLABELLED,UNLABELLED,UNLABELLED,UNLABELLED,UNLABELLED
2025-10-05,8,Villupuram,11.9401,79.4861,23.933333333333334,64.56666666666666,8.2,0.224875,11.1,21.9,19.2,4.6,2,5,NO_OFFICIAL_WARNING,TEMPORAL_DATE_DISTRICT_CONTEXTUAL_LINK,FARM_POINT_COORDINATES,DAILY_DERIVED_HOURLY,Sugarcane,Co 86032,150,Grand Growth,Annual,Clay Loam,30.0,35.0,35.0,MODERATE,LAB_VERIFIED,0.224875,0.274,37.66,LOW_WASH_RISK,MODERATE,UNLABELLED,UNLABELLED,UNLABELLED,UNLABELLED,UNLABELLED
2025-10-05,9,Erode,11.341,77.7172,24.0625,64.99583333333334,2.6,0.227125,2.6,7.4,10.8,1.8,1,2,NO_OFFICIAL_WARNING,TEMPORAL_DATE_DISTRICT_CONTEXTUAL_LINK,FARM_POINT_COORDINATES,DAILY_DERIVED_HOURLY,Chilli,K1,40,Flowering,Rabi,Black Soil,30.0,25.0,45.0,POOR,FARMER_VERIFIED,0.227125,0.245,31.24,LOW_WASH_RISK,LOW,UNLABELLED,UNLABELLED,UNLABELLED,UNLABELLED,UNLABELLED
2025-10-05,10,Tiruvarur,10.7708,79.6373,24.225,64.84583333333333,9.7,0.225625,11.2,16.9,14.6,4.3,2,7,NO_OFFICIAL_WARNING,TEMPORAL_DATE_DISTRICT_CONTEXTUAL_LINK,FARM_POINT_COORDINATES,DAILY_DERIVED_HOURLY,Pulses,Vamban 3,25,Vegetative,Rabi,Loamy Sand,65.0,20.0,15.0,WELL_DRAINED,ESTIMATED,0.225625,0.259,34.1,LOW_WASH_RISK,LOW,UNLABELLED,UNLABELLED,UNLABELLED,UNLABELLED,UNLABELLED
2025-10-06,1,Thanjavur,10.787,79.1378,23.92083333333333,64.93333333333334,3.3000000000000003,0.2225416666666666,7.2,16.4,23.4,4.6,1,4,NO_OFFICIAL_WARNING,TEMPORAL_DATE_DISTRICT_CONTEXTUAL_LINK,FARM_POINT_COORDINATES,DAILY_DERIVED_HOURLY,Paddy,CR1009 Sub1,45,Tillering,Samba,Clay Loam,25.0,35.0,40.0,POOR,LAB_VERIFIED,0.2225416666666666,0.235,40.74,LOW_WASH_RISK,MODERATE,UNLABELLED,UNLABELLED,UNLABELLED,UNLABELLED,UNLABELLED
2025-10-06,2,Cuddalore,11.748,79.7714,24.02916666666667,64.77499999999999,6.7,0.2285,18.6,25.5,19.1,6.8,1,6,NO_OFFICIAL_WARNING,TEMPORAL_DATE_DISTRICT_CONTEXTUAL_LINK,FARM_POINT_COORDINATES,DAILY_DERIVED_HOURLY,Paddy,ADT 45,80,Flowering,Samba,Clay,15.0,30.0,55.0,POOR,FARMER_VERIFIED,0.2285,0.274,37.94,LOW_WASH_RISK,MODERATE,UNLABELLED,UNLABELLED,UNLABELLED,UNLABELLED,UNLABELLED
2025-10-06,3,Madurai,9.9252,78.1198,24.129166666666663,64.66666666666667,1.9,0.2269583333333333,2.6,3.6,5.9,1.0,1,5,NO_OFFICIAL_WARNING,TEMPORAL_DATE_DISTRICT_CONTEXTUAL_LINK,FARM_POINT_COORDINATES,DAILY_DERIVED_HOURLY,Maize,Co 6,35,Vegetative,Kharif,Sandy Loam,60.0,25.0,15.0,WELL_DRAINED,ESTIMATED,0.2269583333333333,0.261,27.36,LOW_WASH_RISK,LOW,UNLABELLED,UNLABELLED,UNLABELLED,UNLABELLED,UNLABELLED
2025-10-06,4,Nagapattinam,10.7656,79.8424,23.820833333333336,65.125,2.7,0.2225833333333333,3.5,8.0,6.5,2.6,1,3,NO_OFFICIAL_WARNING,TEMPORAL_DATE_DISTRICT_CONTEXTUAL_LINK,FARM_POINT_COORDINATES,DAILY_DERIVED_HOURLY,Cotton,MCU 5,65,Boll Formation,Kharif,Black Clay,20.0,20.0,60.0,POOR,LAB_VERIFIED,0.2225833333333333,0.25,27.39,LOW_WASH_RISK,LOW,UNLABELLED,UNLABELLED,UNLABELLED,UNLABELLED,UNLABELLED
2025-10-06,5,Coimbatore,11.0168,76.9558,24.02083333333333,64.77916666666667,2.3,0.224625,7.0,10.2,14.6,2.4,1,4,NO_OFFICIAL_WARNING,TEMPORAL_DATE_DISTRICT_CONTEXTUAL_LINK,FARM_POINT_COORDINATES,DAILY_DERIVED_HOURLY,Groundnut,TMV 7,50,Pegging,Kharif,Red Sandy,70.0,15.0,15.0,WELL_DRAINED,FARMER_VERIFIED,0.224625,0.24,34.0,LOW_WASH_RISK,LOW,UNLABELLED,UNLABELLED,UNLABELLED,UNLABELLED,UNLABELLED
2025-10-06,6,Tiruchirappalli,10.7905,78.7047,24.0125,65.12083333333334,4.3,0.2279583333333333,5.5,14.2,21.0,3.4,2,5,NO_OFFICIAL_WARNING,TEMPORAL_DATE_DISTRICT_CONTEXTUAL_LINK,FARM_POINT_COORDINATES,DAILY_DERIVED_HOURLY,Banana,Grand Naine,120,Shooting,Annual,Alluvial Loam,35.0,45.0,20.0,MODERATE,LAB_VERIFIED,0.2279583333333333,0.268,39.39,LOW_WASH_RISK,LOW,UNLABELLED,UNLABELLED,UNLABELLED,UNLABELLED,UNLABELLED
2025-10-06,7,Tirunelveli,8.7139,77.7567,24.075,64.76666666666667,9.3,0.2317083333333333,12.0,27.3,22.2,4.2,1,8,NO_OFFICIAL_WARNING,TEMPORAL_DATE_DISTRICT_CONTEXTUAL_LINK,FARM_POINT_COORDINATES,DAILY_DERIVED_HOURLY,Tomato,PKM 1,30,Vegetative,Rabi,Red Loam,45.0,35.0,20.0,MODERATE,ESTIMATED,0.2317083333333333,0.259,40.71,LOW_WASH_RISK,MODERATE,UNLABELLED,UNLABELLED,UNLABELLED,UNLABELLED,UNLABELLED
2025-10-06,8,Villupuram,11.9401,79.4861,23.97083333333333,64.9375,3.5,0.2250416666666666,8.2,17.2,21.9,3.5,1,5,NO_OFFICIAL_WARNING,TEMPORAL_DATE_DISTRICT_CONTEXTUAL_LINK,FARM_POINT_COORDINATES,DAILY_DERIVED_HOURLY,Sugarcane,Co 86032,150,Grand Growth,Annual,Clay Loam,30.0,35.0,35.0,MODERATE,LAB_VERIFIED,0.2250416666666666,0.239,39.81,LOW_WASH_RISK,LOW,UNLABELLED,UNLABELLED,UNLABELLED,UNLABELLED,UNLABELLED
2025-10-06,9,Erode,11.341,77.7172,23.96666666666667,64.78750000000001,1.9,0.2245416666666666,3.7,4.5,7.4,1.8,2,3,NO_OFFICIAL_WARNING,TEMPORAL_DATE_DISTRICT_CONTEXTUAL_LINK,FARM_POINT_COORDINATES,DAILY_DERIVED_HOURLY,Chilli,K1,40,Flowering,Rabi,Black Soil,30.0,25.0,45.0,POOR,FARMER_VERIFIED,0.2245416666666666,0.273,28.3,LOW_WASH_RISK,LOW,UNLABELLED,UNLABELLED,UNLABELLED,UNLABELLED,UNLABELLED
2025-10-06,10,Tiruvarur,10.7708,79.6373,24.133333333333336,64.85416666666667,9.4,0.2288333333333333,17.0,21.7,16.9,4.4,4,9,NO_OFFICIAL_WARNING,TEMPORAL_DATE_DISTRICT_CONTEXTUAL_LINK,FARM_POINT_COORDINATES,DAILY_DERIVED_HOURLY,Pulses,Vamban 3,25,Vegetative,Rabi,Loamy Sand,65.0,20.0,15.0,WELL_DRAINED,ESTIMATED,0.2288333333333333,0.252,36.23,LOW_WASH_RISK,LOW,UNLABELLED,UNLABELLED,UNLABELLED,UNLABELLED,UNLABELLED
2025-10-07,1,Thanjavur,10.787,79.1378,24.004166666666663,64.85833333333333,2.9,0.2295,3.3,9.1,16.4,2.4,1,4,NO_OFFICIAL_WARNING,TEMPORAL_DATE_DISTRICT_CONTEXTUAL_LINK,FARM_POINT_COORDINATES,DAILY_DERIVED_HOURLY,Paddy,CR1009 Sub1,45,Tillering,Samba,Clay Loam,25.0,35.0,40.0,POOR,LAB_VERIFIED,0.2295,0.272,35.91,LOW_WASH_RISK,MODERATE,UNLABELLED,UNLABELLED,UNLABELLED,UNLABELLED,UNLABELLED
2025-10-07,2,Cuddalore,11.748,79.7714,23.929166666666664,64.625,0.4,0.224125,6.9,22.4,25.5,2.5,1,5,NO_OFFICIAL_WARNING,TEMPORAL_DATE_DISTRICT_CONTEXTUAL_LINK,FARM_POINT_COORDINATES,DAILY_DERIVED_HOURLY,Paddy,ADT 45,80,Flowering,Samba,Clay,15.0,30.0,55.0,POOR,FARMER_VERIFIED,0.224125,0.25,42.56,LOW_WASH_RISK,MODERATE,UNLABELLED,UNLABELLED,UNLABELLED,UNLABELLED,UNLABELLED
2025-10-07,3,Madurai,9.9252,78.1198,24.079166666666666,64.94166666666666,7.699999999999999,0.2275,7.7,9.6,3.6,4.1,2,5,NO_OFFICIAL_WARNING,TEMPORAL_DATE_DISTRICT_CONTEXTUAL_LINK,FARM_POINT_COORDINATES,DAILY_DERIVED_HOURLY,Maize,Co 6,35,Vegetative,Kharif,Sandy Loam,60.0,25.0,15.0,WELL_DRAINED,ESTIMATED,0.2275,0.279,25.59,LOW_WASH_RISK,LOW,UNLABELLED,UNLABELLED,UNLABELLED,UNLABELLED,UNLABELLED
2025-10-07,4,Nagapattinam,10.7656,79.8424,24.08333333333333,64.85833333333333,1.8,0.2254583333333333,2.7,5.1,8.0,2.6,1,2,NO_OFFICIAL_WARNING,TEMPORAL_DATE_DISTRICT_CONTEXTUAL_LINK,FARM_POINT_COORDINATES,DAILY_DERIVED_HOURLY,Cotton,MCU 5,65,Boll Formation,Kharif,Black Clay,20.0,20.0,60.0,POOR,LAB_VERIFIED,0.2254583333333333,0.24,28.87,LOW_WASH_RISK,LOW,UNLABELLED,UNLABELLED,UNLABELLED,UNLABELLED,UNLABELLED
2025-10-07,5,Coimbatore,11.0168,76.9558,24.054166666666664,64.83749999999999,0.6,0.2253333333333333,2.3,9.3,10.2,1.0,1,3,NO_OFFICIAL_WARNING,TEMPORAL_DATE_DISTRICT_CONTEXTUAL_LINK,FARM_POINT_COORDINATES,DAILY_DERIVED_HOURLY,Groundnut,TMV 7,50,Pegging,Kharif,Red Sandy,70.0,15.0,15.0,WELL_DRAINED,FARMER_VERIFIED,0.2253333333333333,0.259,30.59,LOW_WASH_RISK,LOW,UNLABELLED,UNLABELLED,UNLABELLED,UNLABELLED,UNLABELLED
2025-10-07,6,Tiruchirappalli,10.7905,78.7047,24.05,64.8,11.7,0.228375,12.7,16.0,14.2,7.8,1,7,NO_OFFICIAL_WARNING,TEMPORAL_DATE_DISTRICT_CONTEXTUAL_LINK,FARM_POINT_COORDINATES,DAILY_DERIVED_HOURLY,Banana,Grand Naine,120,Shooting,Annual,Alluvial Loam,35.0,45.0,20.0,MODERATE,LAB_VERIFIED,0.228375,0.276,34.06,LOW_WASH_RISK,LOW,UNLABELLED,UNLABELLED,UNLABELLED,UNLABELLED,UNLABELLED
2025-10-07,7,Tirunelveli,8.7139,77.7567,23.97083333333333,65.01666666666667,7.3,0.2269166666666666,9.5,17.6,27.3,3.4,1,5,NO_OFFICIAL_WARNING,TEMPORAL_DATE_DISTRICT_CONTEXTUAL_LINK,FARM_POINT_COORDINATES,DAILY_DERIVED_HOURLY,Tomato,PKM 1,30,Vegetative,Rabi,Red Loam,45.0,35.0,20.0,MODERATE,ESTIMATED,0.2269166666666666,0.276,44.26,LOW_WASH_RISK,MODERATE,UNLABELLED,UNLABELLED,UNLABELLED,UNLABELLED,UNLABELLED
2025-10-07,8,Villupuram,11.9401,79.4861,23.991666666666664,65.14166666666667,5.199999999999999,0.2294166666666666,8.0,13.4,17.2,2.9,1,5,NO_OFFICIAL_WARNING,TEMPORAL_DATE_DISTRICT_CONTEXTUAL_LINK,FARM_POINT_COORDINATES,DAILY_DERIVED_HOURLY,Sugarcane,Co 86032,150,Grand Growth,Annual,Clay Loam,30.0,35.0,35.0,MODERATE,LAB_VERIFIED,0.2294166666666666,0.281,36.53,LOW_WASH_RISK,LOW,UNLABELLED,UNLABELLED,UNLABELLED,UNLABELLED,UNLABELLED
2025-10-07,9,Erode,11.341,77.7172,23.941666666666663,65.16250000000001,0.8,0.22475,2.2,4.8,4.5,1.5,1,3,NO_OFFICIAL_WARNING,TEMPORAL_DATE_DISTRICT_CONTEXTUAL_LINK,FARM_POINT_COORDINATES,DAILY_DERIVED_HOURLY,Chilli,K1,40,Flowering,Rabi,Black Soil,30.0,25.0,45.0,POOR,FARMER_VERIFIED,0.22475,0.267,26.03,LOW_WASH_RISK,LOW,UNLABELLED,UNLABELLED,UNLABELLED,UNLABELLED,UNLABELLED
2025-10-07,10,Tiruvarur,10.7708,79.6373,23.808333333333334,65.125,0.5,0.2267916666666666,9.9,19.6,21.7,4.4,1,6,NO_OFFICIAL_WARNING,TEMPORAL_DATE_DISTRICT_CONTEXTUAL_LINK,FARM_POINT_COORDINATES,DAILY_DERIVED_HOURLY,Pulses,Vamban 3,25,Vegetative,Rabi,Loamy Sand,65.0,20.0,15.0,WELL_DRAINED,ESTIMATED,0.2267916666666666,0.278,39.82,LOW_WASH_RISK,LOW,UNLABELLED,UNLABELLED,UNLABELLED,UNLABELLED,UNLABELLED
2025-10-08,1,Thanjavur,10.787,79.1378,23.84166666666667,64.91250000000001,2.9,0.2272499999999999,5.3,6.2,9.1,2.4,1,4,NO_OFFICIAL_WARNING,TEMPORAL_DATE_DISTRICT_CONTEXTUAL_LINK,FARM_POINT_COORDINATES,DAILY_DERIVED_HOURLY,Paddy,CR1009 Sub1,45,Tillering,Samba,Clay Loam,25.0,35.0,40.0,POOR,LAB_VERIFIED,0.2272499999999999,0.253,29.91,LOW_WASH_RISK,LOW,UNLABELLED,UNLABELLED,UNLABELLED,UNLABELLED,UNLABELLED
2025-10-08,2,Cuddalore,11.748,79.7714,24.008333333333336,65.05,7.2,0.224875,7.4,11.9,22.4,6.9,2,3,NO_OFFICIAL_WARNING,TEMPORAL_DATE_DISTRICT_CONTEXTUAL_LINK,FARM_POINT_COORDINATES,DAILY_DERIVED_HOURLY,Paddy,ADT 45,80,Flowering,Samba,Clay,15.0,30.0,55.0,POOR,FARMER_VERIFIED,0.224875,0.257,40.18,LOW_WASH_RISK,MODERATE,UNLABELLED,UNLABELLED,UNLABELLED,UNLABELLED,UNLABELLED
2025-10-08,3,Madurai,9.9252,78.1198,24.0625,65.12083333333334,7.199999999999999,0.2302083333333333,11.3,14.9,9.6,4.1,1,6,NO_OFFICIAL_WARNING,TEMPORAL_DATE_DISTRICT_CONTEXTUAL_LINK,FARM_POINT_COORDINATES,DAILY_DERIVED_HOURLY,Maize,Co 6,35,Vegetative,Kharif,Sandy Loam,60.0,25.0,15.0,WELL_DRAINED,ESTIMATED,0.2302083333333333,0.261,30.6,LOW_WASH_RISK,LOW,UNLABELLED,UNLABELLED,UNLABELLED,UNLABELLED,UNLABELLED
2025-10-08,4,Nagapattinam,10.7656,79.8424,24.03333333333333,65.12916666666666,5.8,0.2315,6.1,7.7,5.1,1.6,2,8,NO_OFFICIAL_WARNING,TEMPORAL_DATE_DISTRICT_CONTEXTUAL_LINK,FARM_POINT_COORDINATES,DAILY_DERIVED_HOURLY,Cotton,MCU 5,65,Boll Formation,Kharif,Black Clay,20.0,20.0,60.0,POOR,LAB_VERIFIED,0.2315,0.244,27.18,LOW_WASH_RISK,LOW,UNLABELLED,UNLABELLED,UNLABELLED,UNLABELLED,UNLABELLED
2025-10-08,5,Coimbatore,11.0168,76.9558,23.77916666666667,64.875,7.3,0.226375,7.3,7.9,9.3,2.8,1,4,NO_OFFICIAL_WARNING,TEMPORAL_DATE_DISTRICT_CONTEXTUAL_LINK,FARM_POINT_COORDINATES,DAILY_DERIVED_HOURLY,Groundnut,TMV 7,50,Pegging,Kharif,Red Sandy,70.0,15.0,15.0,WELL_DRAINED,FARMER_VERIFIED,0.226375,0.281,29.98,LOW_WASH_RISK,LOW,UNLABELLED,UNLABELLED,UNLABELLED,UNLABELLED,UNLABELLED
2025-10-08,6,Tiruchirappalli,10.7905,78.7047,24.0875,65.03333333333333,1.4,0.2273333333333333,10.9,16.7,16.0,7.8,1,4,NO_OFFICIAL_WARNING,TEMPORAL_DATE_DISTRICT_CONTEXTUAL_LINK,FARM_POINT_COORDINATES,DAILY_DERIVED_HOURLY,Banana,Grand Naine,120,Shooting,Annual,Alluvial Loam,35.0,45.0,20.0,MODERATE,LAB_VERIFIED,0.2273333333333333,0.241,35.37,LOW_WASH_RISK,LOW,UNLABELLED,UNLABELLED,UNLABELLED,UNLABELLED,UNLABELLED
2025-10-08,7,Tirunelveli,8.7139,77.7567,24.004166666666663,65.125,12.5,0.224375,16.0,20.3,17.6,4.7,3,8,NO_OFFICIAL_WARNING,TEMPORAL_DATE_DISTRICT_CONTEXTUAL_LINK,FARM_POINT_COORDINATES,DAILY_DERIVED_HOURLY,Tomato,PKM 1,30,Vegetative,Rabi,Red Loam,45.0,35.0,20.0,MODERATE,ESTIMATED,0.224375,0.24,36.34,LOW_WASH_RISK,LOW,UNLABELLED,UNLABELLED,UNLABELLED,UNLABELLED,UNLABELLED
2025-10-08,8,Villupuram,11.9401,79.4861,24.116666666666664,64.82083333333334,3.1,0.228625,7.4,11.1,13.4,2.9,1,4,NO_OFFICIAL_WARNING,TEMPORAL_DATE_DISTRICT_CONTEXTUAL_LINK,FARM_POINT_COORDINATES,DAILY_DERIVED_HOURLY,Sugarcane,Co 86032,150,Grand Growth,Annual,Clay Loam,30.0,35.0,35.0,MODERATE,LAB_VERIFIED,0.228625,0.258,33.45,LOW_WASH_RISK,LOW,UNLABELLED,UNLABELLED,UNLABELLED,UNLABELLED,UNLABELLED
2025-10-08,9,Erode,11.341,77.7172,23.866666666666664,65.20833333333333,9.6,0.2300416666666666,9.9,10.4,4.8,4.1,3,6,NO_OFFICIAL_WARNING,TEMPORAL_DATE_DISTRICT_CONTEXTUAL_LINK,FARM_POINT_COORDINATES,DAILY_DERIVED_HOURLY,Chilli,K1,40,Flowering,Rabi,Black Soil,30.0,25.0,45.0,POOR,FARMER_VERIFIED,0.2300416666666666,0.26,26.8,LOW_WASH_RISK,LOW,UNLABELLED,UNLABELLED,UNLABELLED,UNLABELLED,UNLABELLED
2025-10-08,10,Tiruvarur,10.7708,79.6373,24.058333333333334,64.8625,4.1,0.2246666666666666,4.1,9.9,19.6,4.1,1,1,NO_OFFICIAL_WARNING,TEMPORAL_DATE_DISTRICT_CONTEXTUAL_LINK,FARM_POINT_COORDINATES,DAILY_DERIVED_HOURLY,Pulses,Vamban 3,25,Vegetative,Rabi,Loamy Sand,65.0,20.0,15.0,WELL_DRAINED,ESTIMATED,0.2246666666666666,0.271,37.95,LOW_WASH_RISK,LOW,UNLABELLED,UNLABELLED,UNLABELLED,UNLABELLED,UNLABELLED
2025-10-09,1,Thanjavur,10.787,79.1378,23.96666666666667,64.91250000000001,6.4,0.226875,6.4,9.7,6.2,3.7,1,4,NO_OFFICIAL_WARNING,TEMPORAL_DATE_DISTRICT_CONTEXTUAL_LINK,FARM_POINT_COORDINATES,DAILY_DERIVED_HOURLY,Paddy,CR1009 Sub1,45,Tillering,Samba,Clay Loam,25.0,35.0,40.0,POOR,LAB_VERIFIED,0.226875,0.278,27.59,LOW_WASH_RISK,LOW,UNLABELLED,UNLABELLED,UNLABELLED,UNLABELLED,UNLABELLED
2025-10-09,2,Cuddalore,11.748,79.7714,24.1625,65.40833333333333,1.7,0.2235,7.2,8.9,11.9,6.9,1,3,NO_OFFICIAL_WARNING,TEMPORAL_DATE_DISTRICT_CONTEXTUAL_LINK,FARM_POINT_COORDINATES,DAILY_DERIVED_HOURLY,Paddy,ADT 45,80,Flowering,Samba,Clay,15.0,30.0,55.0,POOR,FARMER_VERIFIED,0.2235,0.264,31.75,LOW_WASH_RISK,LOW,UNLABELLED,UNLABELLED,UNLABELLED,UNLABELLED,UNLABELLED
2025-10-09,3,Madurai,9.9252,78.1198,23.995833333333334,64.9375,5.0,0.2305,8.0,16.3,14.9,2.1,1,6,NO_OFFICIAL_WARNING,TEMPORAL_DATE_DISTRICT_CONTEXTUAL_LINK,FARM_POINT_COORDINATES,DAILY_DERIVED_HOURLY,Maize,Co 6,35,Vegetative,Kharif,Sandy Loam,60.0,25.0,15.0,WELL_DRAINED,ESTIMATED,0.2305,0.266,34.82,LOW_WASH_RISK,LOW,UNLABELLED,UNLABELLED,UNLABELLED,UNLABELLED,UNLABELLED
2025-10-09,4,Nagapattinam,10.7656,79.8424,23.879166666666663,65.09166666666667,2.0,0.2283333333333333,5.8,8.1,7.7,2.0,1,7,NO_OFFICIAL_WARNING,TEMPORAL_DATE_DISTRICT_CONTEXTUAL_LINK,FARM_POINT_COORDINATES,DAILY_DERIVED_HOURLY,Cotton,MCU 5,65,Boll Formation,Kharif,Black Clay,20.0,20.0,60.0,POOR,LAB_VERIFIED,0.2283333333333333,0.262,28.92,LOW_WASH_RISK,LOW,UNLABELLED,UNLABELLED,UNLABELLED,UNLABELLED,UNLABELLED
2025-10-09,5,Coimbatore,11.0168,76.9558,23.77083333333333,65.03333333333333,5.9,0.219875,8.2,13.8,7.9,2.8,2,6,NO_OFFICIAL_WARNING,TEMPORAL_DATE_DISTRICT_CONTEXTUAL_LINK,FARM_POINT_COORDINATES,DAILY_DERIVED_HOURLY,Groundnut,TMV 7,50,Pegging,Kharif,Red Sandy,70.0,15.0,15.0,WELL_DRAINED,FARMER_VERIFIED,0.219875,0.234,28.23,LOW_WASH_RISK,LOW,UNLABELLED,UNLABELLED,UNLABELLED,UNLABELLED,UNLABELLED
2025-10-09,6,Tiruchirappalli,10.7905,78.7047,23.891666666666666,64.99583333333334,7.4,0.2302083333333333,7.4,12.6,16.7,3.8,1,5,NO_OFFICIAL_WARNING,TEMPORAL_DATE_DISTRICT_CONTEXTUAL_LINK,FARM_POINT_COORDINATES,DAILY_DERIVED_HOURLY,Banana,Grand Naine,120,Shooting,Annual,Alluvial Loam,35.0,45.0,20.0,MODERATE,LAB_VERIFIED,0.2302083333333333,0.245,36.21,LOW_WASH_RISK,LOW,UNLABELLED,UNLABELLED,UNLABELLED,UNLABELLED,UNLABELLED
2025-10-09,7,Tirunelveli,8.7139,77.7567,23.975,65.20416666666667,10.4,0.233125,12.5,22.9,20.3,4.7,4,7,NO_OFFICIAL_WARNING,TEMPORAL_DATE_DISTRICT_CONTEXTUAL_LINK,FARM_POINT_COORDINATES,DAILY_DERIVED_HOURLY,Tomato,PKM 1,30,Vegetative,Rabi,Red Loam,45.0,35.0,20.0,MODERATE,ESTIMATED,0.233125,0.276,39.35,LOW_WASH_RISK,MODERATE,UNLABELLED,UNLABELLED,UNLABELLED,UNLABELLED,UNLABELLED
2025-10-09,8,Villupuram,11.9401,79.4861,23.916666666666668,64.72916666666667,3.8,0.2262083333333333,6.3,11.0,11.1,2.8,2,4,NO_OFFICIAL_WARNING,TEMPORAL_DATE_DISTRICT_CONTEXTUAL_LINK,FARM_POINT_COORDINATES,DAILY_DERIVED_HOURLY,Sugarcane,Co 86032,150,Grand Growth,Annual,Clay Loam,30.0,35.0,35.0,MODERATE,LAB_VERIFIED,0.2262083333333333,0.248,31.39,LOW_WASH_RISK,LOW,UNLABELLED,UNLABELLED,UNLABELLED,UNLABELLED,UNLABELLED
2025-10-09,9,Erode,11.341,77.7172,23.925,64.83749999999999,5.6000000000000005,0.2274166666666666,10.8,15.7,10.4,4.9,1,5,NO_OFFICIAL_WARNING,TEMPORAL_DATE_DISTRICT_CONTEXTUAL_LINK,FARM_POINT_COORDINATES,DAILY_DERIVED_HOURLY,Chilli,K1,40,Flowering,Rabi,Black Soil,30.0,25.0,45.0,POOR,FARMER_VERIFIED,0.2274166666666666,0.281,30.96,LOW_WASH_RISK,MODERATE,UNLABELLED,UNLABELLED,UNLABELLED,UNLABELLED,UNLABELLED
2025-10-09,10,Tiruvarur,10.7708,79.6373,24.0625,64.97083333333333,5.2,0.2232083333333333,8.2,9.3,9.9,4.1,2,4,NO_OFFICIAL_WARNING,TEMPORAL_DATE_DISTRICT_CONTEXTUAL_LINK,FARM_POINT_COORDINATES,DAILY_DERIVED_HOURLY,Pulses,Vamban 3,25,Vegetative,Rabi,Loamy Sand,65.0,20.0,15.0,WELL_DRAINED,ESTIMATED,0.2232083333333333,0.235,30.14,LOW_WASH_RISK,LOW,UNLABELLED,UNLABELLED,UNLABELLED,UNLABELLED,UNLABELLED
2025-10-10,1,Thanjavur,10.787,79.1378,24.025,64.8125,5.1,0.228875,7.8,11.5,9.7,3.7,1,5,NO_OFFICIAL_WARNING,TEMPORAL_DATE_DISTRICT_CONTEXTUAL_LINK,FARM_POINT_COORDINATES,DAILY_DERIVED_HOURLY,Paddy,CR1009 Sub1,45,Tillering,Samba,Clay Loam,25.0,35.0,40.0,POOR,LAB_VERIFIED,0.228875,0.252,30.55,LOW_WASH_RISK,MODERATE,UNLABELLED,UNLABELLED,UNLABELLED,UNLABELLED,UNLABELLED
2025-10-10,2,Cuddalore,11.748,79.7714,24.008333333333336,64.75833333333334,5.7,0.2249583333333333,5.7,11.0,8.9,2.7,2,5,NO_OFFICIAL_WARNING,TEMPORAL_DATE_DISTRICT_CONTEXTUAL_LINK,FARM_POINT_COORDINATES,DAILY_DERIVED_HOURLY,Paddy,ADT 45,80,Flowering,Samba,Clay,15.0,30.0,55.0,POOR,FARMER_VERIFIED,0.2249583333333333,0.271,29.53,LOW_WASH_RISK,LOW,UNLABELLED,UNLABELLED,UNLABELLED,UNLABELLED,UNLABELLED
2025-10-10,3,Madurai,9.9252,78.1198,23.995833333333334,65.10416666666667,2.2,0.2242916666666666,5.0,9.9,16.3,2.1,1,4,NO_OFFICIAL_WARNING,TEMPORAL_DATE_DISTRICT_CONTEXTUAL_LINK,FARM_POINT_COORDINATES,DAILY_DERIVED_HOURLY,Maize,Co 6,35,Vegetative,Kharif,Sandy Loam,60.0,25.0,15.0,WELL_DRAINED,ESTIMATED,0.2242916666666666,0.273,35.31,LOW_WASH_RISK,LOW,UNLABELLED,UNLABELLED,UNLABELLED,UNLABELLED,UNLABELLED
2025-10-10,4,Nagapattinam,10.7656,79.8424,23.883333333333336,65.33749999999999,10.3,0.23075,10.3,12.3,8.1,2.7,2,6,NO_OFFICIAL_WARNING,TEMPORAL_DATE_DISTRICT_CONTEXTUAL_LINK,FARM_POINT_COORDINATES,DAILY_DERIVED_HOURLY,Cotton,MCU 5,65,Boll Formation,Kharif,Black Clay,20.0,20.0,60.0,POOR,LAB_VERIFIED,0.23075,0.251,29.47,LOW_WASH_RISK,MODERATE,UNLABELLED,UNLABELLED,UNLABELLED,UNLABELLED,UNLABELLED
2025-10-10,5,Coimbatore,11.0168,76.9558,23.77083333333333,64.875,4.7,0.2277916666666666,5.9,13.2,13.8,3.2,2,5,NO_OFFICIAL_WARNING,TEMPORAL_DATE_DISTRICT_CONTEXTUAL_LINK,FARM_POINT_COORDINATES,DAILY_DERIVED_HOURLY,Groundnut,TMV 7,50,Pegging,Kharif,Red Sandy,70.0,15.0,15.0,WELL_DRAINED,FARMER_VERIFIED,0.2277916666666666,0.239,33.68,LOW_WASH_RISK,LOW,UNLABELLED,UNLABELLED,UNLABELLED,UNLABELLED,UNLABELLED
2025-10-10,6,Tiruchirappalli,10.7905,78.7047,24.04583333333333,64.78750000000001,2.1,0.2272916666666666,9.0,10.4,12.6,3.8,1,5,NO_OFFICIAL_WARNING,TEMPORAL_DATE_DISTRICT_CONTEXTUAL_LINK,FARM_POINT_COORDINATES,DAILY_DERIVED_HOURLY,Banana,Grand Naine,120,Shooting,Annual,Alluvial Loam,35.0,45.0,20.0,MODERATE,LAB_VERIFIED,0.2272916666666666,0.26,32.68,LOW_WASH_RISK,LOW,UNLABELLED,UNLABELLED,UNLABELLED,UNLABELLED,UNLABELLED
2025-10-10,7,Tirunelveli,8.7139,77.7567,24.05,64.99166666666666,6.3,0.2332083333333333,10.7,22.9,22.9,3.6,1,7,NO_OFFICIAL_WARNING,TEMPORAL_DATE_DISTRICT_CONTEXTUAL_LINK,FARM_POINT_COORDINATES,DAILY_DERIVED_HOURLY,Tomato,PKM 1,30,Vegetative,Rabi,Red Loam,45.0,35.0,20.0,MODERATE,ESTIMATED,0.2332083333333333,0.261,41.41,LOW_WASH_RISK,MODERATE,UNLABELLED,UNLABELLED,UNLABELLED,UNLABELLED,UNLABELLED
2025-10-10,8,Villupuram,11.9401,79.4861,24.016666666666666,64.60833333333333,2.5,0.2242916666666666,4.9,8.1,11.0,2.8,1,4,NO_OFFICIAL_WARNING,TEMPORAL_DATE_DISTRICT_CONTEXTUAL_LINK,FARM_POINT_COORDINATES,DAILY_DERIVED_HOURLY,Sugarcane,Co 86032,150,Grand Growth,Annual,Clay Loam,30.0,35.0,35.0,MODERATE,LAB_VERIFIED,0.2242916666666666,0.276,31.12,LOW_WASH_RISK,LOW,UNLABELLED,UNLABELLED,UNLABELLED,UNLABELLED,UNLABELLED
2025-10-10,9,Erode,11.341,77.7172,23.8875,65.42916666666666,9.9,0.2285,9.9,17.7,15.7,5.9,2,7,NO_OFFICIAL_WARNING,TEMPORAL_DATE_DISTRICT_CONTEXTUAL_LINK,FARM_POINT_COORDINATES,DAILY_DERIVED_HOURLY,Chilli,K1,40,Flowering,Rabi,Black Soil,30.0,25.0,45.0,POOR,FARMER_VERIFIED,0.2285,0.285,35.25,LOW_WASH_RISK,MODERATE,UNLABELLED,UNLABELLED,UNLABELLED,UNLABELLED,UNLABELLED
2025-10-10,10,Tiruvarur,10.7708,79.6373,24.041666666666668,65.33333333333333,10.0,0.2310833333333333,10.0,17.2,9.3,3.5,2,6,NO_OFFICIAL_WARNING,TEMPORAL_DATE_DISTRICT_CONTEXTUAL_LINK,FARM_POINT_COORDINATES,DAILY_DERIVED_HOURLY,Pulses,Vamban 3,25,Vegetative,Rabi,Loamy Sand,65.0,20.0,15.0,WELL_DRAINED,ESTIMATED,0.2310833333333333,0.263,30.46,LOW_WASH_RISK,LOW,UNLABELLED,UNLABELLED,UNLABELLED,UNLABELLED,UNLABELLED
2025-10-11,1,Thanjavur,10.787,79.1378,24.09583333333333,64.89999999999999,6.2,0.2302083333333333,6.2,11.5,11.5,3.8,2,4,NO_OFFICIAL_WARNING,TEMPORAL_DATE_DISTRICT_CONTEXTUAL_LINK,FARM_POINT_COORDINATES,DAILY_DERIVED_HOURLY,Paddy,CR1009 Sub1,45,Tillering,Samba,Clay Loam,25.0,35.0,40.0,POOR,LAB_VERIFIED,0.2302083333333333,0.281,32.11,LOW_WASH_RISK,MODERATE,UNLABELLED,UNLABELLED,UNLABELLED,UNLABELLED,UNLABELLED
2025-10-11,2,Cuddalore,11.748,79.7714,23.92083333333333,64.99166666666666,5.9,0.2256666666666666,9.5,13.1,11.0,4.2,2,5,NO_OFFICIAL_WARNING,TEMPORAL_DATE_DISTRICT_CONTEXTUAL_LINK,FARM_POINT_COORDINATES,DAILY_DERIVED_HOURLY,Paddy,ADT 45,80,Flowering,Samba,Clay,15.0,30.0,55.0,POOR,FARMER_VERIFIED,0.2256666666666666,0.261,31.26,LOW_WASH_RISK,MODERATE,UNLABELLED,UNLABELLED,UNLABELLED,UNLABELLED,UNLABELLED
2025-10-11,3,Madurai,9.9252,78.1198,23.866666666666664,65.11666666666666,6.4,0.2289583333333333,7.7,10.9,9.9,3.9,1,5,NO_OFFICIAL_WARNING,TEMPORAL_DATE_DISTRICT_CONTEXTUAL_LINK,FARM_POINT_COORDINATES,DAILY_DERIVED_HOURLY,Maize,Co 6,35,Vegetative,Kharif,Sandy Loam,60.0,25.0,15.0,WELL_DRAINED,ESTIMATED,0.2289583333333333,0.275,30.72,LOW_WASH_RISK,LOW,UNLABELLED,UNLABELLED,UNLABELLED,UNLABELLED,UNLABELLED
2025-10-11,4,Nagapattinam,10.7656,79.8424,24.10833333333333,65.04166666666667,7.5,0.2295416666666666,12.5,17.8,12.3,3.0,1,8,NO_OFFICIAL_WARNING,TEMPORAL_DATE_DISTRICT_CONTEXTUAL_LINK,FARM_POINT_COORDINATES,DAILY_DERIVED_HOURLY,Cotton,MCU 5,65,Boll Formation,Kharif,Black Clay,20.0,20.0,60.0,POOR,LAB_VERIFIED,0.2295416666666666,0.272,32.67,LOW_WASH_RISK,MODERATE,UNLABELLED,UNLABELLED,UNLABELLED,UNLABELLED,UNLABELLED
2025-10-11,5,Coimbatore,11.0168,76.9558,24.15833333333333,64.46666666666667,14.1,0.2297083333333333,14.3,18.8,13.2,5.0,1,7,NO_OFFICIAL_WARNING,TEMPORAL_DATE_DISTRICT_CONTEXTUAL_LINK,FARM_POINT_COORDINATES,DAILY_DERIVED_HOURLY,Groundnut,TMV 7,50,Pegging,Kharif,Red Sandy,70.0,15.0,15.0,WELL_DRAINED,FARMER_VERIFIED,0.2297083333333333,0.242,33.4,LOW_WASH_RISK,LOW,UNLABELLED,UNLABELLED,UNLABELLED,UNLABELLED,UNLABELLED
2025-10-11,6,Tiruchirappalli,10.7905,78.7047,24.09583333333333,65.5,2.4,0.227375,4.5,11.4,10.4,2.4,1,2,NO_OFFICIAL_WARNING,TEMPORAL_DATE_DISTRICT_CONTEXTUAL_LINK,FARM_POINT_COORDINATES,DAILY_DERIVED_HOURLY,Banana,Grand Naine,120,Shooting,Annual,Alluvial Loam,35.0,45.0,20.0,MODERATE,LAB_VERIFIED,0.227375,0.281,30.95,LOW_WASH_RISK,LOW,UNLABELLED,UNLABELLED,UNLABELLED,UNLABELLED,UNLABELLED
2025-10-11,7,Tirunelveli,8.7139,77.7567,24.075,65.40416666666667,2.9,0.2215833333333333,7.5,17.9,22.9,3.6,1,6,NO_OFFICIAL_WARNING,TEMPORAL_DATE_DISTRICT_CONTEXTUAL_LINK,FARM_POINT_COORDINATES,DAILY_DERIVED_HOURLY,Tomato,PKM 1,30,Vegetative,Rabi,Red Loam,45.0,35.0,20.0,MODERATE,ESTIMATED,0.2215833333333333,0.265,40.25,LOW_WASH_RISK,LOW,UNLABELLED,UNLABELLED,UNLABELLED,UNLABELLED,UNLABELLED
2025-10-11,8,Villupuram,11.9401,79.4861,24.1,65.00416666666666,1.5,0.2232499999999999,2.8,6.3,8.1,1.5,1,2,NO_OFFICIAL_WARNING,TEMPORAL_DATE_DISTRICT_CONTEXTUAL_LINK,FARM_POINT_COORDINATES,DAILY_DERIVED_HOURLY,Sugarcane,Co 86032,150,Grand Growth,Annual,Clay Loam,30.0,35.0,35.0,MODERATE,LAB_VERIFIED,0.2232499999999999,0.257,28.72,LOW_WASH_RISK,LOW,UNLABELLED,UNLABELLED,UNLABELLED,UNLABELLED,UNLABELLED
2025-10-11,9,Erode,11.341,77.7172,23.97083333333333,64.75,2.8,0.2225416666666666,10.8,15.5,17.7,5.9,1,7,NO_OFFICIAL_WARNING,TEMPORAL_DATE_DISTRICT_CONTEXTUAL_LINK,FARM_POINT_COORDINATES,DAILY_DERIVED_HOURLY,Chilli,K1,40,Flowering,Rabi,Black Soil,30.0,25.0,45.0,POOR,FARMER_VERIFIED,0.2225416666666666,0.255,36.24,LOW_WASH_RISK,MODERATE,UNLABELLED,UNLABELLED,UNLABELLED,UNLABELLED,UNLABELLED
2025-10-11,10,Tiruvarur,10.7708,79.6373,24.1125,64.71666666666667,3.3,0.2292083333333333,8.7,15.2,17.2,3.5,1,5,NO_OFFICIAL_WARNING,TEMPORAL_DATE_DISTRICT_CONTEXTUAL_LINK,FARM_POINT_COORDINATES,DAILY_DERIVED_HOURLY,Pulses,Vamban 3,25,Vegetative,Rabi,Loamy Sand,65.0,20.0,15.0,WELL_DRAINED,ESTIMATED,0.2292083333333333,0.279,36.51,LOW_WASH_RISK,LOW,UNLABELLED,UNLABELLED,UNLABELLED,UNLABELLED,UNLABELLED
2025-10-12,1,Thanjavur,10.787,79.1378,23.90833333333333,64.83749999999999,2.4,0.2294166666666666,8.5,12.3,11.5,3.8,1,6,NO_OFFICIAL_WARNING,TEMPORAL_DATE_DISTRICT_CONTEXTUAL_LINK,FARM_POINT_COORDINATES,DAILY_DERIVED_HOURLY,Paddy,CR1009 Sub1,45,Tillering,Samba,Clay Loam,25.0,35.0,40.0,POOR,LAB_VERIFIED,0.2294166666666666,0.276,32.03,LOW_WASH_RISK,MODERATE,UNLABELLED,UNLABELLED,UNLABELLED,UNLABELLED,UNLABELLED
2025-10-12,2,Cuddalore,11.748,79.7714,23.95833333333333,64.86666666666666,2.2,0.226,7.8,13.5,13.1,4.2,1,4,NO_OFFICIAL_WARNING,TEMPORAL_DATE_DISTRICT_CONTEXTUAL_LINK,FARM_POINT_COORDINATES,DAILY_DERIVED_HOURLY,Paddy,ADT 45,80,Flowering,Samba,Clay,15.0,30.0,55.0,POOR,FARMER_VERIFIED,0.226,0.276,32.95,LOW_WASH_RISK,MODERATE,UNLABELLED,UNLABELLED,UNLABELLED,UNLABELLED,UNLABELLED
2025-10-12,3,Madurai,9.9252,78.1198,23.90833333333333,65.06666666666666,8.1,0.2255416666666666,11.2,15.4,10.9,3.9,1,5,NO_OFFICIAL_WARNING,TEMPORAL_DATE_DISTRICT_CONTEXTUAL_LINK,FARM_POINT_COORDINATES,DAILY_DERIVED_HOURLY,Maize,Co 6,35,Vegetative,Kharif,Sandy Loam,60.0,25.0,15.0,WELL_DRAINED,ESTIMATED,0.2255416666666666,0.268,31.17,LOW_WASH_RISK,LOW,UNLABELLED,UNLABELLED,UNLABELLED,UNLABELLED,UNLABELLED
2025-10-12,4,Nagapattinam,10.7656,79.8424,24.02916666666667,64.60833333333333,3.5,0.2297916666666666,7.6,19.4,17.8,3.0,1,5,NO_OFFICIAL_WARNING,TEMPORAL_DATE_DISTRICT_CONTEXTUAL_LINK,FARM_POINT_COORDINATES,DAILY_DERIVED_HOURLY,Cotton,MCU 5,65,Boll Formation,Kharif,Black Clay,20.0,20.0,60.0,POOR,LAB_VERIFIED,0.2297916666666666,0.242,37.04,LOW_WASH_RISK,MODERATE,UNLABELLED,UNLABELLED,UNLABELLED,UNLABELLED,UNLABELLED
2025-10-12,5,Coimbatore,11.0168,76.9558,23.925,65.3875,4.300000000000001,0.2291666666666666,15.5,20.6,18.8,5.0,1,7,NO_OFFICIAL_WARNING,TEMPORAL_DATE_DISTRICT_CONTEXTUAL_LINK,FARM_POINT_COORDINATES,DAILY_DERIVED_HOURLY,Groundnut,TMV 7,50,Pegging,Kharif,Red Sandy,70.0,15.0,15.0,WELL_DRAINED,FARMER_VERIFIED,0.2291666666666666,0.253,37.77,LOW_WASH_RISK,LOW,UNLABELLED,UNLABELLED,UNLABELLED,UNLABELLED,UNLABELLED
2025-10-12,6,Tiruchirappalli,10.7905,78.7047,23.929166666666664,65.00833333333334,12.0,0.2280833333333333,12.0,14.4,11.4,5.6,1,5,NO_OFFICIAL_WARNING,TEMPORAL_DATE_DISTRICT_CONTEXTUAL_LINK,FARM_POINT_COORDINATES,DAILY_DERIVED_HOURLY,Banana,Grand Naine,120,Shooting,Annual,Alluvial Loam,35.0,45.0,20.0,MODERATE,LAB_VERIFIED,0.2280833333333333,0.282,31.81,LOW_WASH_RISK,LOW,UNLABELLED,UNLABELLED,UNLABELLED,UNLABELLED,UNLABELLED
2025-10-12,7,Tirunelveli,8.7139,77.7567,24.09583333333333,65.31666666666666,8.5,0.2303333333333333,10.1,17.3,17.9,4.5,2,5,NO_OFFICIAL_WARNING,TEMPORAL_DATE_DISTRICT_CONTEXTUAL_LINK,FARM_POINT_COORDINATES,DAILY_DERIVED_HOURLY,Tomato,PKM 1,30,Vegetative,Rabi,Red Loam,45.0,35.0,20.0,MODERATE,ESTIMATED,0.2303333333333333,0.26,37.17,LOW_WASH_RISK,LOW,UNLABELLED,UNLABELLED,UNLABELLED,UNLABELLED,UNLABELLED
2025-10-12,8,Villupuram,11.9401,79.4861,23.79583333333333,65.06666666666666,2.7,0.227875,2.7,5.1,6.3,2.1,3,3,NO_OFFICIAL_WARNING,TEMPORAL_DATE_DISTRICT_CONTEXTUAL_LINK,FARM_POINT_COORDINATES,DAILY_DERIVED_HOURLY,Sugarcane,Co 86032,150,Grand Growth,Annual,Clay Loam,30.0,35.0,35.0,MODERATE,LAB_VERIFIED,0.227875,0.268,27.76,LOW_WASH_RISK,LOW,UNLABELLED,UNLABELLED,UNLABELLED,UNLABELLED,UNLABELLED
2025-10-12,9,Erode,11.341,77.7172,24.175,65.11666666666666,13.4,0.2328749999999999,13.4,17.7,15.5,6.6,1,4,NO_OFFICIAL_WARNING,TEMPORAL_DATE_DISTRICT_CONTEXTUAL_LINK,FARM_POINT_COORDINATES,DAILY_DERIVED_HOURLY,Chilli,K1,40,Flowering,Rabi,Black Soil,30.0,25.0,45.0,POOR,FARMER_VERIFIED,0.2328749999999999,0.253,35.53,LOW_WASH_RISK,MODERATE,UNLABELLED,UNLABELLED,UNLABELLED,UNLABELLED,UNLABELLED
2025-10-12,10,Tiruvarur,10.7708,79.6373,24.125,65.12083333333334,6.8,0.231625,6.8,15.0,15.2,3.3,2,6,NO_OFFICIAL_WARNING,TEMPORAL_DATE_DISTRICT_CONTEXTUAL_LINK,FARM_POINT_COORDINATES,DAILY_DERIVED_HOURLY,Pulses,Vamban 3,25,Vegetative,Rabi,Loamy Sand,65.0,20.0,15.0,WELL_DRAINED,ESTIMATED,0.231625,0.246,35.17,LOW_WASH_RISK,LOW,UNLABELLED,UNLABELLED,UNLABELLED,UNLABELLED,UNLABELLED
2025-10-13,1,Thanjavur,10.787,79.1378,24.104166666666668,65.15416666666667,1.5,0.230375,2.4,8.9,12.3,1.5,1,2,NO_OFFICIAL_WARNING,TEMPORAL_DATE_DISTRICT_CONTEXTUAL_LINK,FARM_POINT_COORDINATES,DAILY_DERIVED_HOURLY,Paddy,CR1009 Sub1,45,Tillering,Samba,Clay Loam,25.0,35.0,40.0,POOR,LAB_VERIFIED,0.230375,0.255,32.75,LOW_WASH_RISK,LOW,UNLABELLED,UNLABELLED,UNLABELLED,UNLABELLED,UNLABELLED
2025-10-13,2,Cuddalore,11.748,79.7714,23.72083333333333,64.94166666666666,3.2,0.2275,3.5,10.7,13.5,1.9,3,4,NO_OFFICIAL_WARNING,TEMPORAL_DATE_DISTRICT_CONTEXTUAL_LINK,FARM_POINT_COORDINATES,DAILY_DERIVED_HOURLY,Paddy,ADT 45,80,Flowering,Samba,Clay,15.0,30.0,55.0,POOR,FARMER_VERIFIED,0.2275,0.262,33.42,LOW_WASH_RISK,MODERATE,UNLABELLED,UNLABELLED,UNLABELLED,UNLABELLED,UNLABELLED
2025-10-13,3,Madurai,9.9252,78.1198,23.916666666666668,65.125,2.0,0.2277916666666666,8.1,13.6,15.4,2.6,1,5,NO_OFFICIAL_WARNING,TEMPORAL_DATE_DISTRICT_CONTEXTUAL_LINK,FARM_POINT_COORDINATES,DAILY_DERIVED_HOURLY,Maize,Co 6,35,Vegetative,Kharif,Sandy Loam,60.0,25.0,15.0,WELL_DRAINED,ESTIMATED,0.2277916666666666,0.266,34.95,LOW_WASH_RISK,LOW,UNLABELLED,UNLABELLED,UNLABELLED,UNLABELLED,UNLABELLED
2025-10-13,4,Nagapattinam,10.7656,79.8424,24.183333333333334,65.13333333333334,2.6,0.2231666666666666,4.4,10.4,19.4,2.3,1,5,NO_OFFICIAL_WARNING,TEMPORAL_DATE_DISTRICT_CONTEXTUAL_LINK,FARM_POINT_COORDINATES,DAILY_DERIVED_HOURLY,Cotton,MCU 5,65,Boll Formation,Kharif,Black Clay,20.0,20.0,60.0,POOR,LAB_VERIFIED,0.2231666666666666,0.253,37.64,LOW_WASH_RISK,MODERATE,UNLABELLED,UNLABELLED,UNLABELLED,UNLABELLED,UNLABELLED
2025-10-13,5,Coimbatore,11.0168,76.9558,23.95833333333333,65.20833333333333,6.2,0.2250833333333333,7.8,23.3,20.6,4.7,1,5,NO_OFFICIAL_WARNING,TEMPORAL_DATE_DISTRICT_CONTEXTUAL_LINK,FARM_POINT_COORDINATES,DAILY_DERIVED_HOURLY,Groundnut,TMV 7,50,Pegging,Kharif,Red Sandy,70.0,15.0,15.0,WELL_DRAINED,FARMER_VERIFIED,0.2250833333333333,0.274,38.78,LOW_WASH_RISK,LOW,UNLABELLED,UNLABELLED,UNLABELLED,UNLABELLED,UNLABELLED
2025-10-13,6,Tiruchirappalli,10.7905,78.7047,24.09166666666667,65.08333333333333,9.9,0.2267916666666666,12.3,21.9,14.4,8.7,1,5,NO_OFFICIAL_WARNING,TEMPORAL_DATE_DISTRICT_CONTEXTUAL_LINK,FARM_POINT_COORDINATES,DAILY_DERIVED_HOURLY,Banana,Grand Naine,120,Shooting,Annual,Alluvial Loam,35.0,45.0,20.0,MODERATE,LAB_VERIFIED,0.2267916666666666,0.255,34.06,LOW_WASH_RISK,MODERATE,UNLABELLED,UNLABELLED,UNLABELLED,UNLABELLED,UNLABELLED
2025-10-13,7,Tirunelveli,8.7139,77.7567,24.2625,65.10000000000001,5.800000000000001,0.2280416666666666,5.9,15.1,17.3,4.5,1,3,NO_OFFICIAL_WARNING,TEMPORAL_DATE_DISTRICT_CONTEXTUAL_LINK,FARM_POINT_COORDINATES,DAILY_DERIVED_HOURLY,Tomato,PKM 1,30,Vegetative,Rabi,Red Loam,45.0,35.0,20.0,MODERATE,ESTIMATED,0.2280416666666666,0.257,36.47,LOW_WASH_RISK,LOW,UNLABELLED,UNLABELLED,UNLABELLED,UNLABELLED,UNLABELLED
2025-10-13,8,Villupuram,11.9401,79.4861,23.8375,65.38333333333334,1.9,0.2289999999999999,2.7,4.6,5.1,2.1,1,3,NO_OFFICIAL_WARNING,TEMPORAL_DATE_DISTRICT_CONTEXTUAL_LINK,FARM_POINT_COORDINATES,DAILY_DERIVED_HOURLY,Sugarcane,Co 86032,150,Grand Growth,Annual,Clay Loam,30.0,35.0,35.0,MODERATE,LAB_VERIFIED,0.2289999999999999,0.283,26.93,LOW_WASH_RISK,LOW,UNLABELLED,UNLABELLED,UNLABELLED,UNLABELLED,UNLABELLED
2025-10-13,9,Erode,11.341,77.7172,23.9875,64.9875,10.7,0.232375,17.3,24.1,17.7,6.6,2,6,NO_OFFICIAL_WARNING,TEMPORAL_DATE_DISTRICT_CONTEXTUAL_LINK,FARM_POINT_COORDINATES,DAILY_DERIVED_HOURLY,Chilli,K1,40,Flowering,Rabi,Black Soil,30.0,25.0,45.0,POOR,FARMER_VERIFIED,0.232375,0.288,37.22,LOW_WASH_RISK,MODERATE,UNLABELLED,UNLABELLED,UNLABELLED,UNLABELLED,UNLABELLED
2025-10-13,10,Tiruvarur,10.7708,79.6373,24.075,64.87916666666666,4.5,0.2282083333333333,7.6,14.4,15.0,4.0,1,6,NO_OFFICIAL_WARNING,TEMPORAL_DATE_DISTRICT_CONTEXTUAL_LINK,FARM_POINT_COORDINATES,DAILY_DERIVED_HOURLY,Pulses,Vamban 3,25,Vegetative,Rabi,Loamy Sand,65.0,20.0,15.0,WELL_DRAINED,ESTIMATED,0.2282083333333333,0.247,34.67,LOW_WASH_RISK,LOW,UNLABELLED,UNLABELLED,UNLABELLED,UNLABELLED,UNLABELLED
2025-10-14,1,Thanjavur,10.787,79.1378,24.14583333333333,64.6875,1.5,0.2259166666666666,2.7,3.9,8.9,1.5,1,2,NO_OFFICIAL_WARNING,TEMPORAL_DATE_DISTRICT_CONTEXTUAL_LINK,FARM_POINT_COORDINATES,DAILY_DERIVED_HOURLY,Paddy,CR1009 Sub1,45,Tillering,Samba,Clay Loam,25.0,35.0,40.0,POOR,LAB_VERIFIED,0.2259166666666666,0.254,29.62,LOW_WASH_RISK,LOW,UNLABELLED,UNLABELLED,UNLABELLED,UNLABELLED,UNLABELLED
2025-10-14,2,Cuddalore,11.748,79.7714,23.925,65.12083333333334,3.8,0.2197916666666667,3.9,7.3,10.7,2.5,1,3,NO_OFFICIAL_WARNING,TEMPORAL_DATE_DISTRICT_CONTEXTUAL_LINK,FARM_POINT_COORDINATES,DAILY_DERIVED_HOURLY,Paddy,ADT 45,80,Flowering,Samba,Clay,15.0,30.0,55.0,POOR,FARMER_VERIFIED,0.2197916666666667,0.236,30.43,LOW_WASH_RISK,LOW,UNLABELLED,UNLABELLED,UNLABELLED,UNLABELLED,UNLABELLED
2025-10-14,3,Madurai,9.9252,78.1198,23.979166666666668,64.97500000000001,5.6,0.2243333333333333,7.1,13.4,13.6,4.0,3,5,NO_OFFICIAL_WARNING,TEMPORAL_DATE_DISTRICT_CONTEXTUAL_LINK,FARM_POINT_COORDINATES,DAILY_DERIVED_HOURLY,Maize,Co 6,35,Vegetative,Kharif,Sandy Loam,60.0,25.0,15.0,WELL_DRAINED,ESTIMATED,0.2243333333333333,0.239,33.18,LOW_WASH_RISK,LOW,UNLABELLED,UNLABELLED,UNLABELLED,UNLABELLED,UNLABELLED
2025-10-14,4,Nagapattinam,10.7656,79.8424,24.070833333333336,65.05,6.3,0.2312499999999999,7.5,11.4,10.4,3.5,1,4,NO_OFFICIAL_WARNING,TEMPORAL_DATE_DISTRICT_CONTEXTUAL_LINK,FARM_POINT_COORDINATES,DAILY_DERIVED_HOURLY,Cotton,MCU 5,65,Boll Formation,Kharif,Black Clay,20.0,20.0,60.0,POOR,LAB_VERIFIED,0.2312499999999999,0.26,31.34,LOW_WASH_RISK,MODERATE,UNLABELLED,UNLABELLED,UNLABELLED,UNLABELLED,UNLABELLED
2025-10-14,5,Coimbatore,11.0168,76.9558,23.85833333333333,64.9875,3.1,0.2265833333333333,6.2,10.5,23.3,4.7,1,2,NO_OFFICIAL_WARNING,TEMPORAL_DATE_DISTRICT_CONTEXTUAL_LINK,FARM_POINT_COORDINATES,DAILY_DERIVED_HOURLY,Groundnut,TMV 7,50,Pegging,Kharif,Red Sandy,70.0,15.0,15.0,WELL_DRAINED,FARMER_VERIFIED,0.2265833333333333,0.278,41.07,LOW_WASH_RISK,LOW,UNLABELLED,UNLABELLED,UNLABELLED,UNLABELLED,UNLABELLED
2025-10-14,6,Tiruchirappalli,10.7905,78.7047,23.991666666666664,64.95416666666667,1.3,0.2299583333333333,10.8,21.8,21.9,8.7,1,4,NO_OFFICIAL_WARNING,TEMPORAL_DATE_DISTRICT_CONTEXTUAL_LINK,FARM_POINT_COORDINATES,DAILY_DERIVED_HOURLY,Banana,Grand Naine,120,Shooting,Annual,Alluvial Loam,35.0,45.0,20.0,MODERATE,LAB_VERIFIED,0.2299583333333333,0.284,40.3,LOW_WASH_RISK,MODERATE,UNLABELLED,UNLABELLED,UNLABELLED,UNLABELLED,UNLABELLED
2025-10-14,7,Tirunelveli,8.7139,77.7567,23.929166666666664,64.60416666666667,8.4,0.2317916666666666,8.4,14.2,15.1,6.7,1,4,NO_OFFICIAL_WARNING,TEMPORAL_DATE_DISTRICT_CONTEXTUAL_LINK,FARM_POINT_COORDINATES,DAILY_DERIVED_HOURLY,Tomato,PKM 1,30,Vegetative,Rabi,Red Loam,45.0,35.0,20.0,MODERATE,ESTIMATED,0.2317916666666666,0.265,35.11,LOW_WASH_RISK,LOW,UNLABELLED,UNLABELLED,UNLABELLED,UNLABELLED,UNLABELLED
2025-10-14,8,Villupuram,11.9401,79.4861,23.979166666666668,65.15416666666667,6.7,0.229625,6.7,8.6,4.6,2.6,2,6,NO_OFFICIAL_WARNING,TEMPORAL_DATE_DISTRICT_CONTEXTUAL_LINK,FARM_POINT_COORDINATES,DAILY_DERIVED_HOURLY,Sugarcane,Co 86032,150,Grand Growth,Annual,Clay Loam,30.0,35.0,35.0,MODERATE,LAB_VERIFIED,0.229625,0.273,26.6,LOW_WASH_RISK,LOW,UNLABELLED,UNLABELLED,UNLABELLED,UNLABELLED,UNLABELLED
2025-10-14,9,Erode,11.341,77.7172,23.891666666666666,64.82916666666667,26.0,0.2315833333333333,33.7,43.9,24.1,10.5,2,9,NO_OFFICIAL_WARNING,TEMPORAL_DATE_DISTRICT_CONTEXTUAL_LINK,FARM_POINT_COORDINATES,DAILY_DERIVED_HOURLY,Chilli,K1,40,Flowering,Rabi,Black Soil,30.0,25.0,45.0,POOR,FARMER_VERIFIED,0.2315833333333333,0.263,42.2,MODERATE_WASH_RISK,HIGH,UNLABELLED,UNLABELLED,UNLABELLED,UNLABELLED,UNLABELLED
2025-10-14,10,Tiruvarur,10.7708,79.6373,23.98333333333333,65.20416666666667,8.7,0.2312499999999999,8.9,15.2,14.4,4.0,1,4,NO_OFFICIAL_WARNING,TEMPORAL_DATE_DISTRICT_CONTEXTUAL_LINK,FARM_POINT_COORDINATES,DAILY_DERIVED_HOURLY,Pulses,Vamban 3,25,Vegetative,Rabi,Loamy Sand,65.0,20.0,15.0,WELL_DRAINED,ESTIMATED,0.2312499999999999,0.249,34.5,LOW_WASH_RISK,LOW,UNLABELLED,UNLABELLED,UNLABELLED,UNLABELLED,UNLABELLED
2025-10-15,1,Thanjavur,10.787,79.1378,23.9375,64.90833333333333,284.5,0.33,284.5,286.2,3.9,55.7,5,18,HEAVY_RAINFALL_ADVISORY,TEMPORAL_DATE_DISTRICT_CONTEXTUAL_LINK,FARM_POINT_COORDINATES,DAILY_DERIVED_HOURLY,Paddy,CR1009 Sub1,45,Tillering,Samba,Clay Loam,25.0,35.0,40.0,POOR,LAB_VERIFIED,0.33,0.363,36.08,HIGH_WASH_RISK,CRITICAL,NO_DAMAGE,HIGH_SURVIVAL,FULL_RECOVERY,NO_FINANCIAL_LOSS,NDMA_RELIEF_GROUND_TRUTH
2025-10-15,2,Cuddalore,11.748,79.7714,23.90833333333333,65.15416666666667,296.6,0.3354583333333333,296.6,300.4,7.3,59.2,10,19,HEAVY_RAINFALL_ADVISORY,TEMPORAL_DATE_DISTRICT_CONTEXTUAL_LINK,FARM_POINT_COORDINATES,DAILY_DERIVED_HOURLY,Paddy,ADT 45,80,Flowering,Samba,Clay,15.0,30.0,55.0,POOR,FARMER_VERIFIED,0.3354583333333333,0.412,39.31,HIGH_WASH_RISK,CRITICAL,SLIGHT_DAMAGE,HIGH_SURVIVAL,PARTIAL_RECOVERY,LOW_FINANCIAL_LOSS,NDMA_RELIEF_GROUND_TRUTH
2025-10-15,3,Madurai,9.9252,78.1198,23.975,65.0,304.5,0.3421666666666667,304.5,310.1,13.4,58.1,7,19,HEAVY_RAINFALL_ADVISORY,TEMPORAL_DATE_DISTRICT_CONTEXTUAL_LINK,FARM_POINT_COORDINATES,DAILY_DERIVED_HOURLY,Maize,Co 6,35,Vegetative,Kharif,Sandy Loam,60.0,25.0,15.0,WELL_DRAINED,ESTIMATED,0.3421666666666667,0.405,44.8,HIGH_WASH_RISK,CRITICAL,SEVERE_DAMAGE,LOW_SURVIVAL,UNRECOVERABLE,HIGH_FINANCIAL_LOSS,NDMA_RELIEF_GROUND_TRUTH
2025-10-15,4,Nagapattinam,10.7656,79.8424,23.96666666666667,65.39999999999999,310.6,0.3424166666666666,310.6,316.9,11.4,49.2,5,18,HEAVY_RAINFALL_ADVISORY,TEMPORAL_DATE_DISTRICT_CONTEXTUAL_LINK,FARM_POINT_COORDINATES,DAILY_DERIVED_HOURLY,Cotton,MCU 5,65,Boll Formation,Kharif,Black Clay,20.0,20.0,60.0,POOR,LAB_VERIFIED,0.3424166666666666,0.406,43.25,HIGH_WASH_RISK,CRITICAL,SLIGHT_DAMAGE,HIGH_SURVIVAL,PARTIAL_RECOVERY,LOW_FINANCIAL_LOSS,NDMA_RELIEF_GROUND_TRUTH
2025-10-15,5,Coimbatore,11.0168,76.9558,24.016666666666666,65.05416666666666,330.1,0.3600416666666666,330.1,333.2,10.5,40.6,8,22,HEAVY_RAINFALL_ADVISORY,TEMPORAL_DATE_DISTRICT_CONTEXTUAL_LINK,FARM_POINT_COORDINATES,DAILY_DERIVED_HOURLY,Groundnut,TMV 7,50,Pegging,Kharif,Red Sandy,70.0,15.0,15.0,WELL_DRAINED,FARMER_VERIFIED,0.3600416666666666,0.416,44.3,HIGH_WASH_RISK,CRITICAL,SLIGHT_DAMAGE,HIGH_SURVIVAL,PARTIAL_RECOVERY,LOW_FINANCIAL_LOSS,NDMA_RELIEF_GROUND_TRUTH
2025-10-15,6,Tiruchirappalli,10.7905,78.7047,24.066666666666663,64.6125,221.7,0.3193333333333333,221.7,223.0,21.8,31.8,9,20,HEAVY_RAINFALL_ADVISORY,TEMPORAL_DATE_DISTRICT_CONTEXTUAL_LINK,FARM_POINT_COORDINATES,DAILY_DERIVED_HOURLY,Banana,Grand Naine,120,Shooting,Annual,Alluvial Loam,35.0,45.0,20.0,MODERATE,LAB_VERIFIED,0.3193333333333333,0.396,49.16,HIGH_WASH_RISK,CRITICAL,SLIGHT_DAMAGE,HIGH_SURVIVAL,PARTIAL_RECOVERY,LOW_FINANCIAL_LOSS,NDMA_RELIEF_GROUND_TRUTH
2025-10-15,7,Tirunelveli,8.7139,77.7567,24.183333333333334,65.34166666666667,463.2,0.3838333333333333,466.4,471.6,14.2,62.5,14,22,HEAVY_RAINFALL_ADVISORY,TEMPORAL_DATE_DISTRICT_CONTEXTUAL_LINK,FARM_POINT_COORDINATES,DAILY_DERIVED_HOURLY,Tomato,PKM 1,30,Vegetative,Rabi,Red Loam,45.0,35.0,20.0,MODERATE,ESTIMATED,0.3838333333333333,0.443,49.6,HIGH_WASH_RISK,CRITICAL,SEVERE_DAMAGE,LOW_SURVIVAL,UNRECOVERABLE,HIGH_FINANCIAL_LOSS,NDMA_RELIEF_GROUND_TRUTH
2025-10-15,8,Villupuram,11.9401,79.4861,24.1125,65.12916666666666,235.3,0.3217916666666666,235.3,242.0,8.6,44.4,21,23,HEAVY_RAINFALL_ADVISORY,TEMPORAL_DATE_DISTRICT_CONTEXTUAL_LINK,FARM_POINT_COORDINATES,DAILY_DERIVED_HOURLY,Sugarcane,Co 86032,150,Grand Growth,Annual,Clay Loam,30.0,35.0,35.0,MODERATE,LAB_VERIFIED,0.3217916666666666,0.359,38.97,HIGH_WASH_RISK,CRITICAL,SLIGHT_DAMAGE,HIGH_SURVIVAL,PARTIAL_RECOVERY,LOW_FINANCIAL_LOSS,NDMA_RELIEF_GROUND_TRUTH
2025-10-15,9,Erode,11.341,77.7172,23.954166666666666,64.90416666666667,292.8,0.3300833333333333,292.8,318.8,43.9,54.7,9,17,HEAVY_RAINFALL_ADVISORY,TEMPORAL_DATE_DISTRICT_CONTEXTUAL_LINK,FARM_POINT_COORDINATES,DAILY_DERIVED_HOURLY,Chilli,K1,40,Flowering,Rabi,Black Soil,30.0,25.0,45.0,POOR,FARMER_VERIFIED,0.3300833333333333,0.401,67.69,HIGH_WASH_RISK,CRITICAL,SEVERE_DAMAGE,LOW_SURVIVAL,UNRECOVERABLE,HIGH_FINANCIAL_LOSS,NDMA_RELIEF_GROUND_TRUTH
2025-10-15,10,Tiruvarur,10.7708,79.6373,24.02083333333333,64.97916666666667,357.3,0.3574166666666666,357.3,366.0,15.2,59.8,24,24,HEAVY_RAINFALL_ADVISORY,TEMPORAL_DATE_DISTRICT_CONTEXTUAL_LINK,FARM_POINT_COORDINATES,DAILY_DERIVED_HOURLY,Pulses,Vamban 3,25,Vegetative,Rabi,Loamy Sand,65.0,20.0,15.0,WELL_DRAINED,ESTIMATED,0.3574166666666666,0.405,47.75,HIGH_WASH_RISK,CRITICAL,SLIGHT_DAMAGE,HIGH_SURVIVAL,PARTIAL_RECOVERY,LOW_FINANCIAL_LOSS,NDMA_RELIEF_GROUND_TRUTH
2025-10-16,1,Thanjavur,10.787,79.1378,23.92083333333333,65.27083333333333,156.1,0.2927916666666667,302.6,440.6,286.2,55.7,18,23,OFFICIAL_RED_FLOOD_ALERT,TEMPORAL_DATE_DISTRICT_CONTEXTUAL_LINK,FARM_POINT_COORDINATES,DAILY_DERIVED_HOURLY,Paddy,CR1009 Sub1,45,Tillering,Samba,Clay Loam,25.0,35.0,40.0,POOR,LAB_VERIFIED,0.2927916666666667,0.341,255.38,HIGH_WASH_RISK,CRITICAL,NO_DAMAGE,HIGH_SURVIVAL,FULL_RECOVERY,NO_FINANCIAL_LOSS,NDMA_RELIEF_GROUND_TRUTH
2025-10-16,2,Cuddalore,11.748,79.7714,24.08333333333333,64.79583333333333,274.3,0.3240416666666667,352.8,570.9,300.4,59.2,5,19,HEAVY_RAINFALL_ADVISORY,TEMPORAL_DATE_DISTRICT_CONTEXTUAL_LINK,FARM_POINT_COORDINATES,DAILY_DERIVED_HOURLY,Paddy,ADT 45,80,Flowering,Samba,Clay,15.0,30.0,55.0,POOR,FARMER_VERIFIED,0.3240416666666667,0.377,269.72,HIGH_WASH_RISK,CRITICAL,SLIGHT_DAMAGE,HIGH_SURVIVAL,PARTIAL_RECOVERY,LOW_FINANCIAL_LOSS,NDMA_RELIEF_GROUND_TRUTH
2025-10-16,3,Madurai,9.9252,78.1198,23.979166666666668,65.44166666666666,234.7,0.31725,300.0,539.2,310.1,58.1,9,21,HEAVY_RAINFALL_ADVISORY,TEMPORAL_DATE_DISTRICT_CONTEXTUAL_LINK,FARM_POINT_COORDINATES,DAILY_DERIVED_HOURLY,Maize,Co 6,35,Vegetative,Kharif,Sandy Loam,60.0,25.0,15.0,WELL_DRAINED,ESTIMATED,0.31725,0.386,276.7,HIGH_WASH_RISK,CRITICAL,SEVERE_DAMAGE,LOW_SURVIVAL,UNRECOVERABLE,HIGH_FINANCIAL_LOSS,NDMA_RELIEF_GROUND_TRUTH
2025-10-16,4,Nagapattinam,10.7656,79.8424,23.925,65.03333333333333,360.8,0.3642083333333333,403.1,671.4,316.9,49.2,10,22,HEAVY_RAINFALL_ADVISORY,TEMPORAL_DATE_DISTRICT_CONTEXTUAL_LINK,FARM_POINT_COORDINATES,DAILY_DERIVED_HOURLY,Cotton,MCU 5,65,Boll Formation,Kharif,Black Clay,20.0,20.0,60.0,POOR,LAB_VERIFIED,0.3642083333333333,0.411,286.77,HIGH_WASH_RISK,CRITICAL,SLIGHT_DAMAGE,HIGH_SURVIVAL,PARTIAL_RECOVERY,LOW_FINANCIAL_LOSS,NDMA_RELIEF_GROUND_TRUTH
2025-10-16,5,Coimbatore,11.0168,76.9558,23.975,64.82083333333334,334.1,0.3580833333333333,361.9,664.2,333.2,41.6,22,23,HEAVY_RAINFALL_ADVISORY,TEMPORAL_DATE_DISTRICT_CONTEXTUAL_LINK,FARM_POINT_COORDINATES,DAILY_DERIVED_HOURLY,Groundnut,TMV 7,50,Pegging,Kharif,Red Sandy,70.0,15.0,15.0,WELL_DRAINED,FARMER_VERIFIED,0.3580833333333333,0.424,299.04,HIGH_WASH_RISK,CRITICAL,SLIGHT_DAMAGE,HIGH_SURVIVAL,PARTIAL_RECOVERY,LOW_FINANCIAL_LOSS,NDMA_RELIEF_GROUND_TRUTH
2025-10-16,6,Tiruchirappalli,10.7905,78.7047,24.04583333333333,64.97500000000001,238.6,0.3144166666666667,244.6,460.4,223.0,53.9,10,20,HEAVY_RAINFALL_ADVISORY,TEMPORAL_DATE_DISTRICT_CONTEXTUAL_LINK,FARM_POINT_COORDINATES,DAILY_DERIVED_HOURLY,Banana,Grand Naine,120,Shooting,Annual,Alluvial Loam,35.0,45.0,20.0,MODERATE,LAB_VERIFIED,0.3144166666666667,0.336,207.61,HIGH_WASH_RISK,CRITICAL,SLIGHT_DAMAGE,HIGH_SURVIVAL,PARTIAL_RECOVERY,LOW_FINANCIAL_LOSS,NDMA_RELIEF_GROUND_TRUTH
2025-10-16,7,Tirunelveli,8.7139,77.7567,24.025,64.78333333333333,270.5,0.3095416666666666,459.8,736.4,471.6,93.7,11,21,HEAVY_RAINFALL_ADVISORY,TEMPORAL_DATE_DISTRICT_CONTEXTUAL_LINK,FARM_POINT_COORDINATES,DAILY_DERIVED_HOURLY,Tomato,PKM 1,30,Vegetative,Rabi,Red Loam,45.0,35.0,20.0,MODERATE,ESTIMATED,0.3095416666666666,0.381,403.52,HIGH_WASH_RISK,CRITICAL,SEVERE_DAMAGE,LOW_SURVIVAL,UNRECOVERABLE,HIGH_FINANCIAL_LOSS,NDMA_RELIEF_GROUND_TRUTH
2025-10-16,8,Villupuram,11.9401,79.4861,24.0625,64.80833333333334,319.2,0.3474166666666667,319.2,554.5,242.0,44.4,18,22,HEAVY_RAINFALL_ADVISORY,TEMPORAL_DATE_DISTRICT_CONTEXTUAL_LINK,FARM_POINT_COORDINATES,DAILY_DERIVED_HOURLY,Sugarcane,Co 86032,150,Grand Growth,Annual,Clay Loam,30.0,35.0,35.0,MODERATE,LAB_VERIFIED,0.3474166666666667,0.393,225.92,HIGH_WASH_RISK,CRITICAL,SLIGHT_DAMAGE,HIGH_SURVIVAL,PARTIAL_RECOVERY,LOW_FINANCIAL_LOSS,NDMA_RELIEF_GROUND_TRUTH
2025-10-16,9,Erode,11.341,77.7172,24.041666666666668,65.29583333333333,297.0,0.3418333333333334,297.0,589.8,318.8,54.7,5,19,HEAVY_RAINFALL_ADVISORY,TEMPORAL_DATE_DISTRICT_CONTEXTUAL_LINK,FARM_POINT_COORDINATES,DAILY_DERIVED_HOURLY,Chilli,K1,40,Flowering,Rabi,Black Soil,30.0,25.0,45.0,POOR,FARMER_VERIFIED,0.3418333333333334,0.375,286.04,HIGH_WASH_RISK,CRITICAL,SEVERE_DAMAGE,LOW_SURVIVAL,UNRECOVERABLE,HIGH_FINANCIAL_LOSS,NDMA_RELIEF_GROUND_TRUTH
2025-10-16,10,Tiruvarur,10.7708,79.6373,23.875,64.92916666666666,233.7,0.3113333333333333,407.6,591.0,366.0,59.8,30,24,HEAVY_RAINFALL_ADVISORY,TEMPORAL_DATE_DISTRICT_CONTEXTUAL_LINK,FARM_POINT_COORDINATES,DAILY_DERIVED_HOURLY,Pulses,Vamban 3,25,Vegetative,Rabi,Loamy Sand,65.0,20.0,15.0,WELL_DRAINED,ESTIMATED,0.3113333333333333,0.351,320.27,HIGH_WASH_RISK,CRITICAL,SLIGHT_DAMAGE,HIGH_SURVIVAL,PARTIAL_RECOVERY,LOW_FINANCIAL_LOSS,NDMA_RELIEF_GROUND_TRUTH
2025-10-17,1,Thanjavur,10.787,79.1378,23.96666666666667,64.62916666666666,213.1,0.312875,213.1,464.4,440.6,42.4,13,21,HEAVY_RAINFALL_ADVISORY,TEMPORAL_DATE_DISTRICT_CONTEXTUAL_LINK,FARM_POINT_COORDINATES,DAILY_DERIVED_HOURLY,Paddy,CR1009 Sub1,45,Tillering,Samba,Clay Loam,25.0,35.0,40.0,POOR,LAB_VERIFIED,0.312875,0.339,379.36,HIGH_WASH_RISK,CRITICAL,NO_DAMAGE,HIGH_SURVIVAL,FULL_RECOVERY,NO_FINANCIAL_LOSS,NDMA_RELIEF_GROUND_TRUTH
2025-10-17,2,Cuddalore,11.748,79.7714,23.979166666666668,65.0125,168.2,0.2959583333333333,262.7,552.6,570.9,46.9,10,18,HEAVY_RAINFALL_ADVISORY,TEMPORAL_DATE_DISTRICT_CONTEXTUAL_LINK,FARM_POINT_COORDINATES,DAILY_DERIVED_HOURLY,Paddy,ADT 45,80,Flowering,Samba,Clay,15.0,30.0,55.0,POOR,FARMER_VERIFIED,0.2959583333333333,0.35,480.61,HIGH_WASH_RISK,CRITICAL,SLIGHT_DAMAGE,HIGH_SURVIVAL,PARTIAL_RECOVERY,LOW_FINANCIAL_LOSS,NDMA_RELIEF_GROUND_TRUTH
2025-10-17,3,Madurai,9.9252,78.1198,24.008333333333336,65.33333333333333,274.8,0.3334166666666667,295.2,549.4,539.2,41.9,10,21,HEAVY_RAINFALL_ADVISORY,TEMPORAL_DATE_DISTRICT_CONTEXTUAL_LINK,FARM_POINT_COORDINATES,DAILY_DERIVED_HOURLY,Maize,Co 6,35,Vegetative,Kharif,Sandy Loam,60.0,25.0,15.0,WELL_DRAINED,ESTIMATED,0.3334166666666667,0.4,459.31,HIGH_WASH_RISK,CRITICAL,SEVERE_DAMAGE,LOW_SURVIVAL,UNRECOVERABLE,HIGH_FINANCIAL_LOSS,NDMA_RELIEF_GROUND_TRUTH
2025-10-17,4,Nagapattinam,10.7656,79.8424,24.0375,65.2375,372.9,0.35575,419.0,754.4,671.4,58.8,13,20,HEAVY_RAINFALL_ADVISORY,TEMPORAL_DATE_DISTRICT_CONTEXTUAL_LINK,FARM_POINT_COORDINATES,DAILY_DERIVED_HOURLY,Cotton,MCU 5,65,Boll Formation,Kharif,Black Clay,20.0,20.0,60.0,POOR,LAB_VERIFIED,0.35575,0.441,565.98,HIGH_WASH_RISK,CRITICAL,SLIGHT_DAMAGE,HIGH_SURVIVAL,PARTIAL_RECOVERY,LOW_FINANCIAL_LOSS,NDMA_RELIEF_GROUND_TRUTH
2025-10-17,5,Coimbatore,11.0168,76.9558,23.9875,64.77499999999999,277.5,0.3309166666666667,334.8,655.7,664.2,47.2,8,21,HEAVY_RAINFALL_ADVISORY,TEMPORAL_DATE_DISTRICT_CONTEXTUAL_LINK,FARM_POINT_COORDINATES,DAILY_DERIVED_HOURLY,Groundnut,TMV 7,50,Pegging,Kharif,Red Sandy,70.0,15.0,15.0,WELL_DRAINED,FARMER_VERIFIED,0.3309166666666667,0.379,557.81,HIGH_WASH_RISK,CRITICAL,SLIGHT_DAMAGE,HIGH_SURVIVAL,PARTIAL_RECOVERY,LOW_FINANCIAL_LOSS,NDMA_RELIEF_GROUND_TRUTH
2025-10-17,6,Tiruchirappalli,10.7905,78.7047,24.02083333333333,64.92916666666666,248.2,0.32475,361.8,493.4,460.4,53.9,22,23,HEAVY_RAINFALL_ADVISORY,TEMPORAL_DATE_DISTRICT_CONTEXTUAL_LINK,FARM_POINT_COORDINATES,DAILY_DERIVED_HOURLY,Banana,Grand Naine,120,Shooting,Annual,Alluvial Loam,35.0,45.0,20.0,MODERATE,LAB_VERIFIED,0.32475,0.362,396.19,HIGH_WASH_RISK,CRITICAL,SLIGHT_DAMAGE,HIGH_SURVIVAL,PARTIAL_RECOVERY,LOW_FINANCIAL_LOSS,NDMA_RELIEF_GROUND_TRUTH
2025-10-17,7,Tirunelveli,8.7139,77.7567,24.15833333333333,64.91250000000001,379.9,0.3742916666666667,457.4,765.0,736.4,93.7,35,24,HEAVY_RAINFALL_ADVISORY,TEMPORAL_DATE_DISTRICT_CONTEXTUAL_LINK,FARM_POINT_COORDINATES,DAILY_DERIVED_HOURLY,Tomato,PKM 1,30,Vegetative,Rabi,Red Loam,45.0,35.0,20.0,MODERATE,ESTIMATED,0.3742916666666667,0.401,619.19,HIGH_WASH_RISK,CRITICAL,SEVERE_DAMAGE,LOW_SURVIVAL,UNRECOVERABLE,HIGH_FINANCIAL_LOSS,NDMA_RELIEF_GROUND_TRUTH
2025-10-17,8,Villupuram,11.9401,79.4861,24.016666666666666,64.98333333333333,241.0,0.3265833333333333,357.9,585.5,554.5,44.2,17,23,HEAVY_RAINFALL_ADVISORY,TEMPORAL_DATE_DISTRICT_CONTEXTUAL_LINK,FARM_POINT_COORDINATES,DAILY_DERIVED_HOURLY,Sugarcane,Co 86032,150,Grand Growth,Annual,Clay Loam,30.0,35.0,35.0,MODERATE,LAB_VERIFIED,0.3265833333333333,0.352,470.71,HIGH_WASH_RISK,CRITICAL,SLIGHT_DAMAGE,HIGH_SURVIVAL,PARTIAL_RECOVERY,LOW_FINANCIAL_LOSS,NDMA_RELIEF_GROUND_TRUTH
2025-10-17,9,Erode,11.341,77.7172,23.97083333333333,64.82916666666667,236.9,0.3255,332.8,614.0,589.8,44.1,8,21,HEAVY_RAINFALL_ADVISORY,TEMPORAL_DATE_DISTRICT_CONTEXTUAL_LINK,FARM_POINT_COORDINATES,DAILY_DERIVED_HOURLY,Chilli,K1,40,Flowering,Rabi,Black Soil,30.0,25.0,45.0,POOR,FARMER_VERIFIED,0.3255,0.36,498.49,HIGH_WASH_RISK,CRITICAL,SEVERE_DAMAGE,LOW_SURVIVAL,UNRECOVERABLE,HIGH_FINANCIAL_LOSS,NDMA_RELIEF_GROUND_TRUTH
2025-10-17,10,Tiruvarur,10.7708,79.6373,24.141666666666666,64.79583333333333,232.4,0.3209583333333333,232.4,601.3,591.0,43.3,8,19,HEAVY_RAINFALL_ADVISORY,TEMPORAL_DATE_DISTRICT_CONTEXTUAL_LINK,FARM_POINT_COORDINATES,DAILY_DERIVED_HOURLY,Pulses,Vamban 3,25,Vegetative,Rabi,Loamy Sand,65.0,20.0,15.0,WELL_DRAINED,ESTIMATED,0.3209583333333333,0.355,498.99,HIGH_WASH_RISK,CRITICAL,SLIGHT_DAMAGE,HIGH_SURVIVAL,PARTIAL_RECOVERY,LOW_FINANCIAL_LOSS,NDMA_RELIEF_GROUND_TRUTH
2025-10-18,1,Thanjavur,10.787,79.1378,23.925,65.02916666666667,5.1,0.2312916666666666,210.2,358.0,464.4,42.4,1,20,HEAVY_RAINFALL_ADVISORY,TEMPORAL_DATE_DISTRICT_CONTEXTUAL_LINK,FARM_POINT_COORDINATES,DAILY_DERIVED_HOURLY,Paddy,CR1009 Sub1,45,Tillering,Samba,Clay Loam,25.0,35.0,40.0,POOR,LAB_VERIFIED,0.2312916666666666,0.267,390.01,HIGH_WASH_RISK,CRITICAL,NO_DAMAGE,HIGH_SURVIVAL,FULL_RECOVERY,NO_FINANCIAL_LOSS,NDMA_RELIEF_GROUND_TRUTH
2025-10-18,2,Cuddalore,11.748,79.7714,23.925,65.35416666666667,5.9,0.2248333333333333,163.1,400.9,552.6,24.2,1,17,HEAVY_RAINFALL_ADVISORY,TEMPORAL_DATE_DISTRICT_CONTEXTUAL_LINK,FARM_POINT_COORDINATES,DAILY_DERIVED_HOURLY,Paddy,ADT 45,80,Flowering,Samba,Clay,15.0,30.0,55.0,POOR,FARMER_VERIFIED,0.2248333333333333,0.28,459.04,HIGH_WASH_RISK,CRITICAL,SLIGHT_DAMAGE,HIGH_SURVIVAL,PARTIAL_RECOVERY,LOW_FINANCIAL_LOSS,NDMA_RELIEF_GROUND_TRUTH
2025-10-18,3,Madurai,9.9252,78.1198,24.0,65.10833333333333,1.2,0.2226666666666666,261.2,506.7,549.4,41.9,1,18,HEAVY_RAINFALL_ADVISORY,TEMPORAL_DATE_DISTRICT_CONTEXTUAL_LINK,FARM_POINT_COORDINATES,DAILY_DERIVED_HOURLY,Maize,Co 6,35,Vegetative,Kharif,Sandy Loam,60.0,25.0,15.0,WELL_DRAINED,ESTIMATED,0.2226666666666666,0.244,456.29,HIGH_WASH_RISK,CRITICAL,SEVERE_DAMAGE,LOW_SURVIVAL,UNRECOVERABLE,HIGH_FINANCIAL_LOSS,NDMA_RELIEF_GROUND_TRUTH
2025-10-18,4,Nagapattinam,10.7656,79.8424,24.10833333333333,64.96666666666667,12.2,0.2354583333333333,380.5,735.9,754.4,58.8,2,19,HEAVY_RAINFALL_ADVISORY,TEMPORAL_DATE_DISTRICT_CONTEXTUAL_LINK,FARM_POINT_COORDINATES,DAILY_DERIVED_HOURLY,Cotton,MCU 5,65,Boll Formation,Kharif,Black Clay,20.0,20.0,60.0,POOR,LAB_VERIFIED,0.2354583333333333,0.278,619.52,HIGH_WASH_RISK,CRITICAL,SLIGHT_DAMAGE,HIGH_SURVIVAL,PARTIAL_RECOVERY,LOW_FINANCIAL_LOSS,NDMA_RELIEF_GROUND_TRUTH
2025-10-18,5,Coimbatore,11.0168,76.9558,23.79583333333333,65.10833333333333,5.4,0.2277916666666667,276.4,611.2,655.7,47.2,1,19,HEAVY_RAINFALL_ADVISORY,TEMPORAL_DATE_DISTRICT_CONTEXTUAL_LINK,FARM_POINT_COORDINATES,DAILY_DERIVED_HOURLY,Groundnut,TMV 7,50,Pegging,Kharif,Red Sandy,70.0,15.0,15.0,WELL_DRAINED,FARMER_VERIFIED,0.2277916666666667,0.269,540.78,HIGH_WASH_RISK,CRITICAL,SLIGHT_DAMAGE,HIGH_SURVIVAL,PARTIAL_RECOVERY,LOW_FINANCIAL_LOSS,NDMA_RELIEF_GROUND_TRUTH
2025-10-18,6,Tiruchirappalli,10.7905,78.7047,23.89583333333333,65.14999999999999,5.8,0.226125,241.5,483.6,493.4,43.0,3,19,HEAVY_RAINFALL_ADVISORY,TEMPORAL_DATE_DISTRICT_CONTEXTUAL_LINK,FARM_POINT_COORDINATES,DAILY_DERIVED_HOURLY,Banana,Grand Naine,120,Shooting,Annual,Alluvial Loam,35.0,45.0,20.0,MODERATE,LAB_VERIFIED,0.226125,0.247,412.4,HIGH_WASH_RISK,CRITICAL,SLIGHT_DAMAGE,HIGH_SURVIVAL,PARTIAL_RECOVERY,LOW_FINANCIAL_LOSS,NDMA_RELIEF_GROUND_TRUTH
2025-10-18,7,Tirunelveli,8.7139,77.7567,24.025,65.0625,2.1,0.2201666666666666,374.2,651.0,765.0,48.2,1,23,HEAVY_RAINFALL_ADVISORY,TEMPORAL_DATE_DISTRICT_CONTEXTUAL_LINK,FARM_POINT_COORDINATES,DAILY_DERIVED_HOURLY,Tomato,PKM 1,30,Vegetative,Rabi,Red Loam,45.0,35.0,20.0,MODERATE,ESTIMATED,0.2201666666666666,0.24,626.37,HIGH_WASH_RISK,CRITICAL,SEVERE_DAMAGE,LOW_SURVIVAL,UNRECOVERABLE,HIGH_FINANCIAL_LOSS,NDMA_RELIEF_GROUND_TRUTH
2025-10-18,8,Villupuram,11.9401,79.4861,23.995833333333334,65.28750000000001,5.5,0.2257083333333333,237.1,560.2,585.5,34.4,2,20,HEAVY_RAINFALL_ADVISORY,TEMPORAL_DATE_DISTRICT_CONTEXTUAL_LINK,FARM_POINT_COORDINATES,DAILY_DERIVED_HOURLY,Sugarcane,Co 86032,150,Grand Growth,Annual,Clay Loam,30.0,35.0,35.0,MODERATE,LAB_VERIFIED,0.2257083333333333,0.26,485.12,HIGH_WASH_RISK,CRITICAL,SLIGHT_DAMAGE,HIGH_SURVIVAL,PARTIAL_RECOVERY,LOW_FINANCIAL_LOSS,NDMA_RELIEF_GROUND_TRUTH
2025-10-18,9,Erode,11.341,77.7172,24.03333333333333,64.92083333333333,11.3,0.230125,222.5,520.2,614.0,22.9,1,20,HEAVY_RAINFALL_ADVISORY,TEMPORAL_DATE_DISTRICT_CONTEXTUAL_LINK,FARM_POINT_COORDINATES,DAILY_DERIVED_HOURLY,Chilli,K1,40,Flowering,Rabi,Black Soil,30.0,25.0,45.0,POOR,FARMER_VERIFIED,0.230125,0.257,508.07,HIGH_WASH_RISK,CRITICAL,SEVERE_DAMAGE,LOW_SURVIVAL,UNRECOVERABLE,HIGH_FINANCIAL_LOSS,NDMA_RELIEF_GROUND_TRUTH
2025-10-18,10,Tiruvarur,10.7708,79.6373,24.016666666666666,65.2,1.1,0.2253333333333333,221.1,432.6,601.3,28.0,1,18,HEAVY_RAINFALL_ADVISORY,TEMPORAL_DATE_DISTRICT_CONTEXTUAL_LINK,FARM_POINT_COORDINATES,DAILY_DERIVED_HOURLY,Pulses,Vamban 3,25,Vegetative,Rabi,Loamy Sand,65.0,20.0,15.0,WELL_DRAINED,ESTIMATED,0.2253333333333333,0.243,497.56,HIGH_WASH_RISK,CRITICAL,SLIGHT_DAMAGE,HIGH_SURVIVAL,PARTIAL_RECOVERY,LOW_FINANCIAL_LOSS,NDMA_RELIEF_GROUND_TRUTH
2025-10-19,1,Thanjavur,10.787,79.1378,24.025,64.7625,4.0,0.2249166666666666,7.3,215.3,358.0,3.0,2,4,NO_OFFICIAL_WARNING,TEMPORAL_DATE_DISTRICT_CONTEXTUAL_LINK,FARM_POINT_COORDINATES,DAILY_DERIVED_HOURLY,Paddy,CR1009 Sub1,45,Tillering,Samba,Clay Loam,25.0,35.0,40.0,POOR,LAB_VERIFIED,0.2249166666666666,0.274,305.31,MODERATE_WASH_RISK,CRITICAL,UNLABELLED,UNLABELLED,UNLABELLED,UNLABELLED,UNLABELLED
2025-10-19,2,Cuddalore,11.748,79.7714,24.21666666666667,64.96666666666667,6.3,0.228875,8.4,169.0,400.9,2.9,2,6,NO_OFFICIAL_WARNING,TEMPORAL_DATE_DISTRICT_CONTEXTUAL_LINK,FARM_POINT_COORDINATES,DAILY_DERIVED_HOURLY,Paddy,ADT 45,80,Flowering,Samba,Clay,15.0,30.0,55.0,POOR,FARMER_VERIFIED,0.228875,0.254,339.6,MODERATE_WASH_RISK,CRITICAL,UNLABELLED,UNLABELLED,UNLABELLED,UNLABELLED,UNLABELLED
2025-10-19,3,Madurai,9.9252,78.1198,24.04583333333333,65.06666666666666,13.3,0.2248333333333333,13.3,262.4,506.7,8.6,1,4,NO_OFFICIAL_WARNING,TEMPORAL_DATE_DISTRICT_CONTEXTUAL_LINK,FARM_POINT_COORDINATES,DAILY_DERIVED_HOURLY,Maize,Co 6,35,Vegetative,Kharif,Sandy Loam,60.0,25.0,15.0,WELL_DRAINED,ESTIMATED,0.2248333333333333,0.254,422.78,MODERATE_WASH_RISK,CRITICAL,UNLABELLED,UNLABELLED,UNLABELLED,UNLABELLED,UNLABELLED
2025-10-19,4,Nagapattinam,10.7656,79.8424,23.9375,65.17916666666666,6.1,0.2304583333333333,12.2,385.1,735.9,7.6,1,3,NO_OFFICIAL_WARNING,TEMPORAL_DATE_DISTRICT_CONTEXTUAL_LINK,FARM_POINT_COORDINATES,DAILY_DERIVED_HOURLY,Cotton,MCU 5,65,Boll Formation,Kharif,Black Clay,20.0,20.0,60.0,POOR,LAB_VERIFIED,0.2304583333333333,0.275,604.41,MODERATE_WASH_RISK,CRITICAL,UNLABELLED,UNLABELLED,UNLABELLED,UNLABELLED,UNLABELLED
2025-10-19,5,Coimbatore,11.0168,76.9558,23.975,64.97500000000001,5.9,0.2277916666666666,7.5,281.8,611.2,3.0,2,6,NO_OFFICIAL_WARNING,TEMPORAL_DATE_DISTRICT_CONTEXTUAL_LINK,FARM_POINT_COORDINATES,DAILY_DERIVED_HOURLY,Groundnut,TMV 7,50,Pegging,Kharif,Red Sandy,70.0,15.0,15.0,WELL_DRAINED,FARMER_VERIFIED,0.2277916666666666,0.277,505.63,MODERATE_WASH_RISK,CRITICAL,UNLABELLED,UNLABELLED,UNLABELLED,UNLABELLED,UNLABELLED
2025-10-19,6,Tiruchirappalli,10.7905,78.7047,24.0125,64.90833333333333,1.0,0.227875,1.7,243.2,483.6,1.4,1,2,NO_OFFICIAL_WARNING,TEMPORAL_DATE_DISTRICT_CONTEXTUAL_LINK,FARM_POINT_COORDINATES,DAILY_DERIVED_HOURLY,Banana,Grand Naine,120,Shooting,Annual,Alluvial Loam,35.0,45.0,20.0,MODERATE,LAB_VERIFIED,0.227875,0.24,404.83,MODERATE_WASH_RISK,CRITICAL,UNLABELLED,UNLABELLED,UNLABELLED,UNLABELLED,UNLABELLED
2025-10-19,7,Tirunelveli,8.7139,77.7567,23.9375,64.95833333333333,0.8,0.2234166666666666,2.1,376.3,651.0,0.7,1,5,NO_OFFICIAL_WARNING,TEMPORAL_DATE_DISTRICT_CONTEXTUAL_LINK,FARM_POINT_COORDINATES,DAILY_DERIVED_HOURLY,Tomato,PKM 1,30,Vegetative,Rabi,Red Loam,45.0,35.0,20.0,MODERATE,ESTIMATED,0.2234166666666666,0.244,536.63,MODERATE_WASH_RISK,CRITICAL,UNLABELLED,UNLABELLED,UNLABELLED,UNLABELLED,UNLABELLED
2025-10-19,8,Villupuram,11.9401,79.4861,23.883333333333336,64.98333333333333,2.6,0.2271666666666666,5.8,242.6,560.2,2.0,1,5,NO_OFFICIAL_WARNING,TEMPORAL_DATE_DISTRICT_CONTEXTUAL_LINK,FARM_POINT_COORDINATES,DAILY_DERIVED_HOURLY,Sugarcane,Co 86032,150,Grand Growth,Annual,Clay Loam,30.0,35.0,35.0,MODERATE,LAB_VERIFIED,0.2271666666666666,0.24,465.27,MODERATE_WASH_RISK,CRITICAL,UNLABELLED,UNLABELLED,UNLABELLED,UNLABELLED,UNLABELLED
2025-10-19,9,Erode,11.341,77.7172,24.02083333333333,65.48333333333333,5.9,0.2253333333333333,12.0,234.5,520.2,4.8,2,6,NO_OFFICIAL_WARNING,TEMPORAL_DATE_DISTRICT_CONTEXTUAL_LINK,FARM_POINT_COORDINATES,DAILY_DERIVED_HOURLY,Chilli,K1,40,Flowering,Rabi,Black Soil,30.0,25.0,45.0,POOR,FARMER_VERIFIED,0.2253333333333333,0.265,433.49,MODERATE_WASH_RISK,CRITICAL,UNLABELLED,UNLABELLED,UNLABELLED,UNLABELLED,UNLABELLED
2025-10-19,10,Tiruvarur,10.7708,79.6373,24.04583333333333,64.8625,5.2,0.2275,5.2,222.2,432.6,2.2,1,4,NO_OFFICIAL_WARNING,TEMPORAL_DATE_DISTRICT_CONTEXTUAL_LINK,FARM_POINT_COORDINATES,DAILY_DERIVED_HOURLY,Pulses,Vamban 3,25,Vegetative,Rabi,Loamy Sand,65.0,20.0,15.0,WELL_DRAINED,ESTIMATED,0.2275,0.276,364.5,MODERATE_WASH_RISK,CRITICAL,UNLABELLED,UNLABELLED,UNLABELLED,UNLABELLED,UNLABELLED
2025-10-20,1,Thanjavur,10.787,79.1378,24.08333333333333,65.07916666666667,6.6,0.227125,7.9,14.7,215.3,3.5,1,5,NO_OFFICIAL_WARNING,TEMPORAL_DATE_DISTRICT_CONTEXTUAL_LINK,FARM_POINT_COORDINATES,DAILY_DERIVED_HOURLY,Paddy,CR1009 Sub1,45,Tillering,Samba,Clay Loam,25.0,35.0,40.0,POOR,LAB_VERIFIED,0.227125,0.262,192.8,LOW_WASH_RISK,CRITICAL,UNLABELLED,UNLABELLED,UNLABELLED,UNLABELLED,UNLABELLED
2025-10-20,2,Cuddalore,11.748,79.7714,23.820833333333336,65.30416666666666,3.0,0.2180416666666666,6.3,13.0,169.0,1.8,1,6,NO_OFFICIAL_WARNING,TEMPORAL_DATE_DISTRICT_CONTEXTUAL_LINK,FARM_POINT_COORDINATES,DAILY_DERIVED_HOURLY,Paddy,ADT 45,80,Flowering,Samba,Clay,15.0,30.0,55.0,POOR,FARMER_VERIFIED,0.2180416666666666,0.239,155.31,LOW_WASH_RISK,HIGH,UNLABELLED,UNLABELLED,UNLABELLED,UNLABELLED,UNLABELLED
2025-10-20,3,Madurai,9.9252,78.1198,23.8125,64.87916666666666,2.9000000000000004,0.2221666666666666,13.6,16.2,262.4,8.6,1,5,NO_OFFICIAL_WARNING,TEMPORAL_DATE_DISTRICT_CONTEXTUAL_LINK,FARM_POINT_COORDINATES,DAILY_DERIVED_HOURLY,Maize,Co 6,35,Vegetative,Kharif,Sandy Loam,60.0,25.0,15.0,WELL_DRAINED,ESTIMATED,0.2221666666666666,0.254,229.51,LOW_WASH_RISK,MODERATE,UNLABELLED,UNLABELLED,UNLABELLED,UNLABELLED,UNLABELLED
2025-10-20,4,Nagapattinam,10.7656,79.8424,23.979166666666668,64.6125,10.2,0.2282916666666666,11.3,21.2,385.1,3.5,2,7,NO_OFFICIAL_WARNING,TEMPORAL_DATE_DISTRICT_CONTEXTUAL_LINK,FARM_POINT_COORDINATES,DAILY_DERIVED_HOURLY,Cotton,MCU 5,65,Boll Formation,Kharif,Black Clay,20.0,20.0,60.0,POOR,LAB_VERIFIED,0.2282916666666666,0.253,327.06,LOW_WASH_RISK,CRITICAL,UNLABELLED,UNLABELLED,UNLABELLED,UNLABELLED,UNLABELLED
2025-10-20,5,Coimbatore,11.0168,76.9558,24.05,65.21249999999999,3.9,0.2305833333333333,6.0,11.3,281.8,3.0,1,6,NO_OFFICIAL_WARNING,TEMPORAL_DATE_DISTRICT_CONTEXTUAL_LINK,FARM_POINT_COORDINATES,DAILY_DERIVED_HOURLY,Groundnut,TMV 7,50,Pegging,Kharif,Red Sandy,70.0,15.0,15.0,WELL_DRAINED,FARMER_VERIFIED,0.2305833333333333,0.244,245.68,LOW_WASH_RISK,MODERATE,UNLABELLED,UNLABELLED,UNLABELLED,UNLABELLED,UNLABELLED
2025-10-20,6,Tiruchirappalli,10.7905,78.7047,23.891666666666666,64.83333333333333,2.1,0.2321666666666666,2.1,3.2,243.2,1.3,1,2,NO_OFFICIAL_WARNING,TEMPORAL_DATE_DISTRICT_CONTEXTUAL_LINK,FARM_POINT_COORDINATES,DAILY_DERIVED_HOURLY,Banana,Grand Naine,120,Shooting,Annual,Alluvial Loam,35.0,45.0,20.0,MODERATE,LAB_VERIFIED,0.2321666666666666,0.247,215.34,LOW_WASH_RISK,HIGH,UNLABELLED,UNLABELLED,UNLABELLED,UNLABELLED,UNLABELLED
2025-10-20,7,Tirunelveli,8.7139,77.7567,23.975,64.75416666666666,6.800000000000001,0.2295833333333333,6.8,7.8,376.3,3.2,2,3,NO_OFFICIAL_WARNING,TEMPORAL_DATE_DISTRICT_CONTEXTUAL_LINK,FARM_POINT_COORDINATES,DAILY_DERIVED_HOURLY,Tomato,PKM 1,30,Vegetative,Rabi,Red Loam,45.0,35.0,20.0,MODERATE,ESTIMATED,0.2295833333333333,0.266,320.24,LOW_WASH_RISK,CRITICAL,UNLABELLED,UNLABELLED,UNLABELLED,UNLABELLED,UNLABELLED
2025-10-20,8,Villupuram,11.9401,79.4861,23.9875,64.8125,9.4,0.2278333333333333,9.4,13.8,242.6,4.3,1,4,NO_OFFICIAL_WARNING,TEMPORAL_DATE_DISTRICT_CONTEXTUAL_LINK,FARM_POINT_COORDINATES,DAILY_DERIVED_HOURLY,Sugarcane,Co 86032,150,Grand Growth,Annual,Clay Loam,30.0,35.0,35.0,MODERATE,LAB_VERIFIED,0.2278333333333333,0.249,214.44,LOW_WASH_RISK,HIGH,UNLABELLED,UNLABELLED,UNLABELLED,UNLABELLED,UNLABELLED
2025-10-20,9,Erode,11.341,77.7172,24.03333333333333,65.17083333333333,5.4,0.2262083333333333,7.7,17.2,234.5,2.0,2,7,NO_OFFICIAL_WARNING,TEMPORAL_DATE_DISTRICT_CONTEXTUAL_LINK,FARM_POINT_COORDINATES,DAILY_DERIVED_HOURLY,Chilli,K1,40,Flowering,Rabi,Black Soil,30.0,25.0,45.0,POOR,FARMER_VERIFIED,0.2262083333333333,0.268,207.88,LOW_WASH_RISK,CRITICAL,UNLABELLED,UNLABELLED,UNLABELLED,UNLABELLED,UNLABELLED
2025-10-20,10,Tiruvarur,10.7708,79.6373,24.041666666666668,65.05833333333334,1.7,0.2245416666666666,6.3,7.4,222.2,2.2,1,6,NO_OFFICIAL_WARNING,TEMPORAL_DATE_DISTRICT_CONTEXTUAL_LINK,FARM_POINT_COORDINATES,DAILY_DERIVED_HOURLY,Pulses,Vamban 3,25,Vegetative,Rabi,Loamy Sand,65.0,20.0,15.0,WELL_DRAINED,ESTIMATED,0.2245416666666666,0.275,197.99,LOW_WASH_RISK,MODERATE,UNLABELLED,UNLABELLED,UNLABELLED,UNLABELLED,UNLABELLED
2025-10-21,1,Thanjavur,10.787,79.1378,24.120833333333334,64.89999999999999,1.1,0.2214583333333333,6.6,10.7,14.7,3.5,2,3,NO_OFFICIAL_WARNING,TEMPORAL_DATE_DISTRICT_CONTEXTUAL_LINK,FARM_POINT_COORDINATES,DAILY_DERIVED_HOURLY,Paddy,CR1009 Sub1,45,Tillering,Samba,Clay Loam,25.0,35.0,40.0,POOR,LAB_VERIFIED,0.2214583333333333,0.271,33.76,LOW_WASH_RISK,MODERATE,UNLABELLED,UNLABELLED,UNLABELLED,UNLABELLED,UNLABELLED
2025-10-21,2,Cuddalore,11.748,79.7714,24.05,65.0625,4.3,0.2302499999999999,4.3,10.1,13.0,2.5,1,4,NO_OFFICIAL_WARNING,TEMPORAL_DATE_DISTRICT_CONTEXTUAL_LINK,FARM_POINT_COORDINATES,DAILY_DERIVED_HOURLY,Paddy,ADT 45,80,Flowering,Samba,Clay,15.0,30.0,55.0,POOR,FARMER_VERIFIED,0.2302499999999999,0.259,33.29,LOW_WASH_RISK,MODERATE,UNLABELLED,UNLABELLED,UNLABELLED,UNLABELLED,UNLABELLED
2025-10-21,3,Madurai,9.9252,78.1198,24.004166666666663,64.9375,8.1,0.22275,10.7,24.3,16.2,4.1,1,5,NO_OFFICIAL_WARNING,TEMPORAL_DATE_DISTRICT_CONTEXTUAL_LINK,FARM_POINT_COORDINATES,DAILY_DERIVED_HOURLY,Maize,Co 6,35,Vegetative,Kharif,Sandy Loam,60.0,25.0,15.0,WELL_DRAINED,ESTIMATED,0.22275,0.237,35.07,LOW_WASH_RISK,LOW,UNLABELLED,UNLABELLED,UNLABELLED,UNLABELLED,UNLABELLED
2025-10-21,4,Nagapattinam,10.7656,79.8424,23.979166666666668,64.99166666666666,4.1,0.2309166666666666,7.6,18.1,21.2,3.1,2,6,NO_OFFICIAL_WARNING,TEMPORAL_DATE_DISTRICT_CONTEXTUAL_LINK,FARM_POINT_COORDINATES,DAILY_DERIVED_HOURLY,Cotton,MCU 5,65,Boll Formation,Kharif,Black Clay,20.0,20.0,60.0,POOR,LAB_VERIFIED,0.2309166666666666,0.27,39.84,LOW_WASH_RISK,MODERATE,UNLABELLED,UNLABELLED,UNLABELLED,UNLABELLED,UNLABELLED
2025-10-21,5,Coimbatore,11.0168,76.9558,24.09583333333333,64.67916666666666,0.0,0.230875,3.9,9.8,11.3,2.6,0,3,NO_OFFICIAL_WARNING,TEMPORAL_DATE_DISTRICT_CONTEXTUAL_LINK,FARM_POINT_COORDINATES,DAILY_DERIVED_HOURLY,Groundnut,TMV 7,50,Pegging,Kharif,Red Sandy,70.0,15.0,15.0,WELL_DRAINED,FARMER_VERIFIED,0.230875,0.265,32.01,LOW_WASH_RISK,LOW,UNLABELLED,UNLABELLED,UNLABELLED,UNLABELLED,UNLABELLED
2025-10-21,6,Tiruchirappalli,10.7905,78.7047,23.933333333333334,64.9875,2.5,0.2225,3.5,4.6,3.2,1.8,1,3,NO_OFFICIAL_WARNING,TEMPORAL_DATE_DISTRICT_CONTEXTUAL_LINK,FARM_POINT_COORDINATES,DAILY_DERIVED_HOURLY,Banana,Grand Naine,120,Shooting,Annual,Alluvial Loam,35.0,45.0,20.0,MODERATE,LAB_VERIFIED,0.2225,0.247,24.78,LOW_WASH_RISK,LOW,UNLABELLED,UNLABELLED,UNLABELLED,UNLABELLED,UNLABELLED
2025-10-21,7,Tirunelveli,8.7139,77.7567,24.09583333333333,65.28333333333333,7.300000000000001,0.2252916666666666,10.5,14.1,7.8,3.2,1,5,NO_OFFICIAL_WARNING,TEMPORAL_DATE_DISTRICT_CONTEXTUAL_LINK,FARM_POINT_COORDINATES,DAILY_DERIVED_HOURLY,Tomato,PKM 1,30,Vegetative,Rabi,Red Loam,45.0,35.0,20.0,MODERATE,ESTIMATED,0.2252916666666666,0.255,28.69,LOW_WASH_RISK,LOW,UNLABELLED,UNLABELLED,UNLABELLED,UNLABELLED,UNLABELLED
2025-10-21,8,Villupuram,11.9401,79.4861,24.008333333333336,64.875,1.6,0.2275833333333333,9.5,12.0,13.8,4.3,1,4,NO_OFFICIAL_WARNING,TEMPORAL_DATE_DISTRICT_CONTEXTUAL_LINK,FARM_POINT_COORDINATES,DAILY_DERIVED_HOURLY,Sugarcane,Co 86032,150,Grand Growth,Annual,Clay Loam,30.0,35.0,35.0,MODERATE,LAB_VERIFIED,0.2275833333333333,0.272,33.66,LOW_WASH_RISK,LOW,UNLABELLED,UNLABELLED,UNLABELLED,UNLABELLED,UNLABELLED
2025-10-21,9,Erode,11.341,77.7172,23.870833333333334,64.77083333333333,2.0,0.2235833333333333,7.4,10.6,17.2,2.0,2,8,NO_OFFICIAL_WARNING,TEMPORAL_DATE_DISTRICT_CONTEXTUAL_LINK,FARM_POINT_COORDINATES,DAILY_DERIVED_HOURLY,Chilli,K1,40,Flowering,Rabi,Black Soil,30.0,25.0,45.0,POOR,FARMER_VERIFIED,0.2235833333333333,0.262,35.95,LOW_WASH_RISK,MODERATE,UNLABELLED,UNLABELLED,UNLABELLED,UNLABELLED,UNLABELLED
2025-10-21,10,Tiruvarur,10.7708,79.6373,24.004166666666663,64.68333333333334,9.7,0.2309583333333333,9.7,11.6,7.4,3.5,3,6,NO_OFFICIAL_WARNING,TEMPORAL_DATE_DISTRICT_CONTEXTUAL_LINK,FARM_POINT_COORDINATES,DAILY_DERIVED_HOURLY,Pulses,Vamban 3,25,Vegetative,Rabi,Loamy Sand,65.0,20.0,15.0,WELL_DRAINED,ESTIMATED,0.2309583333333333,0.252,28.94,LOW_WASH_RISK,LOW,UNLABELLED,UNLABELLED,UNLABELLED,UNLABELLED,UNLABELLED
2025-10-22,1,Thanjavur,10.787,79.1378,24.09583333333333,64.93333333333334,6.8,0.2287916666666666,6.8,7.9,10.7,2.4,1,5,NO_OFFICIAL_WARNING,TEMPORAL_DATE_DISTRICT_CONTEXTUAL_LINK,FARM_POINT_COORDINATES,DAILY_DERIVED_HOURLY,Paddy,CR1009 Sub1,45,Tillering,Samba,Clay Loam,25.0,35.0,40.0,POOR,LAB_VERIFIED,0.2287916666666666,0.245,31.33,LOW_WASH_RISK,LOW,UNLABELLED,UNLABELLED,UNLABELLED,UNLABELLED,UNLABELLED
2025-10-22,2,Cuddalore,11.748,79.7714,23.975,65.52083333333333,6.0,0.2271666666666666,6.0,10.3,10.1,3.9,2,5,NO_OFFICIAL_WARNING,TEMPORAL_DATE_DISTRICT_CONTEXTUAL_LINK,FARM_POINT_COORDINATES,DAILY_DERIVED_HOURLY,Paddy,ADT 45,80,Flowering,Samba,Clay,15.0,30.0,55.0,POOR,FARMER_VERIFIED,0.2271666666666666,0.279,30.7,LOW_WASH_RISK,LOW,UNLABELLED,UNLABELLED,UNLABELLED,UNLABELLED,UNLABELLED
2025-10-22,3,Madurai,9.9252,78.1198,24.016666666666666,65.14583333333333,3.7,0.2312916666666666,8.1,14.4,24.3,4.1,2,4,NO_OFFICIAL_WARNING,TEMPORAL_DATE_DISTRICT_CONTEXTUAL_LINK,FARM_POINT_COORDINATES,DAILY_DERIVED_HOURLY,Maize,Co 6,35,Vegetative,Kharif,Sandy Loam,60.0,25.0,15.0,WELL_DRAINED,ESTIMATED,0.2312916666666666,0.289,42.33,LOW_WASH_RISK,LOW,UNLABELLED,UNLABELLED,UNLABELLED,UNLABELLED,UNLABELLED
2025-10-22,4,Nagapattinam,10.7656,79.8424,23.945833333333336,64.95,4.5,0.2312499999999999,6.2,13.5,18.1,2.4,2,7,NO_OFFICIAL_WARNING,TEMPORAL_DATE_DISTRICT_CONTEXTUAL_LINK,FARM_POINT_COORDINATES,DAILY_DERIVED_HOURLY,Cotton,MCU 5,65,Boll Formation,Kharif,Black Clay,20.0,20.0,60.0,POOR,LAB_VERIFIED,0.2312499999999999,0.275,37.42,LOW_WASH_RISK,MODERATE,UNLABELLED,UNLABELLED,UNLABELLED,UNLABELLED,UNLABELLED
2025-10-22,5,Coimbatore,11.0168,76.9558,24.15833333333333,65.29583333333333,0.1,0.228,0.1,3.9,9.8,0.1,0,0,NO_OFFICIAL_WARNING,TEMPORAL_DATE_DISTRICT_CONTEXTUAL_LINK,FARM_POINT_COORDINATES,DAILY_DERIVED_HOURLY,Groundnut,TMV 7,50,Pegging,Kharif,Red Sandy,70.0,15.0,15.0,WELL_DRAINED,FARMER_VERIFIED,0.228,0.24,30.54,LOW_WASH_RISK,LOW,UNLABELLED,UNLABELLED,UNLABELLED,UNLABELLED,UNLABELLED
2025-10-22,6,Tiruchirappalli,10.7905,78.7047,23.975,65.16250000000001,2.1,0.2227916666666666,4.2,5.9,4.6,2.0,1,3,NO_OFFICIAL_WARNING,TEMPORAL_DATE_DISTRICT_CONTEXTUAL_LINK,FARM_POINT_COORDINATES,DAILY_DERIVED_HOURLY,Banana,Grand Naine,120,Shooting,Annual,Alluvial Loam,35.0,45.0,20.0,MODERATE,LAB_VERIFIED,0.2227916666666666,0.243,25.91,LOW_WASH_RISK,LOW,UNLABELLED,UNLABELLED,UNLABELLED,UNLABELLED,UNLABELLED
2025-10-22,7,Tirunelveli,8.7139,77.7567,23.84583333333333,64.75,5.0,0.2314166666666667,9.0,15.6,14.1,5.0,1,3,NO_OFFICIAL_WARNING,TEMPORAL_DATE_DISTRICT_CONTEXTUAL_LINK,FARM_POINT_COORDINATES,DAILY_DERIVED_HOURLY,Tomato,PKM 1,30,Vegetative,Rabi,Red Loam,45.0,35.0,20.0,MODERATE,ESTIMATED,0.2314166666666667,0.26,34.28,LOW_WASH_RISK,LOW,UNLABELLED,UNLABELLED,UNLABELLED,UNLABELLED,UNLABELLED
2025-10-22,8,Villupuram,11.9401,79.4861,24.08333333333333,65.19583333333334,1.6,0.2284583333333333,3.1,11.0,12.0,1.5,1,4,NO_OFFICIAL_WARNING,TEMPORAL_DATE_DISTRICT_CONTEXTUAL_LINK,FARM_POINT_COORDINATES,DAILY_DERIVED_HOURLY,Sugarcane,Co 86032,150,Grand Growth,Annual,Clay Loam,30.0,35.0,35.0,MODERATE,LAB_VERIFIED,0.2284583333333333,0.26,32.33,LOW_WASH_RISK,LOW,UNLABELLED,UNLABELLED,UNLABELLED,UNLABELLED,UNLABELLED
2025-10-22,9,Erode,11.341,77.7172,24.03333333333333,64.98333333333333,0.2,0.2225,2.0,7.4,10.6,0.9,1,3,NO_OFFICIAL_WARNING,TEMPORAL_DATE_DISTRICT_CONTEXTUAL_LINK,FARM_POINT_COORDINATES,DAILY_DERIVED_HOURLY,Chilli,K1,40,Flowering,Rabi,Black Soil,30.0,25.0,45.0,POOR,FARMER_VERIFIED,0.2225,0.245,30.62,LOW_WASH_RISK,LOW,UNLABELLED,UNLABELLED,UNLABELLED,UNLABELLED,UNLABELLED
2025-10-22,10,Tiruvarur,10.7708,79.6373,24.0,64.92916666666666,0.8,0.2269583333333333,9.7,11.4,11.6,3.5,1,6,NO_OFFICIAL_WARNING,TEMPORAL_DATE_DISTRICT_CONTEXTUAL_LINK,FARM_POINT_COORDINATES,DAILY_DERIVED_HOURLY,Pulses,Vamban 3,25,Vegetative,Rabi,Loamy Sand,65.0,20.0,15.0,WELL_DRAINED,ESTIMATED,0.2269583333333333,0.28,31.86,LOW_WASH_RISK,LOW,UNLABELLED,UNLABELLED,UNLABELLED,UNLABELLED,UNLABELLED
2025-10-23,1,Thanjavur,10.787,79.1378,23.9875,64.89583333333333,13.5,0.2340833333333333,16.3,20.3,7.9,3.3,4,11,NO_OFFICIAL_WARNING,TEMPORAL_DATE_DISTRICT_CONTEXTUAL_LINK,FARM_POINT_COORDINATES,DAILY_DERIVED_HOURLY,Paddy,CR1009 Sub1,45,Tillering,Samba,Clay Loam,25.0,35.0,40.0,POOR,LAB_VERIFIED,0.2340833333333333,0.275,29.65,LOW_WASH_RISK,MODERATE,UNLABELLED,UNLABELLED,UNLABELLED,UNLABELLED,UNLABELLED
2025-10-23,2,Cuddalore,11.748,79.7714,24.058333333333334,65.10833333333333,12.6,0.2316666666666666,13.1,18.6,10.3,9.7,1,6,NO_OFFICIAL_WARNING,TEMPORAL_DATE_DISTRICT_CONTEXTUAL_LINK,FARM_POINT_COORDINATES,DAILY_DERIVED_HOURLY,Paddy,ADT 45,80,Flowering,Samba,Clay,15.0,30.0,55.0,POOR,FARMER_VERIFIED,0.2316666666666666,0.279,31.3,LOW_WASH_RISK,MODERATE,UNLABELLED,UNLABELLED,UNLABELLED,UNLABELLED,UNLABELLED
2025-10-23,3,Madurai,9.9252,78.1198,24.075,65.02499999999999,3.1,0.2316666666666666,4.2,11.8,14.4,2.3,1,4,NO_OFFICIAL_WARNING,TEMPORAL_DATE_DISTRICT_CONTEXTUAL_LINK,FARM_POINT_COORDINATES,DAILY_DERIVED_HOURLY,Maize,Co 6,35,Vegetative,Kharif,Sandy Loam,60.0,25.0,15.0,WELL_DRAINED,ESTIMATED,0.2316666666666666,0.257,34.54,LOW_WASH_RISK,LOW,UNLABELLED,UNLABELLED,UNLABELLED,UNLABELLED,UNLABELLED
2025-10-23,4,Nagapattinam,10.7656,79.8424,24.129166666666663,64.80833333333334,4.3,0.2252083333333333,4.7,9.7,13.5,2.4,2,7,NO_OFFICIAL_WARNING,TEMPORAL_DATE_DISTRICT_CONTEXTUAL_LINK,FARM_POINT_COORDINATES,DAILY_DERIVED_HOURLY,Cotton,MCU 5,65,Boll Formation,Kharif,Black Clay,20.0,20.0,60.0,POOR,LAB_VERIFIED,0.2252083333333333,0.272,33.19,LOW_WASH_RISK,LOW,UNLABELLED,UNLABELLED,UNLABELLED,UNLABELLED,UNLABELLED
2025-10-23,5,Coimbatore,11.0168,76.9558,23.77916666666667,64.52916666666667,2.8,0.2228333333333333,2.8,2.9,3.9,1.8,2,3,NO_OFFICIAL_WARNING,TEMPORAL_DATE_DISTRICT_CONTEXTUAL_LINK,FARM_POINT_COORDINATES,DAILY_DERIVED_HOURLY,Groundnut,TMV 7,50,Pegging,Kharif,Red Sandy,70.0,15.0,15.0,WELL_DRAINED,FARMER_VERIFIED,0.2228333333333333,0.272,25.36,LOW_WASH_RISK,LOW,UNLABELLED,UNLABELLED,UNLABELLED,UNLABELLED,UNLABELLED
2025-10-23,6,Tiruchirappalli,10.7905,78.7047,24.058333333333334,64.97083333333333,7.8,0.2305,8.1,12.0,5.9,2.6,2,4,NO_OFFICIAL_WARNING,TEMPORAL_DATE_DISTRICT_CONTEXTUAL_LINK,FARM_POINT_COORDINATES,DAILY_DERIVED_HOURLY,Banana,Grand Naine,120,Shooting,Annual,Alluvial Loam,35.0,45.0,20.0,MODERATE,LAB_VERIFIED,0.2305,0.282,27.71,LOW_WASH_RISK,LOW,UNLABELLED,UNLABELLED,UNLABELLED,UNLABELLED,UNLABELLED
2025-10-23,7,Tirunelveli,8.7139,77.7567,23.95833333333333,65.075,12.5,0.2227916666666666,12.5,17.5,15.6,5.0,1,5,NO_OFFICIAL_WARNING,TEMPORAL_DATE_DISTRICT_CONTEXTUAL_LINK,FARM_POINT_COORDINATES,DAILY_DERIVED_HOURLY,Tomato,PKM 1,30,Vegetative,Rabi,Red Loam,45.0,35.0,20.0,MODERATE,ESTIMATED,0.2227916666666666,0.256,34.6,LOW_WASH_RISK,LOW,UNLABELLED,UNLABELLED,UNLABELLED,UNLABELLED,UNLABELLED
2025-10-23,8,Villupuram,11.9401,79.4861,23.933333333333334,65.0625,6.9,0.2264166666666666,6.9,8.5,11.0,2.6,1,5,NO_OFFICIAL_WARNING,TEMPORAL_DATE_DISTRICT_CONTEXTUAL_LINK,FARM_POINT_COORDINATES,DAILY_DERIVED_HOURLY,Sugarcane,Co 86032,150,Grand Growth,Annual,Clay Loam,30.0,35.0,35.0,MODERATE,LAB_VERIFIED,0.2264166666666666,0.278,31.33,LOW_WASH_RISK,LOW,UNLABELLED,UNLABELLED,UNLABELLED,UNLABELLED,UNLABELLED
2025-10-23,9,Erode,11.341,77.7172,23.9375,65.02499999999999,5.4,0.222875,5.6,5.6,7.4,3.7,1,4,NO_OFFICIAL_WARNING,TEMPORAL_DATE_DISTRICT_CONTEXTUAL_LINK,FARM_POINT_COORDINATES,DAILY_DERIVED_HOURLY,Chilli,K1,40,Flowering,Rabi,Black Soil,30.0,25.0,45.0,POOR,FARMER_VERIFIED,0.222875,0.253,28.13,LOW_WASH_RISK,LOW,UNLABELLED,UNLABELLED,UNLABELLED,UNLABELLED,UNLABELLED
2025-10-23,10,Tiruvarur,10.7708,79.6373,24.0,65.09166666666667,5.7,0.2284583333333333,5.7,10.5,11.4,2.1,1,4,NO_OFFICIAL_WARNING,TEMPORAL_DATE_DISTRICT_CONTEXTUAL_LINK,FARM_POINT_COORDINATES,DAILY_DERIVED_HOURLY,Pulses,Vamban 3,25,Vegetative,Rabi,Loamy Sand,65.0,20.0,15.0,WELL_DRAINED,ESTIMATED,0.2284583333333333,0.266,31.85,LOW_WASH_RISK,LOW,UNLABELLED,UNLABELLED,UNLABELLED,UNLABELLED,UNLABELLED
2025-10-24,1,Thanjavur,10.787,79.1378,23.933333333333334,64.79583333333333,2.5,0.2252916666666666,11.6,21.9,20.3,3.3,1,8,NO_OFFICIAL_WARNING,TEMPORAL_DATE_DISTRICT_CONTEXTUAL_LINK,FARM_POINT_COORDINATES,DAILY_DERIVED_HOURLY,Paddy,CR1009 Sub1,45,Tillering,Samba,Clay Loam,25.0,35.0,40.0,POOR,LAB_VERIFIED,0.2252916666666666,0.267,38.57,LOW_WASH_RISK,MODERATE,UNLABELLED,UNLABELLED,UNLABELLED,UNLABELLED,UNLABELLED
2025-10-24,2,Cuddalore,11.748,79.7714,23.866666666666664,64.91250000000001,1.1,0.2255416666666666,12.6,18.6,18.6,9.7,2,2,NO_OFFICIAL_WARNING,TEMPORAL_DATE_DISTRICT_CONTEXTUAL_LINK,FARM_POINT_COORDINATES,DAILY_DERIVED_HOURLY,Paddy,ADT 45,80,Flowering,Samba,Clay,15.0,30.0,55.0,POOR,FARMER_VERIFIED,0.2255416666666666,0.245,37.25,LOW_WASH_RISK,MODERATE,UNLABELLED,UNLABELLED,UNLABELLED,UNLABELLED,UNLABELLED
2025-10-24,3,Madurai,9.9252,78.1198,23.975,64.83333333333333,1.0,0.227375,4.1,6.9,11.8,1.6,1,4,NO_OFFICIAL_WARNING,TEMPORAL_DATE_DISTRICT_CONTEXTUAL_LINK,FARM_POINT_COORDINATES,DAILY_DERIVED_HOURLY,Maize,Co 6,35,Vegetative,Kharif,Sandy Loam,60.0,25.0,15.0,WELL_DRAINED,ESTIMATED,0.227375,0.259,32.06,LOW_WASH_RISK,LOW,UNLABELLED,UNLABELLED,UNLABELLED,UNLABELLED,UNLABELLED
2025-10-24,4,Nagapattinam,10.7656,79.8424,24.054166666666664,65.02083333333333,0.5,0.227625,4.3,7.6,9.7,1.1,1,7,NO_OFFICIAL_WARNING,TEMPORAL_DATE_DISTRICT_CONTEXTUAL_LINK,FARM_POINT_COORDINATES,DAILY_DERIVED_HOURLY,Cotton,MCU 5,65,Boll Formation,Kharif,Black Clay,20.0,20.0,60.0,POOR,LAB_VERIFIED,0.227625,0.241,30.43,LOW_WASH_RISK,LOW,UNLABELLED,UNLABELLED,UNLABELLED,UNLABELLED,UNLABELLED
2025-10-24,5,Coimbatore,11.0168,76.9558,24.008333333333336,65.08333333333333,5.0,0.2327083333333333,5.0,7.8,2.9,1.8,1,6,NO_OFFICIAL_WARNING,TEMPORAL_DATE_DISTRICT_CONTEXTUAL_LINK,FARM_POINT_COORDINATES,DAILY_DERIVED_HOURLY,Groundnut,TMV 7,50,Pegging,Kharif,Red Sandy,70.0,15.0,15.0,WELL_DRAINED,FARMER_VERIFIED,0.2327083333333333,0.279,25.56,LOW_WASH_RISK,LOW,UNLABELLED,UNLABELLED,UNLABELLED,UNLABELLED,UNLABELLED
2025-10-24,6,Tiruchirappalli,10.7905,78.7047,23.991666666666664,64.90416666666667,2.5,0.2268333333333333,7.8,10.8,12.0,2.6,1,4,NO_OFFICIAL_WARNING,TEMPORAL_DATE_DISTRICT_CONTEXTUAL_LINK,FARM_POINT_COORDINATES,DAILY_DERIVED_HOURLY,Banana,Grand Naine,120,Shooting,Annual,Alluvial Loam,35.0,45.0,20.0,MODERATE,LAB_VERIFIED,0.2268333333333333,0.283,32.16,LOW_WASH_RISK,LOW,UNLABELLED,UNLABELLED,UNLABELLED,UNLABELLED,UNLABELLED
2025-10-24,7,Tirunelveli,8.7139,77.7567,23.879166666666663,64.98333333333333,6.0,0.2316666666666666,10.9,18.5,17.5,4.3,2,6,NO_OFFICIAL_WARNING,TEMPORAL_DATE_DISTRICT_CONTEXTUAL_LINK,FARM_POINT_COORDINATES,DAILY_DERIVED_HOURLY,Tomato,PKM 1,30,Vegetative,Rabi,Red Loam,45.0,35.0,20.0,MODERATE,ESTIMATED,0.2316666666666666,0.273,36.99,LOW_WASH_RISK,LOW,UNLABELLED,UNLABELLED,UNLABELLED,UNLABELLED,UNLABELLED
2025-10-24,8,Villupuram,11.9401,79.4861,24.054166666666664,65.1125,3.3,0.2255833333333333,9.5,11.1,8.5,2.6,1,7,NO_OFFICIAL_WARNING,TEMPORAL_DATE_DISTRICT_CONTEXTUAL_LINK,FARM_POINT_COORDINATES,DAILY_DERIVED_HOURLY,Sugarcane,Co 86032,150,Grand Growth,Annual,Clay Loam,30.0,35.0,35.0,MODERATE,LAB_VERIFIED,0.2255833333333333,0.244,29.27,LOW_WASH_RISK,LOW,UNLABELLED,UNLABELLED,UNLABELLED,UNLABELLED,UNLABELLED
2025-10-24,9,Erode,11.341,77.7172,24.129166666666663,65.22916666666667,15.1,0.2315416666666666,16.1,20.7,5.6,8.6,1,6,NO_OFFICIAL_WARNING,TEMPORAL_DATE_DISTRICT_CONTEXTUAL_LINK,FARM_POINT_COORDINATES,DAILY_DERIVED_HOURLY,Chilli,K1,40,Flowering,Rabi,Black Soil,30.0,25.0,45.0,POOR,FARMER_VERIFIED,0.2315416666666666,0.258,27.58,LOW_WASH_RISK,MODERATE,UNLABELLED,UNLABELLED,UNLABELLED,UNLABELLED,UNLABELLED
2025-10-24,10,Tiruvarur,10.7708,79.6373,23.945833333333336,65.02916666666667,3.2,0.2317083333333333,8.7,9.7,10.5,2.1,3,6,NO_OFFICIAL_WARNING,TEMPORAL_DATE_DISTRICT_CONTEXTUAL_LINK,FARM_POINT_COORDINATES,DAILY_DERIVED_HOURLY,Pulses,Vamban 3,25,Vegetative,Rabi,Loamy Sand,65.0,20.0,15.0,WELL_DRAINED,ESTIMATED,0.2317083333333333,0.255,31.47,LOW_WASH_RISK,LOW,UNLABELLED,UNLABELLED,UNLABELLED,UNLABELLED,UNLABELLED
2025-10-25,1,Thanjavur,10.787,79.1378,23.97083333333333,64.89583333333333,0.6,0.227625,2.5,13.5,21.9,1.6,1,3,NO_OFFICIAL_WARNING,TEMPORAL_DATE_DISTRICT_CONTEXTUAL_LINK,FARM_POINT_COORDINATES,DAILY_DERIVED_HOURLY,Paddy,CR1009 Sub1,45,Tillering,Samba,Clay Loam,25.0,35.0,40.0,POOR,LAB_VERIFIED,0.227625,0.275,40.06,LOW_WASH_RISK,MODERATE,UNLABELLED,UNLABELLED,UNLABELLED,UNLABELLED,UNLABELLED
2025-10-25,2,Cuddalore,11.748,79.7714,24.08333333333333,64.76666666666667,20.0,0.230125,20.0,21.1,18.6,6.7,1,7,NO_OFFICIAL_WARNING,TEMPORAL_DATE_DISTRICT_CONTEXTUAL_LINK,FARM_POINT_COORDINATES,DAILY_DERIVED_HOURLY,Paddy,ADT 45,80,Flowering,Samba,Clay,15.0,30.0,55.0,POOR,FARMER_VERIFIED,0.230125,0.277,37.71,LOW_WASH_RISK,MODERATE,UNLABELLED,UNLABELLED,UNLABELLED,UNLABELLED,UNLABELLED
2025-10-25,3,Madurai,9.9252,78.1198,23.9625,65.3125,7.0,0.22575,7.0,11.1,6.9,4.5,1,3,NO_OFFICIAL_WARNING,TEMPORAL_DATE_DISTRICT_CONTEXTUAL_LINK,FARM_POINT_COORDINATES,DAILY_DERIVED_HOURLY,Maize,Co 6,35,Vegetative,Kharif,Sandy Loam,60.0,25.0,15.0,WELL_DRAINED,ESTIMATED,0.22575,0.255,28.03,LOW_WASH_RISK,LOW,UNLABELLED,UNLABELLED,UNLABELLED,UNLABELLED,UNLABELLED
2025-10-25,4,Nagapattinam,10.7656,79.8424,23.95833333333333,64.96249999999999,8.2,0.2282083333333333,8.2,8.7,7.6,3.2,2,7,NO_OFFICIAL_WARNING,TEMPORAL_DATE_DISTRICT_CONTEXTUAL_LINK,FARM_POINT_COORDINATES,DAILY_DERIVED_HOURLY,Cotton,MCU 5,65,Boll Formation,Kharif,Black Clay,20.0,20.0,60.0,POOR,LAB_VERIFIED,0.2282083333333333,0.246,28.82,LOW_WASH_RISK,LOW,UNLABELLED,UNLABELLED,UNLABELLED,UNLABELLED,UNLABELLED
2025-10-25,5,Coimbatore,11.0168,76.9558,24.004166666666663,65.05416666666666,10.0,0.2262083333333333,10.2,15.0,7.8,3.0,4,7,NO_OFFICIAL_WARNING,TEMPORAL_DATE_DISTRICT_CONTEXTUAL_LINK,FARM_POINT_COORDINATES,DAILY_DERIVED_HOURLY,Groundnut,TMV 7,50,Pegging,Kharif,Red Sandy,70.0,15.0,15.0,WELL_DRAINED,FARMER_VERIFIED,0.2262083333333333,0.282,28.78,LOW_WASH_RISK,LOW,UNLABELLED,UNLABELLED,UNLABELLED,UNLABELLED,UNLABELLED
2025-10-25,6,Tiruchirappalli,10.7905,78.7047,23.9125,64.87083333333334,12.1,0.2332499999999999,12.1,14.6,10.8,5.9,1,5,NO_OFFICIAL_WARNING,TEMPORAL_DATE_DISTRICT_CONTEXTUAL_LINK,FARM_POINT_COORDINATES,DAILY_DERIVED_HOURLY,Banana,Grand Naine,120,Shooting,Annual,Alluvial Loam,35.0,45.0,20.0,MODERATE,LAB_VERIFIED,0.2332499999999999,0.287,31.86,LOW_WASH_RISK,LOW,UNLABELLED,UNLABELLED,UNLABELLED,UNLABELLED,UNLABELLED
2025-10-25,7,Tirunelveli,8.7139,77.7567,23.9,64.97500000000001,10.0,0.2284583333333333,10.0,18.9,18.5,5.3,1,7,NO_OFFICIAL_WARNING,TEMPORAL_DATE_DISTRICT_CONTEXTUAL_LINK,FARM_POINT_COORDINATES,DAILY_DERIVED_HOURLY,Tomato,PKM 1,30,Vegetative,Rabi,Red Loam,45.0,35.0,20.0,MODERATE,ESTIMATED,0.2284583333333333,0.26,37.46,LOW_WASH_RISK,LOW,UNLABELLED,UNLABELLED,UNLABELLED,UNLABELLED,UNLABELLED
2025-10-25,8,Villupuram,11.9401,79.4861,24.15416666666667,65.01666666666667,1.9,0.2302916666666666,5.0,12.1,11.1,2.4,1,3,NO_OFFICIAL_WARNING,TEMPORAL_DATE_DISTRICT_CONTEXTUAL_LINK,FARM_POINT_COORDINATES,DAILY_DERIVED_HOURLY,Sugarcane,Co 86032,150,Grand Growth,Annual,Clay Loam,30.0,35.0,35.0,MODERATE,LAB_VERIFIED,0.2302916666666666,0.275,31.8,LOW_WASH_RISK,LOW,UNLABELLED,UNLABELLED,UNLABELLED,UNLABELLED,UNLABELLED
2025-10-25,9,Erode,11.341,77.7172,24.2,65.17083333333333,6.8,0.226625,19.5,21.9,20.7,8.6,1,5,NO_OFFICIAL_WARNING,TEMPORAL_DATE_DISTRICT_CONTEXTUAL_LINK,FARM_POINT_COORDINATES,DAILY_DERIVED_HOURLY,Chilli,K1,40,Flowering,Rabi,Black Soil,30.0,25.0,45.0,POOR,FARMER_VERIFIED,0.226625,0.241,39.02,LOW_WASH_RISK,MODERATE,UNLABELLED,UNLABELLED,UNLABELLED,UNLABELLED,UNLABELLED
2025-10-25,10,Tiruvarur,10.7708,79.6373,24.1,65.1375,5.9,0.2260416666666666,5.9,10.6,9.7,4.0,1,5,NO_OFFICIAL_WARNING,TEMPORAL_DATE_DISTRICT_CONTEXTUAL_LINK,FARM_POINT_COORDINATES,DAILY_DERIVED_HOURLY,Pulses,Vamban 3,25,Vegetative,Rabi,Loamy Sand,65.0,20.0,15.0,WELL_DRAINED,ESTIMATED,0.2260416666666666,0.246,30.27,LOW_WASH_RISK,LOW,UNLABELLED,UNLABELLED,UNLABELLED,UNLABELLED,UNLABELLED
2025-10-26,1,Thanjavur,10.787,79.1378,24.04583333333333,64.96249999999999,2.4000000000000004,0.226375,2.4,3.1,13.5,1.1,1,3,NO_OFFICIAL_WARNING,TEMPORAL_DATE_DISTRICT_CONTEXTUAL_LINK,FARM_POINT_COORDINATES,DAILY_DERIVED_HOURLY,Paddy,CR1009 Sub1,45,Tillering,Samba,Clay Loam,25.0,35.0,40.0,POOR,LAB_VERIFIED,0.226375,0.283,33.3,LOW_WASH_RISK,LOW,UNLABELLED,UNLABELLED,UNLABELLED,UNLABELLED,UNLABELLED
2025-10-26,2,Cuddalore,11.748,79.7714,23.84166666666667,64.96249999999999,0.4,0.2231666666666666,18.6,21.5,21.1,6.7,1,6,NO_OFFICIAL_WARNING,TEMPORAL_DATE_DISTRICT_CONTEXTUAL_LINK,FARM_POINT_COORDINATES,DAILY_DERIVED_HOURLY,Paddy,ADT 45,80,Flowering,Samba,Clay,15.0,30.0,55.0,POOR,FARMER_VERIFIED,0.2231666666666666,0.257,38.99,LOW_WASH_RISK,MODERATE,UNLABELLED,UNLABELLED,UNLABELLED,UNLABELLED,UNLABELLED
2025-10-26,3,Madurai,9.9252,78.1198,24.09583333333333,64.77499999999999,1.7,0.221625,7.0,8.7,11.1,4.5,1,3,NO_OFFICIAL_WARNING,TEMPORAL_DATE_DISTRICT_CONTEXTUAL_LINK,FARM_POINT_COORDINATES,DAILY_DERIVED_HOURLY,Maize,Co 6,35,Vegetative,Kharif,Sandy Loam,60.0,25.0,15.0,WELL_DRAINED,ESTIMATED,0.221625,0.257,30.93,LOW_WASH_RISK,LOW,UNLABELLED,UNLABELLED,UNLABELLED,UNLABELLED,UNLABELLED
2025-10-26,4,Nagapattinam,10.7656,79.8424,23.870833333333334,64.86666666666666,0.6,0.225875,8.2,8.9,8.7,3.2,1,7,NO_OFFICIAL_WARNING,TEMPORAL_DATE_DISTRICT_CONTEXTUAL_LINK,FARM_POINT_COORDINATES,DAILY_DERIVED_HOURLY,Cotton,MCU 5,65,Boll Formation,Kharif,Black Clay,20.0,20.0,60.0,POOR,LAB_VERIFIED,0.225875,0.28,29.46,LOW_WASH_RISK,LOW,UNLABELLED,UNLABELLED,UNLABELLED,UNLABELLED,UNLABELLED
2025-10-26,5,Coimbatore,11.0168,76.9558,23.97083333333333,64.84166666666667,2.7,0.2282083333333333,11.0,15.0,15.0,3.0,1,7,NO_OFFICIAL_WARNING,TEMPORAL_DATE_DISTRICT_CONTEXTUAL_LINK,FARM_POINT_COORDINATES,DAILY_DERIVED_HOURLY,Groundnut,TMV 7,50,Pegging,Kharif,Red Sandy,70.0,15.0,15.0,WELL_DRAINED,FARMER_VERIFIED,0.2282083333333333,0.246,34.67,LOW_WASH_RISK,LOW,UNLABELLED,UNLABELLED,UNLABELLED,UNLABELLED,UNLABELLED
2025-10-26,6,Tiruchirappalli,10.7905,78.7047,23.90833333333333,65.02083333333333,5.1,0.227,15.6,19.1,14.6,5.9,2,6,NO_OFFICIAL_WARNING,TEMPORAL_DATE_DISTRICT_CONTEXTUAL_LINK,FARM_POINT_COORDINATES,DAILY_DERIVED_HOURLY,Banana,Grand Naine,120,Shooting,Annual,Alluvial Loam,35.0,45.0,20.0,MODERATE,LAB_VERIFIED,0.227,0.248,34.23,LOW_WASH_RISK,LOW,UNLABELLED,UNLABELLED,UNLABELLED,UNLABELLED,UNLABELLED
2025-10-26,7,Tirunelveli,8.7139,77.7567,23.9,64.75833333333334,7.300000000000001,0.2304166666666667,13.3,20.8,18.9,5.3,2,6,NO_OFFICIAL_WARNING,TEMPORAL_DATE_DISTRICT_CONTEXTUAL_LINK,FARM_POINT_COORDINATES,DAILY_DERIVED_HOURLY,Tomato,PKM 1,30,Vegetative,Rabi,Red Loam,45.0,35.0,20.0,MODERATE,ESTIMATED,0.2304166666666667,0.265,37.97,LOW_WASH_RISK,MODERATE,UNLABELLED,UNLABELLED,UNLABELLED,UNLABELLED,UNLABELLED
2025-10-26,8,Villupuram,11.9401,79.4861,23.975,65.15833333333333,2.9000000000000004,0.2309999999999999,2.9,5.5,12.1,2.7,1,2,NO_OFFICIAL_WARNING,TEMPORAL_DATE_DISTRICT_CONTEXTUAL_LINK,FARM_POINT_COORDINATES,DAILY_DERIVED_HOURLY,Sugarcane,Co 86032,150,Grand Growth,Annual,Clay Loam,30.0,35.0,35.0,MODERATE,LAB_VERIFIED,0.2309999999999999,0.273,32.66,LOW_WASH_RISK,LOW,UNLABELLED,UNLABELLED,UNLABELLED,UNLABELLED,UNLABELLED
2025-10-26,9,Erode,11.341,77.7172,24.05,64.97083333333333,1.1,0.2197916666666667,6.8,21.9,21.9,5.3,1,3,NO_OFFICIAL_WARNING,TEMPORAL_DATE_DISTRICT_CONTEXTUAL_LINK,FARM_POINT_COORDINATES,DAILY_DERIVED_HOURLY,Chilli,K1,40,Flowering,Rabi,Black Soil,30.0,25.0,45.0,POOR,FARMER_VERIFIED,0.2197916666666667,0.251,39.28,LOW_WASH_RISK,MODERATE,UNLABELLED,UNLABELLED,UNLABELLED,UNLABELLED,UNLABELLED
2025-10-26,10,Tiruvarur,10.7708,79.6373,23.84583333333333,64.83333333333333,2.5,0.2249166666666666,5.4,9.1,10.6,4.0,1,4,NO_OFFICIAL_WARNING,TEMPORAL_DATE_DISTRICT_CONTEXTUAL_LINK,FARM_POINT_COORDINATES,DAILY_DERIVED_HOURLY,Pulses,Vamban 3,25,Vegetative,Rabi,Loamy Sand,65.0,20.0,15.0,WELL_DRAINED,ESTIMATED,0.2249166666666666,0.273,30.87,LOW_WASH_RISK,LOW,UNLABELLED,UNLABELLED,UNLABELLED,UNLABELLED,UNLABELLED
2025-10-27,1,Thanjavur,10.787,79.1378,23.9125,64.83749999999999,8.5,0.229625,8.5,10.9,3.1,5.0,1,3,NO_OFFICIAL_WARNING,TEMPORAL_DATE_DISTRICT_CONTEXTUAL_LINK,FARM_POINT_COORDINATES,DAILY_DERIVED_HOURLY,Paddy,CR1009 Sub1,45,Tillering,Samba,Clay Loam,25.0,35.0,40.0,POOR,LAB_VERIFIED,0.229625,0.264,25.41,LOW_WASH_RISK,LOW,UNLABELLED,UNLABELLED,UNLABELLED,UNLABELLED,UNLABELLED
2025-10-27,2,Cuddalore,11.748,79.7714,24.1875,65.1875,1.3,0.232125,1.7,19.3,21.5,1.0,1,3,NO_OFFICIAL_WARNING,TEMPORAL_DATE_DISTRICT_CONTEXTUAL_LINK,FARM_POINT_COORDINATES,DAILY_DERIVED_HOURLY,Paddy,ADT 45,80,Flowering,Samba,Clay,15.0,30.0,55.0,POOR,FARMER_VERIFIED,0.232125,0.252,40.2,LOW_WASH_RISK,MODERATE,UNLABELLED,UNLABELLED,UNLABELLED,UNLABELLED,UNLABELLED
2025-10-27,3,Madurai,9.9252,78.1198,24.079166666666666,64.94166666666666,4.3,0.2309583333333333,5.1,10.9,8.7,2.2,1,5,NO_OFFICIAL_WARNING,TEMPORAL_DATE_DISTRICT_CONTEXTUAL_LINK,FARM_POINT_COORDINATES,DAILY_DERIVED_HOURLY,Maize,Co 6,35,Vegetative,Kharif,Sandy Loam,60.0,25.0,15.0,WELL_DRAINED,ESTIMATED,0.2309583333333333,0.259,29.97,LOW_WASH_RISK,LOW,UNLABELLED,UNLABELLED,UNLABELLED,UNLABELLED,UNLABELLED
2025-10-27,4,Nagapattinam,10.7656,79.8424,24.179166666666664,65.08333333333333,4.6,0.2274583333333333,5.2,12.5,8.9,1.9,2,5,NO_OFFICIAL_WARNING,TEMPORAL_DATE_DISTRICT_CONTEXTUAL_LINK,FARM_POINT_COORDINATES,DAILY_DERIVED_HOURLY,Cotton,MCU 5,65,Boll Formation,Kharif,Black Clay,20.0,20.0,60.0,POOR,LAB_VERIFIED,0.2274583333333333,0.275,29.78,LOW_WASH_RISK,MODERATE,UNLABELLED,UNLABELLED,UNLABELLED,UNLABELLED,UNLABELLED
2025-10-27,5,Coimbatore,11.0168,76.9558,23.90833333333333,64.70833333333333,2.8,0.2292499999999999,3.6,13.6,15.0,1.6,1,4,NO_OFFICIAL_WARNING,TEMPORAL_DATE_DISTRICT_CONTEXTUAL_LINK,FARM_POINT_COORDINATES,DAILY_DERIVED_HOURLY,Groundnut,TMV 7,50,Pegging,Kharif,Red Sandy,70.0,15.0,15.0,WELL_DRAINED,FARMER_VERIFIED,0.2292499999999999,0.283,34.77,LOW_WASH_RISK,LOW,UNLABELLED,UNLABELLED,UNLABELLED,UNLABELLED,UNLABELLED
2025-10-27,6,Tiruchirappalli,10.7905,78.7047,24.15,65.18333333333334,5.6,0.230125,7.2,17.2,19.1,3.4,1,3,NO_OFFICIAL_WARNING,TEMPORAL_DATE_DISTRICT_CONTEXTUAL_LINK,FARM_POINT_COORDINATES,DAILY_DERIVED_HOURLY,Banana,Grand Naine,120,Shooting,Annual,Alluvial Loam,35.0,45.0,20.0,MODERATE,LAB_VERIFIED,0.230125,0.243,38.1,LOW_WASH_RISK,LOW,UNLABELLED,UNLABELLED,UNLABELLED,UNLABELLED,UNLABELLED
2025-10-27,7,Tirunelveli,8.7139,77.7567,24.025,64.71666666666667,6.4,0.2286666666666666,10.7,19.0,20.8,3.0,1,6,NO_OFFICIAL_WARNING,TEMPORAL_DATE_DISTRICT_CONTEXTUAL_LINK,FARM_POINT_COORDINATES,DAILY_DERIVED_HOURLY,Tomato,PKM 1,30,Vegetative,Rabi,Red Loam,45.0,35.0,20.0,MODERATE,ESTIMATED,0.2286666666666666,0.26,39.3,LOW_WASH_RISK,LOW,UNLABELLED,UNLABELLED,UNLABELLED,UNLABELLED,UNLABELLED
2025-10-27,8,Villupuram,11.9401,79.4861,24.1,65.14583333333333,5.1,0.2292916666666666,7.8,8.0,5.5,2.8,1,4,NO_OFFICIAL_WARNING,TEMPORAL_DATE_DISTRICT_CONTEXTUAL_LINK,FARM_POINT_COORDINATES,DAILY_DERIVED_HOURLY,Sugarcane,Co 86032,150,Grand Growth,Annual,Clay Loam,30.0,35.0,35.0,MODERATE,LAB_VERIFIED,0.2292916666666666,0.276,27.27,LOW_WASH_RISK,LOW,UNLABELLED,UNLABELLED,UNLABELLED,UNLABELLED,UNLABELLED
2025-10-27,9,Erode,11.341,77.7172,23.9625,65.17916666666666,3.8,0.2275,4.2,10.9,21.9,3.1,1,3,NO_OFFICIAL_WARNING,TEMPORAL_DATE_DISTRICT_CONTEXTUAL_LINK,FARM_POINT_COORDINATES,DAILY_DERIVED_HOURLY,Chilli,K1,40,Flowering,Rabi,Black Soil,30.0,25.0,45.0,POOR,FARMER_VERIFIED,0.2275,0.283,40.05,LOW_WASH_RISK,MODERATE,UNLABELLED,UNLABELLED,UNLABELLED,UNLABELLED,UNLABELLED
2025-10-27,10,Tiruvarur,10.7708,79.6373,23.95,65.08749999999999,0.2,0.222375,2.7,8.0,9.1,1.7,1,3,NO_OFFICIAL_WARNING,TEMPORAL_DATE_DISTRICT_CONTEXTUAL_LINK,FARM_POINT_COORDINATES,DAILY_DERIVED_HOURLY,Pulses,Vamban 3,25,Vegetative,Rabi,Loamy Sand,65.0,20.0,15.0,WELL_DRAINED,ESTIMATED,0.222375,0.25,29.43,LOW_WASH_RISK,LOW,UNLABELLED,UNLABELLED,UNLABELLED,UNLABELLED,UNLABELLED
2025-10-28,1,Thanjavur,10.787,79.1378,24.0125,64.78750000000001,1.3,0.2253333333333333,9.7,11.2,10.9,5.0,1,5,NO_OFFICIAL_WARNING,TEMPORAL_DATE_DISTRICT_CONTEXTUAL_LINK,FARM_POINT_COORDINATES,DAILY_DERIVED_HOURLY,Paddy,CR1009 Sub1,45,Tillering,Samba,Clay Loam,25.0,35.0,40.0,POOR,LAB_VERIFIED,0.2253333333333333,0.254,31.14,LOW_WASH_RISK,MODERATE,UNLABELLED,UNLABELLED,UNLABELLED,UNLABELLED,UNLABELLED
2025-10-28,2,Cuddalore,11.748,79.7714,24.004166666666663,65.10833333333333,8.299999999999999,0.2310416666666666,8.3,9.6,19.3,1.9,4,7,NO_OFFICIAL_WARNING,TEMPORAL_DATE_DISTRICT_CONTEXTUAL_LINK,FARM_POINT_COORDINATES,DAILY_DERIVED_HOURLY,Paddy,ADT 45,80,Flowering,Samba,Clay,15.0,30.0,55.0,POOR,FARMER_VERIFIED,0.2310416666666666,0.245,38.35,LOW_WASH_RISK,MODERATE,UNLABELLED,UNLABELLED,UNLABELLED,UNLABELLED,UNLABELLED
2025-10-28,3,Madurai,9.9252,78.1198,24.041666666666668,65.10000000000001,1.5,0.2252916666666666,2.3,6.0,10.9,1.4,1,3,NO_OFFICIAL_WARNING,TEMPORAL_DATE_DISTRICT_CONTEXTUAL_LINK,FARM_POINT_COORDINATES,DAILY_DERIVED_HOURLY,Maize,Co 6,35,Vegetative,Kharif,Sandy Loam,60.0,25.0,15.0,WELL_DRAINED,ESTIMATED,0.2252916666666666,0.265,31.14,LOW_WASH_RISK,LOW,UNLABELLED,UNLABELLED,UNLABELLED,UNLABELLED,UNLABELLED
2025-10-28,4,Nagapattinam,10.7656,79.8424,24.291666666666668,64.60833333333333,4.8,0.230125,4.8,9.4,12.5,1.9,2,5,NO_OFFICIAL_WARNING,TEMPORAL_DATE_DISTRICT_CONTEXTUAL_LINK,FARM_POINT_COORDINATES,DAILY_DERIVED_HOURLY,Cotton,MCU 5,65,Boll Formation,Kharif,Black Clay,20.0,20.0,60.0,POOR,LAB_VERIFIED,0.230125,0.285,32.89,LOW_WASH_RISK,LOW,UNLABELLED,UNLABELLED,UNLABELLED,UNLABELLED,UNLABELLED
2025-10-28,5,Coimbatore,11.0168,76.9558,23.916666666666668,65.08333333333333,6.699999999999999,0.2342916666666666,7.0,9.5,13.6,3.6,2,6,NO_OFFICIAL_WARNING,TEMPORAL_DATE_DISTRICT_CONTEXTUAL_LINK,FARM_POINT_COORDINATES,DAILY_DERIVED_HOURLY,Groundnut,TMV 7,50,Pegging,Kharif,Red Sandy,70.0,15.0,15.0,WELL_DRAINED,FARMER_VERIFIED,0.2342916666666666,0.273,34.17,LOW_WASH_RISK,LOW,UNLABELLED,UNLABELLED,UNLABELLED,UNLABELLED,UNLABELLED
2025-10-28,6,Tiruchirappalli,10.7905,78.7047,24.0875,64.8,8.0,0.2319999999999999,8.0,13.6,17.2,4.6,1,5,NO_OFFICIAL_WARNING,TEMPORAL_DATE_DISTRICT_CONTEXTUAL_LINK,FARM_POINT_COORDINATES,DAILY_DERIVED_HOURLY,Banana,Grand Naine,120,Shooting,Annual,Alluvial Loam,35.0,45.0,20.0,MODERATE,LAB_VERIFIED,0.2319999999999999,0.249,36.79,LOW_WASH_RISK,LOW,UNLABELLED,UNLABELLED,UNLABELLED,UNLABELLED,UNLABELLED
2025-10-28,7,Tirunelveli,8.7139,77.7567,23.89583333333333,65.14583333333333,8.7,0.2300416666666666,8.7,16.1,19.0,2.9,1,5,NO_OFFICIAL_WARNING,TEMPORAL_DATE_DISTRICT_CONTEXTUAL_LINK,FARM_POINT_COORDINATES,DAILY_DERIVED_HOURLY,Tomato,PKM 1,30,Vegetative,Rabi,Red Loam,45.0,35.0,20.0,MODERATE,ESTIMATED,0.2300416666666666,0.262,38.01,LOW_WASH_RISK,LOW,UNLABELLED,UNLABELLED,UNLABELLED,UNLABELLED,UNLABELLED
2025-10-28,8,Villupuram,11.9401,79.4861,23.975,64.95416666666667,2.5,0.2296666666666666,5.1,10.5,8.0,2.8,1,5,NO_OFFICIAL_WARNING,TEMPORAL_DATE_DISTRICT_CONTEXTUAL_LINK,FARM_POINT_COORDINATES,DAILY_DERIVED_HOURLY,Sugarcane,Co 86032,150,Grand Growth,Annual,Clay Loam,30.0,35.0,35.0,MODERATE,LAB_VERIFIED,0.2296666666666666,0.256,29.29,LOW_WASH_RISK,LOW,UNLABELLED,UNLABELLED,UNLABELLED,UNLABELLED,UNLABELLED
2025-10-28,9,Erode,11.341,77.7172,23.941666666666663,64.83333333333333,4.2,0.2341666666666666,6.9,9.1,10.9,3.1,1,5,NO_OFFICIAL_WARNING,TEMPORAL_DATE_DISTRICT_CONTEXTUAL_LINK,FARM_POINT_COORDINATES,DAILY_DERIVED_HOURLY,Chilli,K1,40,Flowering,Rabi,Black Soil,30.0,25.0,45.0,POOR,FARMER_VERIFIED,0.2341666666666666,0.252,32.03,LOW_WASH_RISK,LOW,UNLABELLED,UNLABELLED,UNLABELLED,UNLABELLED,UNLABELLED
2025-10-28,10,Tiruvarur,10.7708,79.6373,24.129166666666663,65.03750000000001,0.0,0.2272083333333333,0.2,2.7,8.0,0.2,0,1,NO_OFFICIAL_WARNING,TEMPORAL_DATE_DISTRICT_CONTEXTUAL_LINK,FARM_POINT_COORDINATES,DAILY_DERIVED_HOURLY,Pulses,Vamban 3,25,Vegetative,Rabi,Loamy Sand,65.0,20.0,15.0,WELL_DRAINED,ESTIMATED,0.2272083333333333,0.249,29.04,LOW_WASH_RISK,LOW,UNLABELLED,UNLABELLED,UNLABELLED,UNLABELLED,UNLABELLED
2025-10-29,1,Thanjavur,10.787,79.1378,24.075,65.02916666666667,6.1,0.2230416666666666,6.1,11.2,11.2,3.1,2,3,NO_OFFICIAL_WARNING,TEMPORAL_DATE_DISTRICT_CONTEXTUAL_LINK,FARM_POINT_COORDINATES,DAILY_DERIVED_HOURLY,Paddy,CR1009 Sub1,45,Tillering,Samba,Clay Loam,25.0,35.0,40.0,POOR,LAB_VERIFIED,0.2230416666666666,0.269,31.15,LOW_WASH_RISK,MODERATE,UNLABELLED,UNLABELLED,UNLABELLED,UNLABELLED,UNLABELLED
2025-10-29,2,Cuddalore,11.748,79.7714,23.866666666666664,65.375,11.0,0.229375,13.1,19.3,9.6,5.6,1,7,NO_OFFICIAL_WARNING,TEMPORAL_DATE_DISTRICT_CONTEXTUAL_LINK,FARM_POINT_COORDINATES,DAILY_DERIVED_HOURLY,Paddy,ADT 45,80,Flowering,Samba,Clay,15.0,30.0,55.0,POOR,FARMER_VERIFIED,0.229375,0.283,30.52,LOW_WASH_RISK,MODERATE,UNLABELLED,UNLABELLED,UNLABELLED,UNLABELLED,UNLABELLED
2025-10-29,3,Madurai,9.9252,78.1198,23.995833333333334,65.04166666666667,12.0,0.2323333333333333,13.0,13.9,6.0,5.2,2,7,NO_OFFICIAL_WARNING,TEMPORAL_DATE_DISTRICT_CONTEXTUAL_LINK,FARM_POINT_COORDINATES,DAILY_DERIVED_HOURLY,Maize,Co 6,35,Vegetative,Kharif,Sandy Loam,60.0,25.0,15.0,WELL_DRAINED,ESTIMATED,0.2323333333333333,0.285,27.97,LOW_WASH_RISK,LOW,UNLABELLED,UNLABELLED,UNLABELLED,UNLABELLED,UNLABELLED
2025-10-29,4,Nagapattinam,10.7656,79.8424,24.070833333333336,64.7625,4.4,0.2287083333333333,6.7,9.4,9.4,1.9,1,6,NO_OFFICIAL_WARNING,TEMPORAL_DATE_DISTRICT_CONTEXTUAL_LINK,FARM_POINT_COORDINATES,DAILY_DERIVED_HOURLY,Cotton,MCU 5,65,Boll Formation,Kharif,Black Clay,20.0,20.0,60.0,POOR,LAB_VERIFIED,0.2287083333333333,0.243,30.3,LOW_WASH_RISK,LOW,UNLABELLED,UNLABELLED,UNLABELLED,UNLABELLED,UNLABELLED
2025-10-29,5,Coimbatore,11.0168,76.9558,24.03333333333333,64.89999999999999,6.1000000000000005,0.228125,7.1,13.1,9.5,4.3,1,5,NO_OFFICIAL_WARNING,TEMPORAL_DATE_DISTRICT_CONTEXTUAL_LINK,FARM_POINT_COORDINATES,DAILY_DERIVED_HOURLY,Groundnut,TMV 7,50,Pegging,Kharif,Red Sandy,70.0,15.0,15.0,WELL_DRAINED,FARMER_VERIFIED,0.228125,0.257,30.32,LOW_WASH_RISK,LOW,UNLABELLED,UNLABELLED,UNLABELLED,UNLABELLED,UNLABELLED
2025-10-29,6,Tiruchirappalli,10.7905,78.7047,24.041666666666668,65.16666666666667,8.5,0.226875,8.7,16.5,13.6,4.6,3,5,NO_OFFICIAL_WARNING,TEMPORAL_DATE_DISTRICT_CONTEXTUAL_LINK,FARM_POINT_COORDINATES,DAILY_DERIVED_HOURLY,Banana,Grand Naine,120,Shooting,Annual,Alluvial Loam,35.0,45.0,20.0,MODERATE,LAB_VERIFIED,0.226875,0.24,33.43,LOW_WASH_RISK,LOW,UNLABELLED,UNLABELLED,UNLABELLED,UNLABELLED,UNLABELLED
2025-10-29,7,Tirunelveli,8.7139,77.7567,23.995833333333334,65.07083333333334,0.8,0.2277916666666666,8.7,15.1,16.1,2.9,1,4,NO_OFFICIAL_WARNING,TEMPORAL_DATE_DISTRICT_CONTEXTUAL_LINK,FARM_POINT_COORDINATES,DAILY_DERIVED_HOURLY,Tomato,PKM 1,30,Vegetative,Rabi,Red Loam,45.0,35.0,20.0,MODERATE,ESTIMATED,0.2277916666666666,0.249,35.5,LOW_WASH_RISK,LOW,UNLABELLED,UNLABELLED,UNLABELLED,UNLABELLED,UNLABELLED
2025-10-29,8,Villupuram,11.9401,79.4861,24.008333333333336,65.16666666666667,4.5,0.2274583333333333,4.5,7.6,10.5,3.4,1,4,NO_OFFICIAL_WARNING,TEMPORAL_DATE_DISTRICT_CONTEXTUAL_LINK,FARM_POINT_COORDINATES,DAILY_DERIVED_HOURLY,Sugarcane,Co 86032,150,Grand Growth,Annual,Clay Loam,30.0,35.0,35.0,MODERATE,LAB_VERIFIED,0.2274583333333333,0.277,31.04,LOW_WASH_RISK,LOW,UNLABELLED,UNLABELLED,UNLABELLED,UNLABELLED,UNLABELLED
2025-10-29,9,Erode,11.341,77.7172,24.179166666666664,64.90833333333333,10.6,0.2241666666666666,10.6,15.1,9.1,3.9,2,5,NO_OFFICIAL_WARNING,TEMPORAL_DATE_DISTRICT_CONTEXTUAL_LINK,FARM_POINT_COORDINATES,DAILY_DERIVED_HOURLY,Chilli,K1,40,Flowering,Rabi,Black Soil,30.0,25.0,45.0,POOR,FARMER_VERIFIED,0.2241666666666666,0.244,29.61,LOW_WASH_RISK,MODERATE,UNLABELLED,UNLABELLED,UNLABELLED,UNLABELLED,UNLABELLED
2025-10-29,10,Tiruvarur,10.7708,79.6373,23.9375,65.15416666666667,4.0,0.2229583333333333,4.0,4.2,2.7,2.8,1,2,NO_OFFICIAL_WARNING,TEMPORAL_DATE_DISTRICT_CONTEXTUAL_LINK,FARM_POINT_COORDINATES,DAILY_DERIVED_HOURLY,Pulses,Vamban 3,25,Vegetative,Rabi,Loamy Sand,65.0,20.0,15.0,WELL_DRAINED,ESTIMATED,0.2229583333333333,0.275,24.43,LOW_WASH_RISK,LOW,UNLABELLED,UNLABELLED,UNLABELLED,UNLABELLED,UNLABELLED
2025-10-30,1,Thanjavur,10.787,79.1378,24.016666666666666,65.35000000000001,1.7,0.22475,7.8,8.8,11.2,3.1,1,4,NO_OFFICIAL_WARNING,TEMPORAL_DATE_DISTRICT_CONTEXTUAL_LINK,FARM_POINT_COORDINATES,DAILY_DERIVED_HOURLY,Paddy,CR1009 Sub1,45,Tillering,Samba,Clay Loam,25.0,35.0,40.0,POOR,LAB_VERIFIED,0.22475,0.244,31.32,LOW_WASH_RISK,LOW,UNLABELLED,UNLABELLED,UNLABELLED,UNLABELLED,UNLABELLED
2025-10-30,2,Cuddalore,11.748,79.7714,23.97083333333333,65.10000000000001,4.7,0.2233333333333333,11.0,22.3,19.3,5.6,2,4,NO_OFFICIAL_WARNING,TEMPORAL_DATE_DISTRICT_CONTEXTUAL_LINK,FARM_POINT_COORDINATES,DAILY_DERIVED_HOURLY,Paddy,ADT 45,80,Flowering,Samba,Clay,15.0,30.0,55.0,POOR,FARMER_VERIFIED,0.2233333333333333,0.259,37.58,LOW_WASH_RISK,MODERATE,UNLABELLED,UNLABELLED,UNLABELLED,UNLABELLED,UNLABELLED
2025-10-30,3,Madurai,9.9252,78.1198,24.075,64.99583333333334,2.6,0.2245416666666666,12.0,15.6,13.9,5.2,1,6,NO_OFFICIAL_WARNING,TEMPORAL_DATE_DISTRICT_CONTEXTUAL_LINK,FARM_POINT_COORDINATES,DAILY_DERIVED_HOURLY,Maize,Co 6,35,Vegetative,Kharif,Sandy Loam,60.0,25.0,15.0,WELL_DRAINED,ESTIMATED,0.2245416666666666,0.267,33.44,LOW_WASH_RISK,LOW,UNLABELLED,UNLABELLED,UNLABELLED,UNLABELLED,UNLABELLED
2025-10-30,4,Nagapattinam,10.7656,79.8424,23.941666666666663,64.92916666666666,1.9,0.2260416666666666,4.4,9.2,9.4,1.9,1,4,NO_OFFICIAL_WARNING,TEMPORAL_DATE_DISTRICT_CONTEXTUAL_LINK,FARM_POINT_COORDINATES,DAILY_DERIVED_HOURLY,Cotton,MCU 5,65,Boll Formation,Kharif,Black Clay,20.0,20.0,60.0,POOR,LAB_VERIFIED,0.2260416666666666,0.249,30.03,LOW_WASH_RISK,LOW,UNLABELLED,UNLABELLED,UNLABELLED,UNLABELLED,UNLABELLED
2025-10-30,5,Coimbatore,11.0168,76.9558,23.929166666666664,64.97916666666667,0.7,0.2261666666666666,6.1,12.9,13.1,4.3,1,4,NO_OFFICIAL_WARNING,TEMPORAL_DATE_DISTRICT_CONTEXTUAL_LINK,FARM_POINT_COORDINATES,DAILY_DERIVED_HOURLY,Groundnut,TMV 7,50,Pegging,Kharif,Red Sandy,70.0,15.0,15.0,WELL_DRAINED,FARMER_VERIFIED,0.2261666666666666,0.247,32.97,LOW_WASH_RISK,LOW,UNLABELLED,UNLABELLED,UNLABELLED,UNLABELLED,UNLABELLED
2025-10-30,6,Tiruchirappalli,10.7905,78.7047,23.941666666666663,64.99166666666666,4.199999999999999,0.2286666666666666,12.0,18.7,16.5,3.9,1,5,NO_OFFICIAL_WARNING,TEMPORAL_DATE_DISTRICT_CONTEXTUAL_LINK,FARM_POINT_COORDINATES,DAILY_DERIVED_HOURLY,Banana,Grand Naine,120,Shooting,Annual,Alluvial Loam,35.0,45.0,20.0,MODERATE,LAB_VERIFIED,0.2286666666666666,0.285,35.9,LOW_WASH_RISK,LOW,UNLABELLED,UNLABELLED,UNLABELLED,UNLABELLED,UNLABELLED
2025-10-30,7,Tirunelveli,8.7139,77.7567,24.02916666666667,65.00833333333334,10.7,0.2265833333333333,10.7,12.0,15.1,4.7,3,8,NO_OFFICIAL_WARNING,TEMPORAL_DATE_DISTRICT_CONTEXTUAL_LINK,FARM_POINT_COORDINATES,DAILY_DERIVED_HOURLY,Tomato,PKM 1,30,Vegetative,Rabi,Red Loam,45.0,35.0,20.0,MODERATE,ESTIMATED,0.2265833333333333,0.283,34.59,LOW_WASH_RISK,LOW,UNLABELLED,UNLABELLED,UNLABELLED,UNLABELLED,UNLABELLED
2025-10-30,8,Villupuram,11.9401,79.4861,23.933333333333334,65.0625,1.9,0.2214583333333333,5.6,7.8,7.6,3.4,1,6,NO_OFFICIAL_WARNING,TEMPORAL_DATE_DISTRICT_CONTEXTUAL_LINK,FARM_POINT_COORDINATES,DAILY_DERIVED_HOURLY,Sugarcane,Co 86032,150,Grand Growth,Annual,Clay Loam,30.0,35.0,35.0,MODERATE,LAB_VERIFIED,0.2214583333333333,0.267,28.15,LOW_WASH_RISK,LOW,UNLABELLED,UNLABELLED,UNLABELLED,UNLABELLED,UNLABELLED
2025-10-30,9,Erode,11.341,77.7172,24.0,65.0125,7.9,0.2274583333333333,13.1,18.5,15.1,4.4,2,7,NO_OFFICIAL_WARNING,TEMPORAL_DATE_DISTRICT_CONTEXTUAL_LINK,FARM_POINT_COORDINATES,DAILY_DERIVED_HOURLY,Chilli,K1,40,Flowering,Rabi,Black Soil,30.0,25.0,45.0,POOR,FARMER_VERIFIED,0.2274583333333333,0.264,34.67,LOW_WASH_RISK,MODERATE,UNLABELLED,UNLABELLED,UNLABELLED,UNLABELLED,UNLABELLED
2025-10-30,10,Tiruvarur,10.7708,79.6373,23.9625,65.41250000000001,4.7,0.2299166666666666,5.4,8.7,4.2,2.8,1,3,NO_OFFICIAL_WARNING,TEMPORAL_DATE_DISTRICT_CONTEXTUAL_LINK,FARM_POINT_COORDINATES,DAILY_DERIVED_HOURLY,Pulses,Vamban 3,25,Vegetative,Rabi,Loamy Sand,65.0,20.0,15.0,WELL_DRAINED,ESTIMATED,0.2299166666666666,0.273,26.31,LOW_WASH_RISK,LOW,UNLABELLED,UNLABELLED,UNLABELLED,UNLABELLED,UNLABELLED
2025-10-31,1,Thanjavur,10.787,79.1378,23.925,65.02499999999999,3.0,0.2294583333333333,3.0,8.7,8.8,2.3,2,3,NO_OFFICIAL_WARNING,TEMPORAL_DATE_DISTRICT_CONTEXTUAL_LINK,FARM_POINT_COORDINATES,DAILY_DERIVED_HOURLY,Paddy,CR1009 Sub1,45,Tillering,Samba,Clay Loam,25.0,35.0,40.0,POOR,LAB_VERIFIED,0.2294583333333333,0.275,29.9,LOW_WASH_RISK,LOW,UNLABELLED,UNLABELLED,UNLABELLED,UNLABELLED,UNLABELLED
2025-10-31,2,Cuddalore,11.748,79.7714,23.90416666666667,64.86666666666666,2.2,0.223875,4.7,15.7,22.3,2.1,1,3,NO_OFFICIAL_WARNING,TEMPORAL_DATE_DISTRICT_CONTEXTUAL_LINK,FARM_POINT_COORDINATES,DAILY_DERIVED_HOURLY,Paddy,ADT 45,80,Flowering,Samba,Clay,15.0,30.0,55.0,POOR,FARMER_VERIFIED,0.223875,0.26,40.0,LOW_WASH_RISK,MODERATE,UNLABELLED,UNLABELLED,UNLABELLED,UNLABELLED,UNLABELLED
2025-10-31,3,Madurai,9.9252,78.1198,23.97083333333333,65.22500000000001,6.1,0.2309166666666666,8.4,14.6,15.6,3.5,2,5,NO_OFFICIAL_WARNING,TEMPORAL_DATE_DISTRICT_CONTEXTUAL_LINK,FARM_POINT_COORDINATES,DAILY_DERIVED_HOURLY,Maize,Co 6,35,Vegetative,Kharif,Sandy Loam,60.0,25.0,15.0,WELL_DRAINED,ESTIMATED,0.2309166666666666,0.264,35.42,LOW_WASH_RISK,LOW,UNLABELLED,UNLABELLED,UNLABELLED,UNLABELLED,UNLABELLED
2025-10-31,4,Nagapattinam,10.7656,79.8424,24.133333333333336,65.17916666666666,3.9,0.2262499999999999,5.8,8.3,9.2,2.5,1,3,NO_OFFICIAL_WARNING,TEMPORAL_DATE_DISTRICT_CONTEXTUAL_LINK,FARM_POINT_COORDINATES,DAILY_DERIVED_HOURLY,Cotton,MCU 5,65,Boll Formation,Kharif,Black Clay,20.0,20.0,60.0,POOR,LAB_VERIFIED,0.2262499999999999,0.241,29.89,LOW_WASH_RISK,LOW,UNLABELLED,UNLABELLED,UNLABELLED,UNLABELLED,UNLABELLED
2025-10-31,5,Coimbatore,11.0168,76.9558,24.03333333333333,64.91666666666667,5.8,0.2310416666666666,5.8,9.7,12.9,2.0,1,3,NO_OFFICIAL_WARNING,TEMPORAL_DATE_DISTRICT_CONTEXTUAL_LINK,FARM_POINT_COORDINATES,DAILY_DERIVED_HOURLY,Groundnut,TMV 7,50,Pegging,Kharif,Red Sandy,70.0,15.0,15.0,WELL_DRAINED,FARMER_VERIFIED,0.2310416666666666,0.261,33.3,LOW_WASH_RISK,LOW,UNLABELLED,UNLABELLED,UNLABELLED,UNLABELLED,UNLABELLED
2025-10-31,6,Tiruchirappalli,10.7905,78.7047,23.829166666666666,65.13333333333334,1.6,0.2241666666666666,4.2,12.8,18.7,3.8,1,2,NO_OFFICIAL_WARNING,TEMPORAL_DATE_DISTRICT_CONTEXTUAL_LINK,FARM_POINT_COORDINATES,DAILY_DERIVED_HOURLY,Banana,Grand Naine,120,Shooting,Annual,Alluvial Loam,35.0,45.0,20.0,MODERATE,LAB_VERIFIED,0.2241666666666666,0.267,37.19,LOW_WASH_RISK,LOW,UNLABELLED,UNLABELLED,UNLABELLED,UNLABELLED,UNLABELLED
2025-10-31,7,Tirunelveli,8.7139,77.7567,23.979166666666668,65.17916666666666,4.5,0.224,11.7,15.3,12.0,4.7,1,9,NO_OFFICIAL_WARNING,TEMPORAL_DATE_DISTRICT_CONTEXTUAL_LINK,FARM_POINT_COORDINATES,DAILY_DERIVED_HOURLY,Tomato,PKM 1,30,Vegetative,Rabi,Red Loam,45.0,35.0,20.0,MODERATE,ESTIMATED,0.224,0.241,31.88,LOW_WASH_RISK,LOW,UNLABELLED,UNLABELLED,UNLABELLED,UNLABELLED,UNLABELLED
2025-10-31,8,Villupuram,11.9401,79.4861,23.97083333333333,65.10416666666667,11.0,0.2293333333333333,11.0,15.0,7.8,4.9,1,5,NO_OFFICIAL_WARNING,TEMPORAL_DATE_DISTRICT_CONTEXTUAL_LINK,FARM_POINT_COORDINATES,DAILY_DERIVED_HOURLY,Sugarcane,Co 86032,150,Grand Growth,Annual,Clay Loam,30.0,35.0,35.0,MODERATE,LAB_VERIFIED,0.2293333333333333,0.271,29.1,LOW_WASH_RISK,LOW,UNLABELLED,UNLABELLED,UNLABELLED,UNLABELLED,UNLABELLED
2025-10-31,9,Erode,11.341,77.7172,24.075,65.00833333333334,5.9,0.2218333333333333,8.4,18.5,18.5,4.4,1,5,NO_OFFICIAL_WARNING,TEMPORAL_DATE_DISTRICT_CONTEXTUAL_LINK,FARM_POINT_COORDINATES,DAILY_DERIVED_HOURLY,Chilli,K1,40,Flowering,Rabi,Black Soil,30.0,25.0,45.0,POOR,FARMER_VERIFIED,0.2218333333333333,0.245,36.8,LOW_WASH_RISK,MODERATE,UNLABELLED,UNLABELLED,UNLABELLED,UNLABELLED,UNLABELLED
2025-10-31,10,Tiruvarur,10.7708,79.6373,24.075,64.49166666666666,6.6000000000000005,0.2271666666666666,6.6,11.3,8.7,4.4,2,4,NO_OFFICIAL_WARNING,TEMPORAL_DATE_DISTRICT_CONTEXTUAL_LINK,FARM_POINT_COORDINATES,DAILY_DERIVED_HOURLY,Pulses,Vamban 3,25,Vegetative,Rabi,Loamy Sand,65.0,20.0,15.0,WELL_DRAINED,ESTIMATED,0.2271666666666666,0.265,29.59,LOW_WASH_RISK,LOW,UNLABELLED,UNLABELLED,UNLABELLED,UNLABELLED,UNLABELLED
2025-11-01,1,Thanjavur,10.787,79.1378,23.791666666666668,64.67083333333333,1.1,0.223625,3.6,5.3,8.7,2.3,1,4,NO_OFFICIAL_WARNING,TEMPORAL_DATE_DISTRICT_CONTEXTUAL_LINK,FARM_POINT_COORDINATES,DAILY_DERIVED_HOURLY,Paddy,CR1009 Sub1,45,Tillering,Samba,Clay Loam,25.0,35.0,40.0,POOR,LAB_VERIFIED,0.223625,0.275,29.24,LOW_WASH_RISK,LOW,UNLABELLED,UNLABELLED,UNLABELLED,UNLABELLED,UNLABELLED
2025-11-01,2,Cuddalore,11.748,79.7714,24.10833333333333,64.825,4.1,0.2247083333333333,6.3,7.1,15.7,2.3,1,4,NO_OFFICIAL_WARNING,TEMPORAL_DATE_DISTRICT_CONTEXTUAL_LINK,FARM_POINT_COORDINATES,DAILY_DERIVED_HOURLY,Paddy,ADT 45,80,Flowering,Samba,Clay,15.0,30.0,55.0,POOR,FARMER_VERIFIED,0.2247083333333333,0.272,34.87,LOW_WASH_RISK,LOW,UNLABELLED,UNLABELLED,UNLABELLED,UNLABELLED,UNLABELLED
2025-11-01,3,Madurai,9.9252,78.1198,23.916666666666668,65.05416666666666,6.5,0.23175,7.2,12.6,14.6,3.5,3,5,NO_OFFICIAL_WARNING,TEMPORAL_DATE_DISTRICT_CONTEXTUAL_LINK,FARM_POINT_COORDINATES,DAILY_DERIVED_HOURLY,Maize,Co 6,35,Vegetative,Kharif,Sandy Loam,60.0,25.0,15.0,WELL_DRAINED,ESTIMATED,0.23175,0.274,34.71,LOW_WASH_RISK,LOW,UNLABELLED,UNLABELLED,UNLABELLED,UNLABELLED,UNLABELLED
2025-11-01,4,Nagapattinam,10.7656,79.8424,23.9625,64.83749999999999,3.8,0.2185416666666666,4.4,9.6,8.3,2.5,2,5,NO_OFFICIAL_WARNING,TEMPORAL_DATE_DISTRICT_CONTEXTUAL_LINK,FARM_POINT_COORDINATES,DAILY_DERIVED_HOURLY,Cotton,MCU 5,65,Boll Formation,Kharif,Black Clay,20.0,20.0,60.0,POOR,LAB_VERIFIED,0.2185416666666666,0.24,28.41,LOW_WASH_RISK,LOW,UNLABELLED,UNLABELLED,UNLABELLED,UNLABELLED,UNLABELLED
2025-11-01,5,Coimbatore,11.0168,76.9558,23.90833333333333,65.43333333333334,4.8,0.2285416666666666,5.8,10.6,9.7,3.4,1,3,NO_OFFICIAL_WARNING,TEMPORAL_DATE_DISTRICT_CONTEXTUAL_LINK,FARM_POINT_COORDINATES,DAILY_DERIVED_HOURLY,Groundnut,TMV 7,50,Pegging,Kharif,Red Sandy,70.0,15.0,15.0,WELL_DRAINED,FARMER_VERIFIED,0.2285416666666666,0.265,30.52,LOW_WASH_RISK,LOW,UNLABELLED,UNLABELLED,UNLABELLED,UNLABELLED,UNLABELLED
2025-11-01,6,Tiruchirappalli,10.7905,78.7047,24.2625,64.96249999999999,1.0,0.2269583333333333,2.2,6.4,12.8,0.8,1,3,NO_OFFICIAL_WARNING,TEMPORAL_DATE_DISTRICT_CONTEXTUAL_LINK,FARM_POINT_COORDINATES,DAILY_DERIVED_HOURLY,Banana,Grand Naine,120,Shooting,Annual,Alluvial Loam,35.0,45.0,20.0,MODERATE,LAB_VERIFIED,0.2269583333333333,0.249,32.81,LOW_WASH_RISK,LOW,UNLABELLED,UNLABELLED,UNLABELLED,UNLABELLED,UNLABELLED
2025-11-01,7,Tirunelveli,8.7139,77.7567,24.041666666666668,65.0125,4.3,0.230375,7.9,16.6,15.3,3.1,1,5,NO_OFFICIAL_WARNING,TEMPORAL_DATE_DISTRICT_CONTEXTUAL_LINK,FARM_POINT_COORDINATES,DAILY_DERIVED_HOURLY,Tomato,PKM 1,30,Vegetative,Rabi,Red Loam,45.0,35.0,20.0,MODERATE,ESTIMATED,0.230375,0.27,35.12,LOW_WASH_RISK,LOW,UNLABELLED,UNLABELLED,UNLABELLED,UNLABELLED,UNLABELLED
2025-11-01,8,Villupuram,11.9401,79.4861,24.016666666666666,65.29583333333333,6.2,0.23575,11.0,17.2,15.0,6.0,1,5,NO_OFFICIAL_WARNING,TEMPORAL_DATE_DISTRICT_CONTEXTUAL_LINK,FARM_POINT_COORDINATES,DAILY_DERIVED_HOURLY,Sugarcane,Co 86032,150,Grand Growth,Annual,Clay Loam,30.0,35.0,35.0,MODERATE,LAB_VERIFIED,0.23575,0.287,35.42,LOW_WASH_RISK,LOW,UNLABELLED,UNLABELLED,UNLABELLED,UNLABELLED,UNLABELLED
2025-11-01,9,Erode,11.341,77.7172,24.195833333333336,65.04166666666667,6.0,0.2279166666666666,6.8,14.7,18.5,5.1,1,4,NO_OFFICIAL_WARNING,TEMPORAL_DATE_DISTRICT_CONTEXTUAL_LINK,FARM_POINT_COORDINATES,DAILY_DERIVED_HOURLY,Chilli,K1,40,Flowering,Rabi,Black Soil,30.0,25.0,45.0,POOR,FARMER_VERIFIED,0.2279166666666666,0.268,37.41,LOW_WASH_RISK,MODERATE,UNLABELLED,UNLABELLED,UNLABELLED,UNLABELLED,UNLABELLED
2025-11-01,10,Tiruvarur,10.7708,79.6373,24.05,64.70416666666667,0.0,0.2225416666666666,6.6,11.3,11.3,4.4,0,3,NO_OFFICIAL_WARNING,TEMPORAL_DATE_DISTRICT_CONTEXTUAL_LINK,FARM_POINT_COORDINATES,DAILY_DERIVED_HOURLY,Pulses,Vamban 3,25,Vegetative,Rabi,Loamy Sand,65.0,20.0,15.0,WELL_DRAINED,ESTIMATED,0.2225416666666666,0.266,31.18,LOW_WASH_RISK,LOW,UNLABELLED,UNLABELLED,UNLABELLED,UNLABELLED,UNLABELLED
2025-11-02,1,Thanjavur,10.787,79.1378,23.9625,65.34166666666667,70.8,0.2554166666666667,71.3,71.9,5.3,26.5,3,10,HEAVY_RAINFALL_ADVISORY,TEMPORAL_DATE_DISTRICT_CONTEXTUAL_LINK,FARM_POINT_COORDINATES,DAILY_DERIVED_HOURLY,Paddy,CR1009 Sub1,45,Tillering,Samba,Clay Loam,25.0,35.0,40.0,POOR,LAB_VERIFIED,0.2554166666666667,0.311,29.73,HIGH_WASH_RISK,CRITICAL,NO_DAMAGE,HIGH_SURVIVAL,FULL_RECOVERY,NO_FINANCIAL_LOSS,NDMA_RELIEF_GROUND_TRUTH
2025-11-02,2,Cuddalore,11.748,79.7714,24.116666666666664,65.14166666666667,115.5,0.274,115.5,119.6,7.1,24.5,5,18,HEAVY_RAINFALL_ADVISORY,TEMPORAL_DATE_DISTRICT_CONTEXTUAL_LINK,FARM_POINT_COORDINATES,DAILY_DERIVED_HOURLY,Paddy,ADT 45,80,Flowering,Samba,Clay,15.0,30.0,55.0,POOR,FARMER_VERIFIED,0.274,0.306,33.01,HIGH_WASH_RISK,CRITICAL,SLIGHT_DAMAGE,HIGH_SURVIVAL,PARTIAL_RECOVERY,LOW_FINANCIAL_LOSS,NDMA_RELIEF_GROUND_TRUTH
2025-11-02,3,Madurai,9.9252,78.1198,24.266666666666666,65.05833333333334,89.4,0.2615416666666667,89.4,95.9,12.6,17.2,3,15,HEAVY_RAINFALL_ADVISORY,TEMPORAL_DATE_DISTRICT_CONTEXTUAL_LINK,FARM_POINT_COORDINATES,DAILY_DERIVED_HOURLY,Maize,Co 6,35,Vegetative,Kharif,Sandy Loam,60.0,25.0,15.0,WELL_DRAINED,ESTIMATED,0.2615416666666667,0.28,36.11,HIGH_WASH_RISK,MODERATE,SEVERE_DAMAGE,LOW_SURVIVAL,UNRECOVERABLE,HIGH_FINANCIAL_LOSS,NDMA_RELIEF_GROUND_TRUTH
2025-11-02,4,Nagapattinam,10.7656,79.8424,23.891666666666666,65.2625,144.6,0.2860416666666667,144.6,148.4,9.6,26.2,5,12,HEAVY_RAINFALL_ADVISORY,TEMPORAL_DATE_DISTRICT_CONTEXTUAL_LINK,FARM_POINT_COORDINATES,DAILY_DERIVED_HOURLY,Cotton,MCU 5,65,Boll Formation,Kharif,Black Clay,20.0,20.0,60.0,POOR,LAB_VERIFIED,0.2860416666666667,0.329,36.19,HIGH_WASH_RISK,CRITICAL,SLIGHT_DAMAGE,HIGH_SURVIVAL,PARTIAL_RECOVERY,LOW_FINANCIAL_LOSS,NDMA_RELIEF_GROUND_TRUTH
2025-11-02,5,Coimbatore,11.0168,76.9558,24.125,64.82916666666667,146.6,0.2896249999999999,146.6,151.4,10.6,28.5,7,17,HEAVY_RAINFALL_ADVISORY,TEMPORAL_DATE_DISTRICT_CONTEXTUAL_LINK,FARM_POINT_COORDINATES,DAILY_DERIVED_HOURLY,Groundnut,TMV 7,50,Pegging,Kharif,Red Sandy,70.0,15.0,15.0,WELL_DRAINED,FARMER_VERIFIED,0.2896249999999999,0.329,37.34,HIGH_WASH_RISK,HIGH,SLIGHT_DAMAGE,HIGH_SURVIVAL,PARTIAL_RECOVERY,LOW_FINANCIAL_LOSS,NDMA_RELIEF_GROUND_TRUTH
2025-11-02,6,Tiruchirappalli,10.7905,78.7047,23.866666666666664,64.95833333333333,91.9,0.2593749999999999,91.9,92.9,6.4,23.5,4,14,HEAVY_RAINFALL_ADVISORY,TEMPORAL_DATE_DISTRICT_CONTEXTUAL_LINK,FARM_POINT_COORDINATES,DAILY_DERIVED_HOURLY,Banana,Grand Naine,120,Shooting,Annual,Alluvial Loam,35.0,45.0,20.0,MODERATE,LAB_VERIFIED,0.2593749999999999,0.302,30.99,HIGH_WASH_RISK,HIGH,SLIGHT_DAMAGE,HIGH_SURVIVAL,PARTIAL_RECOVERY,LOW_FINANCIAL_LOSS,NDMA_RELIEF_GROUND_TRUTH
2025-11-02,7,Tirunelveli,8.7139,77.7567,24.04583333333333,64.85833333333333,96.2,0.269625,96.2,100.5,16.6,19.5,4,14,HEAVY_RAINFALL_ADVISORY,TEMPORAL_DATE_DISTRICT_CONTEXTUAL_LINK,FARM_POINT_COORDINATES,DAILY_DERIVED_HOURLY,Tomato,PKM 1,30,Vegetative,Rabi,Red Loam,45.0,35.0,20.0,MODERATE,ESTIMATED,0.269625,0.295,40.08,HIGH_WASH_RISK,HIGH,SEVERE_DAMAGE,LOW_SURVIVAL,UNRECOVERABLE,HIGH_FINANCIAL_LOSS,NDMA_RELIEF_GROUND_TRUTH
2025-11-02,8,Villupuram,11.9401,79.4861,24.041666666666668,65.25416666666666,120.7,0.2754583333333333,120.7,128.5,17.2,33.6,4,15,HEAVY_RAINFALL_ADVISORY,TEMPORAL_DATE_DISTRICT_CONTEXTUAL_LINK,FARM_POINT_COORDINATES,DAILY_DERIVED_HOURLY,Sugarcane,Co 86032,150,Grand Growth,Annual,Clay Loam,30.0,35.0,35.0,MODERATE,LAB_VERIFIED,0.2754583333333333,0.328,41.13,HIGH_WASH_RISK,CRITICAL,SLIGHT_DAMAGE,HIGH_SURVIVAL,PARTIAL_RECOVERY,LOW_FINANCIAL_LOSS,NDMA_RELIEF_GROUND_TRUTH
2025-11-02,9,Erode,11.341,77.7172,23.891666666666666,65.09166666666667,92.6,0.27,97.7,98.6,14.7,22.0,5,15,HEAVY_RAINFALL_ADVISORY,TEMPORAL_DATE_DISTRICT_CONTEXTUAL_LINK,FARM_POINT_COORDINATES,DAILY_DERIVED_HOURLY,Chilli,K1,40,Flowering,Rabi,Black Soil,30.0,25.0,45.0,POOR,FARMER_VERIFIED,0.27,0.324,38.61,HIGH_WASH_RISK,CRITICAL,SEVERE_DAMAGE,LOW_SURVIVAL,UNRECOVERABLE,HIGH_FINANCIAL_LOSS,NDMA_RELIEF_GROUND_TRUTH
2025-11-02,10,Tiruvarur,10.7708,79.6373,23.925,65.16666666666667,76.9,0.2540416666666666,76.9,76.9,11.3,20.9,4,12,HEAVY_RAINFALL_ADVISORY,TEMPORAL_DATE_DISTRICT_CONTEXTUAL_LINK,FARM_POINT_COORDINATES,DAILY_DERIVED_HOURLY,Pulses,Vamban 3,25,Vegetative,Rabi,Loamy Sand,65.0,20.0,15.0,WELL_DRAINED,ESTIMATED,0.2540416666666666,0.292,34.33,HIGH_WASH_RISK,MODERATE,SLIGHT_DAMAGE,HIGH_SURVIVAL,PARTIAL_RECOVERY,LOW_FINANCIAL_LOSS,NDMA_RELIEF_GROUND_TRUTH
2025-11-03,1,Thanjavur,10.787,79.1378,23.933333333333334,64.92916666666666,89.6,0.25825,113.8,160.9,71.9,26.5,4,14,HEAVY_RAINFALL_ADVISORY,TEMPORAL_DATE_DISTRICT_CONTEXTUAL_LINK,FARM_POINT_COORDINATES,DAILY_DERIVED_HOURLY,Paddy,CR1009 Sub1,45,Tillering,Samba,Clay Loam,25.0,35.0,40.0,POOR,LAB_VERIFIED,0.25825,0.309,82.63,HIGH_WASH_RISK,CRITICAL,NO_DAMAGE,HIGH_SURVIVAL,FULL_RECOVERY,NO_FINANCIAL_LOSS,NDMA_RELIEF_GROUND_TRUTH
2025-11-03,2,Cuddalore,11.748,79.7714,23.98333333333333,65.04583333333333,133.0,0.2820833333333333,155.2,248.5,119.6,37.5,7,19,HEAVY_RAINFALL_ADVISORY,TEMPORAL_DATE_DISTRICT_CONTEXTUAL_LINK,FARM_POINT_COORDINATES,DAILY_DERIVED_HOURLY,Paddy,ADT 45,80,Flowering,Samba,Clay,15.0,30.0,55.0,POOR,FARMER_VERIFIED,0.2820833333333333,0.316,122.69,HIGH_WASH_RISK,CRITICAL,SLIGHT_DAMAGE,HIGH_SURVIVAL,PARTIAL_RECOVERY,LOW_FINANCIAL_LOSS,NDMA_RELIEF_GROUND_TRUTH
2025-11-03,3,Madurai,9.9252,78.1198,23.933333333333334,64.71249999999999,94.2,0.266875,134.9,183.6,95.9,32.1,4,15,HEAVY_RAINFALL_ADVISORY,TEMPORAL_DATE_DISTRICT_CONTEXTUAL_LINK,FARM_POINT_COORDINATES,DAILY_DERIVED_HOURLY,Maize,Co 6,35,Vegetative,Kharif,Sandy Loam,60.0,25.0,15.0,WELL_DRAINED,ESTIMATED,0.266875,0.298,102.45,HIGH_WASH_RISK,CRITICAL,SEVERE_DAMAGE,LOW_SURVIVAL,UNRECOVERABLE,HIGH_FINANCIAL_LOSS,NDMA_RELIEF_GROUND_TRUTH
2025-11-03,4,Nagapattinam,10.7656,79.8424,23.945833333333336,65.10833333333333,121.8,0.2757083333333333,188.8,266.4,148.4,26.2,5,18,HEAVY_RAINFALL_ADVISORY,TEMPORAL_DATE_DISTRICT_CONTEXTUAL_LINK,FARM_POINT_COORDINATES,DAILY_DERIVED_HOURLY,Cotton,MCU 5,65,Boll Formation,Kharif,Black Clay,20.0,20.0,60.0,POOR,LAB_VERIFIED,0.2757083333333333,0.301,144.81,HIGH_WASH_RISK,CRITICAL,SLIGHT_DAMAGE,HIGH_SURVIVAL,PARTIAL_RECOVERY,LOW_FINANCIAL_LOSS,NDMA_RELIEF_GROUND_TRUTH
2025-11-03,5,Coimbatore,11.0168,76.9558,23.995833333333334,65.03750000000001,93.8,0.26375,159.2,240.4,151.4,28.5,4,17,HEAVY_RAINFALL_ADVISORY,TEMPORAL_DATE_DISTRICT_CONTEXTUAL_LINK,FARM_POINT_COORDINATES,DAILY_DERIVED_HOURLY,Groundnut,TMV 7,50,Pegging,Kharif,Red Sandy,70.0,15.0,15.0,WELL_DRAINED,FARMER_VERIFIED,0.26375,0.292,145.98,HIGH_WASH_RISK,CRITICAL,SLIGHT_DAMAGE,HIGH_SURVIVAL,PARTIAL_RECOVERY,LOW_FINANCIAL_LOSS,NDMA_RELIEF_GROUND_TRUTH
2025-11-03,6,Tiruchirappalli,10.7905,78.7047,23.979166666666668,64.80416666666666,138.9,0.2738333333333333,158.1,230.8,92.9,37.7,7,18,HEAVY_RAINFALL_ADVISORY,TEMPORAL_DATE_DISTRICT_CONTEXTUAL_LINK,FARM_POINT_COORDINATES,DAILY_DERIVED_HOURLY,Banana,Grand Naine,120,Shooting,Annual,Alluvial Loam,35.0,45.0,20.0,MODERATE,LAB_VERIFIED,0.2738333333333333,0.323,100.77,HIGH_WASH_RISK,CRITICAL,SLIGHT_DAMAGE,HIGH_SURVIVAL,PARTIAL_RECOVERY,LOW_FINANCIAL_LOSS,NDMA_RELIEF_GROUND_TRUTH
2025-11-03,7,Tirunelveli,8.7139,77.7567,23.825,65.2,134.9,0.2815,134.9,231.1,100.5,27.7,6,16,HEAVY_RAINFALL_ADVISORY,TEMPORAL_DATE_DISTRICT_CONTEXTUAL_LINK,FARM_POINT_COORDINATES,DAILY_DERIVED_HOURLY,Tomato,PKM 1,30,Vegetative,Rabi,Red Loam,45.0,35.0,20.0,MODERATE,ESTIMATED,0.2815,0.303,107.54,HIGH_WASH_RISK,CRITICAL,SEVERE_DAMAGE,LOW_SURVIVAL,UNRECOVERABLE,HIGH_FINANCIAL_LOSS,NDMA_RELIEF_GROUND_TRUTH
2025-11-03,8,Villupuram,11.9401,79.4861,24.079166666666666,65.16666666666667,155.7,0.2877083333333333,202.8,276.4,128.5,40.9,7,18,HEAVY_RAINFALL_ADVISORY,TEMPORAL_DATE_DISTRICT_CONTEXTUAL_LINK,FARM_POINT_COORDINATES,DAILY_DERIVED_HOURLY,Sugarcane,Co 86032,150,Grand Growth,Annual,Clay Loam,30.0,35.0,35.0,MODERATE,LAB_VERIFIED,0.2877083333333333,0.311,130.29,HIGH_WASH_RISK,CRITICAL,SLIGHT_DAMAGE,HIGH_SURVIVAL,PARTIAL_RECOVERY,LOW_FINANCIAL_LOSS,NDMA_RELIEF_GROUND_TRUTH
2025-11-03,9,Erode,11.341,77.7172,23.891666666666666,64.64166666666667,93.2,0.2575,121.7,190.9,98.6,22.0,3,15,HEAVY_RAINFALL_ADVISORY,TEMPORAL_DATE_DISTRICT_CONTEXTUAL_LINK,FARM_POINT_COORDINATES,DAILY_DERIVED_HOURLY,Chilli,K1,40,Flowering,Rabi,Black Soil,30.0,25.0,45.0,POOR,FARMER_VERIFIED,0.2575,0.296,103.64,HIGH_WASH_RISK,CRITICAL,SEVERE_DAMAGE,LOW_SURVIVAL,UNRECOVERABLE,HIGH_FINANCIAL_LOSS,NDMA_RELIEF_GROUND_TRUTH
2025-11-03,10,Tiruvarur,10.7708,79.6373,23.97083333333333,65.17916666666666,72.0,0.2512083333333333,108.3,148.9,76.9,24.2,5,15,HEAVY_RAINFALL_ADVISORY,TEMPORAL_DATE_DISTRICT_CONTEXTUAL_LINK,FARM_POINT_COORDINATES,DAILY_DERIVED_HOURLY,Pulses,Vamban 3,25,Vegetative,Rabi,Loamy Sand,65.0,20.0,15.0,WELL_DRAINED,ESTIMATED,0.2512083333333333,0.271,85.87,HIGH_WASH_RISK,HIGH,SLIGHT_DAMAGE,HIGH_SURVIVAL,PARTIAL_RECOVERY,LOW_FINANCIAL_LOSS,NDMA_RELIEF_GROUND_TRUTH
2025-11-04,1,Thanjavur,10.787,79.1378,24.1,64.79166666666667,7.9,0.2307083333333333,85.1,155.4,160.9,14.3,2,13,HEAVY_RAINFALL_ADVISORY,TEMPORAL_DATE_DISTRICT_CONTEXTUAL_LINK,FARM_POINT_COORDINATES,DAILY_DERIVED_HOURLY,Paddy,CR1009 Sub1,45,Tillering,Samba,Clay Loam,25.0,35.0,40.0,POOR,LAB_VERIFIED,0.2307083333333333,0.272,150.18,HIGH_WASH_RISK,CRITICAL,NO_DAMAGE,HIGH_SURVIVAL,FULL_RECOVERY,NO_FINANCIAL_LOSS,NDMA_RELIEF_GROUND_TRUTH
2025-11-04,2,Cuddalore,11.748,79.7714,23.808333333333334,65.22916666666667,0.9,0.2222083333333333,123.2,233.9,248.5,37.5,1,13,HEAVY_RAINFALL_ADVISORY,TEMPORAL_DATE_DISTRICT_CONTEXTUAL_LINK,FARM_POINT_COORDINATES,DAILY_DERIVED_HOURLY,Paddy,ADT 45,80,Flowering,Samba,Clay,15.0,30.0,55.0,POOR,FARMER_VERIFIED,0.2222083333333333,0.264,218.54,HIGH_WASH_RISK,CRITICAL,SLIGHT_DAMAGE,HIGH_SURVIVAL,PARTIAL_RECOVERY,LOW_FINANCIAL_LOSS,NDMA_RELIEF_GROUND_TRUTH
2025-11-04,3,Madurai,9.9252,78.1198,24.245833333333334,64.97916666666667,1.7000000000000002,0.2275416666666666,92.2,183.6,183.6,32.1,1,10,HEAVY_RAINFALL_ADVISORY,TEMPORAL_DATE_DISTRICT_CONTEXTUAL_LINK,FARM_POINT_COORDINATES,DAILY_DERIVED_HOURLY,Maize,Co 6,35,Vegetative,Kharif,Sandy Loam,60.0,25.0,15.0,WELL_DRAINED,ESTIMATED,0.2275416666666666,0.267,167.8,HIGH_WASH_RISK,CRITICAL,SEVERE_DAMAGE,LOW_SURVIVAL,UNRECOVERABLE,HIGH_FINANCIAL_LOSS,NDMA_RELIEF_GROUND_TRUTH
2025-11-04,4,Nagapattinam,10.7656,79.8424,24.09583333333333,65.30416666666666,5.9,0.2260416666666666,121.8,261.6,266.4,26.1,2,18,HEAVY_RAINFALL_ADVISORY,TEMPORAL_DATE_DISTRICT_CONTEXTUAL_LINK,FARM_POINT_COORDINATES,DAILY_DERIVED_HOURLY,Cotton,MCU 5,65,Boll Formation,Kharif,Black Clay,20.0,20.0,60.0,POOR,LAB_VERIFIED,0.2260416666666666,0.274,233.06,HIGH_WASH_RISK,CRITICAL,SLIGHT_DAMAGE,HIGH_SURVIVAL,PARTIAL_RECOVERY,LOW_FINANCIAL_LOSS,NDMA_RELIEF_GROUND_TRUTH
2025-11-04,5,Coimbatore,11.0168,76.9558,23.875,64.85000000000001,6.1000000000000005,0.228875,93.8,234.8,240.4,20.9,1,9,HEAVY_RAINFALL_ADVISORY,TEMPORAL_DATE_DISTRICT_CONTEXTUAL_LINK,FARM_POINT_COORDINATES,DAILY_DERIVED_HOURLY,Groundnut,TMV 7,50,Pegging,Kharif,Red Sandy,70.0,15.0,15.0,WELL_DRAINED,FARMER_VERIFIED,0.228875,0.257,212.8,HIGH_WASH_RISK,CRITICAL,SLIGHT_DAMAGE,HIGH_SURVIVAL,PARTIAL_RECOVERY,LOW_FINANCIAL_LOSS,NDMA_RELIEF_GROUND_TRUTH
2025-11-04,6,Tiruchirappalli,10.7905,78.7047,24.0625,64.70833333333333,1.5,0.2233333333333333,138.9,230.6,230.8,37.7,1,18,HEAVY_RAINFALL_ADVISORY,TEMPORAL_DATE_DISTRICT_CONTEXTUAL_LINK,FARM_POINT_COORDINATES,DAILY_DERIVED_HOURLY,Banana,Grand Naine,120,Shooting,Annual,Alluvial Loam,35.0,45.0,20.0,MODERATE,LAB_VERIFIED,0.2233333333333333,0.277,204.67,HIGH_WASH_RISK,CRITICAL,SLIGHT_DAMAGE,HIGH_SURVIVAL,PARTIAL_RECOVERY,LOW_FINANCIAL_LOSS,NDMA_RELIEF_GROUND_TRUTH
2025-11-04,7,Tirunelveli,8.7139,77.7567,23.941666666666663,64.66250000000001,0.1,0.2285,131.6,231.1,231.1,27.7,0,13,HEAVY_RAINFALL_ADVISORY,TEMPORAL_DATE_DISTRICT_CONTEXTUAL_LINK,FARM_POINT_COORDINATES,DAILY_DERIVED_HOURLY,Tomato,PKM 1,30,Vegetative,Rabi,Red Loam,45.0,35.0,20.0,MODERATE,ESTIMATED,0.2285,0.257,205.42,HIGH_WASH_RISK,CRITICAL,SEVERE_DAMAGE,LOW_SURVIVAL,UNRECOVERABLE,HIGH_FINANCIAL_LOSS,NDMA_RELIEF_GROUND_TRUTH
2025-11-04,8,Villupuram,11.9401,79.4861,23.90833333333333,64.65416666666667,1.3,0.2270416666666666,133.2,266.8,276.4,40.9,2,14,HEAVY_RAINFALL_ADVISORY,TEMPORAL_DATE_DISTRICT_CONTEXTUAL_LINK,FARM_POINT_COORDINATES,DAILY_DERIVED_HOURLY,Sugarcane,Co 86032,150,Grand Growth,Annual,Clay Loam,30.0,35.0,35.0,MODERATE,LAB_VERIFIED,0.2270416666666666,0.283,241.06,HIGH_WASH_RISK,CRITICAL,SLIGHT_DAMAGE,HIGH_SURVIVAL,PARTIAL_RECOVERY,LOW_FINANCIAL_LOSS,NDMA_RELIEF_GROUND_TRUTH
2025-11-04,9,Erode,11.341,77.7172,24.05416666666667,64.78333333333333,0.0,0.2280416666666666,78.0,184.1,190.9,17.0,0,13,HEAVY_RAINFALL_ADVISORY,TEMPORAL_DATE_DISTRICT_CONTEXTUAL_LINK,FARM_POINT_COORDINATES,DAILY_DERIVED_HOURLY,Chilli,K1,40,Flowering,Rabi,Black Soil,30.0,25.0,45.0,POOR,FARMER_VERIFIED,0.2280416666666666,0.279,173.62,HIGH_WASH_RISK,CRITICAL,SEVERE_DAMAGE,LOW_SURVIVAL,UNRECOVERABLE,HIGH_FINANCIAL_LOSS,NDMA_RELIEF_GROUND_TRUTH
2025-11-04,10,Tiruvarur,10.7708,79.6373,24.041666666666668,65.08749999999999,4.5,0.2310416666666666,72.0,148.9,148.9,24.2,3,15,HEAVY_RAINFALL_ADVISORY,TEMPORAL_DATE_DISTRICT_CONTEXTUAL_LINK,FARM_POINT_COORDINATES,DAILY_DERIVED_HOURLY,Pulses,Vamban 3,25,Vegetative,Rabi,Loamy Sand,65.0,20.0,15.0,WELL_DRAINED,ESTIMATED,0.2310416666666666,0.26,140.74,HIGH_WASH_RISK,CRITICAL,SLIGHT_DAMAGE,HIGH_SURVIVAL,PARTIAL_RECOVERY,LOW_FINANCIAL_LOSS,NDMA_RELIEF_GROUND_TRUTH
2025-11-05,1,Thanjavur,10.787,79.1378,24.1125,64.75833333333334,3.7,0.2255,9.6,93.0,155.4,2.7,1,6,NO_OFFICIAL_WARNING,TEMPORAL_DATE_DISTRICT_CONTEXTUAL_LINK,FARM_POINT_COORDINATES,DAILY_DERIVED_HOURLY,Paddy,CR1009 Sub1,45,Tillering,Samba,Clay Loam,25.0,35.0,40.0,POOR,LAB_VERIFIED,0.2255,0.237,145.32,MODERATE_WASH_RISK,CRITICAL,UNLABELLED,UNLABELLED,UNLABELLED,UNLABELLED,UNLABELLED
2025-11-05,2,Cuddalore,11.748,79.7714,24.004166666666663,65.19166666666666,9.1,0.228125,9.1,124.1,233.9,4.3,2,5,NO_OFFICIAL_WARNING,TEMPORAL_DATE_DISTRICT_CONTEXTUAL_LINK,FARM_POINT_COORDINATES,DAILY_DERIVED_HOURLY,Paddy,ADT 45,80,Flowering,Samba,Clay,15.0,30.0,55.0,POOR,FARMER_VERIFIED,0.228125,0.272,207.59,MODERATE_WASH_RISK,CRITICAL,UNLABELLED,UNLABELLED,UNLABELLED,UNLABELLED,UNLABELLED
2025-11-05,3,Madurai,9.9252,78.1198,23.979166666666668,64.7375,13.0,0.2332916666666666,13.0,94.5,183.6,4.8,1,5,NO_OFFICIAL_WARNING,TEMPORAL_DATE_DISTRICT_CONTEXTUAL_LINK,FARM_POINT_COORDINATES,DAILY_DERIVED_HOURLY,Maize,Co 6,35,Vegetative,Kharif,Sandy Loam,60.0,25.0,15.0,WELL_DRAINED,ESTIMATED,0.2332916666666666,0.249,168.37,MODERATE_WASH_RISK,HIGH,UNLABELLED,UNLABELLED,UNLABELLED,UNLABELLED,UNLABELLED
2025-11-05,4,Nagapattinam,10.7656,79.8424,24.016666666666666,65.12083333333334,5.1,0.2292499999999999,9.3,127.9,261.6,3.5,1,6,NO_OFFICIAL_WARNING,TEMPORAL_DATE_DISTRICT_CONTEXTUAL_LINK,FARM_POINT_COORDINATES,DAILY_DERIVED_HOURLY,Cotton,MCU 5,65,Boll Formation,Kharif,Black Clay,20.0,20.0,60.0,POOR,LAB_VERIFIED,0.2292499999999999,0.264,229.59,MODERATE_WASH_RISK,CRITICAL,UNLABELLED,UNLABELLED,UNLABELLED,UNLABELLED,UNLABELLED
2025-11-05,5,Coimbatore,11.0168,76.9558,23.9,65.07916666666667,2.7,0.2289999999999999,7.3,99.9,234.8,3.2,1,4,NO_OFFICIAL_WARNING,TEMPORAL_DATE_DISTRICT_CONTEXTUAL_LINK,FARM_POINT_COORDINATES,DAILY_DERIVED_HOURLY,Groundnut,TMV 7,50,Pegging,Kharif,Red Sandy,70.0,15.0,15.0,WELL_DRAINED,FARMER_VERIFIED,0.2289999999999999,0.277,208.39,MODERATE_WASH_RISK,HIGH,UNLABELLED,UNLABELLED,UNLABELLED,UNLABELLED,UNLABELLED
2025-11-05,6,Tiruchirappalli,10.7905,78.7047,24.025,65.07083333333334,9.1,0.2326666666666666,10.1,140.4,230.6,3.6,1,7,NO_OFFICIAL_WARNING,TEMPORAL_DATE_DISTRICT_CONTEXTUAL_LINK,FARM_POINT_COORDINATES,DAILY_DERIVED_HOURLY,Banana,Grand Naine,120,Shooting,Annual,Alluvial Loam,35.0,45.0,20.0,MODERATE,LAB_VERIFIED,0.2326666666666666,0.276,205.44,MODERATE_WASH_RISK,CRITICAL,UNLABELLED,UNLABELLED,UNLABELLED,UNLABELLED,UNLABELLED
2025-11-05,7,Tirunelveli,8.7139,77.7567,24.004166666666663,64.71666666666667,7.8,0.2296666666666666,7.8,131.7,231.1,5.3,1,3,NO_OFFICIAL_WARNING,TEMPORAL_DATE_DISTRICT_CONTEXTUAL_LINK,FARM_POINT_COORDINATES,DAILY_DERIVED_HOURLY,Tomato,PKM 1,30,Vegetative,Rabi,Red Loam,45.0,35.0,20.0,MODERATE,ESTIMATED,0.2296666666666666,0.277,205.54,MODERATE_WASH_RISK,CRITICAL,UNLABELLED,UNLABELLED,UNLABELLED,UNLABELLED,UNLABELLED
2025-11-05,8,Villupuram,11.9401,79.4861,24.008333333333336,64.91250000000001,0.0,0.226125,1.3,134.5,266.8,0.4,0,5,NO_OFFICIAL_WARNING,TEMPORAL_DATE_DISTRICT_CONTEXTUAL_LINK,FARM_POINT_COORDINATES,DAILY_DERIVED_HOURLY,Sugarcane,Co 86032,150,Grand Growth,Annual,Clay Loam,30.0,35.0,35.0,MODERATE,LAB_VERIFIED,0.226125,0.254,233.38,MODERATE_WASH_RISK,CRITICAL,UNLABELLED,UNLABELLED,UNLABELLED,UNLABELLED,UNLABELLED
2025-11-05,9,Erode,11.341,77.7172,24.016666666666666,65.0625,6.9,0.2276666666666666,6.9,78.9,184.1,4.1,1,3,NO_OFFICIAL_WARNING,TEMPORAL_DATE_DISTRICT_CONTEXTUAL_LINK,FARM_POINT_COORDINATES,DAILY_DERIVED_HOURLY,Chilli,K1,40,Flowering,Rabi,Black Soil,30.0,25.0,45.0,POOR,FARMER_VERIFIED,0.2276666666666666,0.25,168.21,MODERATE_WASH_RISK,CRITICAL,UNLABELLED,UNLABELLED,UNLABELLED,UNLABELLED,UNLABELLED
2025-11-05,10,Tiruvarur,10.7708,79.6373,24.104166666666668,65.06666666666666,3.1,0.2232916666666666,6.0,76.5,148.9,1.8,1,6,NO_OFFICIAL_WARNING,TEMPORAL_DATE_DISTRICT_CONTEXTUAL_LINK,FARM_POINT_COORDINATES,DAILY_DERIVED_HOURLY,Pulses,Vamban 3,25,Vegetative,Rabi,Loamy Sand,65.0,20.0,15.0,WELL_DRAINED,ESTIMATED,0.2232916666666666,0.277,139.96,MODERATE_WASH_RISK,HIGH,UNLABELLED,UNLABELLED,UNLABELLED,UNLABELLED,UNLABELLED
2025-11-06,1,Thanjavur,10.787,79.1378,24.15,65.125,4.0,0.2241666666666666,6.0,14.3,93.0,2.0,2,4,NO_OFFICIAL_WARNING,TEMPORAL_DATE_DISTRICT_CONTEXTUAL_LINK,FARM_POINT_COORDINATES,DAILY_DERIVED_HOURLY,Paddy,CR1009 Sub1,45,Tillering,Samba,Clay Loam,25.0,35.0,40.0,POOR,LAB_VERIFIED,0.2241666666666666,0.25,95.89,LOW_WASH_RISK,HIGH,UNLABELLED,UNLABELLED,UNLABELLED,UNLABELLED,UNLABELLED
2025-11-06,2,Cuddalore,11.748,79.7714,24.14583333333333,65.06666666666666,9.2,0.230125,13.3,18.8,124.1,4.3,2,6,NO_OFFICIAL_WARNING,TEMPORAL_DATE_DISTRICT_CONTEXTUAL_LINK,FARM_POINT_COORDINATES,DAILY_DERIVED_HOURLY,Paddy,ADT 45,80,Flowering,Samba,Clay,15.0,30.0,55.0,POOR,FARMER_VERIFIED,0.230125,0.245,121.05,LOW_WASH_RISK,HIGH,UNLABELLED,UNLABELLED,UNLABELLED,UNLABELLED,UNLABELLED
2025-11-06,3,Madurai,9.9252,78.1198,23.98333333333333,64.95,4.4,0.2257083333333333,13.7,17.4,94.5,4.8,2,6,NO_OFFICIAL_WARNING,TEMPORAL_DATE_DISTRICT_CONTEXTUAL_LINK,FARM_POINT_COORDINATES,DAILY_DERIVED_HOURLY,Maize,Co 6,35,Vegetative,Kharif,Sandy Loam,60.0,25.0,15.0,WELL_DRAINED,ESTIMATED,0.2257083333333333,0.258,97.23,LOW_WASH_RISK,LOW,UNLABELLED,UNLABELLED,UNLABELLED,UNLABELLED,UNLABELLED
2025-11-06,4,Nagapattinam,10.7656,79.8424,24.08333333333333,64.96249999999999,4.7,0.226375,6.4,11.7,127.9,2.5,1,4,NO_OFFICIAL_WARNING,TEMPORAL_DATE_DISTRICT_CONTEXTUAL_LINK,FARM_POINT_COORDINATES,DAILY_DERIVED_HOURLY,Cotton,MCU 5,65,Boll Formation,Kharif,Black Clay,20.0,20.0,60.0,POOR,LAB_VERIFIED,0.226375,0.256,123.68,LOW_WASH_RISK,HIGH,UNLABELLED,UNLABELLED,UNLABELLED,UNLABELLED,UNLABELLED
2025-11-06,5,Coimbatore,11.0168,76.9558,24.104166666666668,64.75416666666666,1.1,0.2220416666666666,2.7,8.8,99.9,1.4,1,2,NO_OFFICIAL_WARNING,TEMPORAL_DATE_DISTRICT_CONTEXTUAL_LINK,FARM_POINT_COORDINATES,DAILY_DERIVED_HOURLY,Groundnut,TMV 7,50,Pegging,Kharif,Red Sandy,70.0,15.0,15.0,WELL_DRAINED,FARMER_VERIFIED,0.2220416666666666,0.263,101.13,LOW_WASH_RISK,LOW,UNLABELLED,UNLABELLED,UNLABELLED,UNLABELLED,UNLABELLED
2025-11-06,6,Tiruchirappalli,10.7905,78.7047,23.89583333333333,65.39583333333333,0.0,0.2264166666666666,9.1,10.6,140.4,3.6,0,6,NO_OFFICIAL_WARNING,TEMPORAL_DATE_DISTRICT_CONTEXTUAL_LINK,FARM_POINT_COORDINATES,DAILY_DERIVED_HOURLY,Banana,Grand Naine,120,Shooting,Annual,Alluvial Loam,35.0,45.0,20.0,MODERATE,LAB_VERIFIED,0.2264166666666666,0.249,133.56,LOW_WASH_RISK,MODERATE,UNLABELLED,UNLABELLED,UNLABELLED,UNLABELLED,UNLABELLED
2025-11-06,7,Tirunelveli,8.7139,77.7567,23.75,65.2,2.4,0.2285416666666666,8.3,10.2,131.7,5.3,1,4,NO_OFFICIAL_WARNING,TEMPORAL_DATE_DISTRICT_CONTEXTUAL_LINK,FARM_POINT_COORDINATES,DAILY_DERIVED_HOURLY,Tomato,PKM 1,30,Vegetative,Rabi,Red Loam,45.0,35.0,20.0,MODERATE,ESTIMATED,0.2285416666666666,0.244,126.9,LOW_WASH_RISK,MODERATE,UNLABELLED,UNLABELLED,UNLABELLED,UNLABELLED,UNLABELLED
2025-11-06,8,Villupuram,11.9401,79.4861,24.08333333333333,65.01666666666667,10.1,0.2309999999999999,10.1,10.8,134.5,4.7,1,3,NO_OFFICIAL_WARNING,TEMPORAL_DATE_DISTRICT_CONTEXTUAL_LINK,FARM_POINT_COORDINATES,DAILY_DERIVED_HOURLY,Sugarcane,Co 86032,150,Grand Growth,Annual,Clay Loam,30.0,35.0,35.0,MODERATE,LAB_VERIFIED,0.2309999999999999,0.282,129.35,LOW_WASH_RISK,MODERATE,UNLABELLED,UNLABELLED,UNLABELLED,UNLABELLED,UNLABELLED
2025-11-06,9,Erode,11.341,77.7172,23.95833333333333,65.27083333333333,3.8,0.2320416666666666,8.4,10.7,78.9,4.1,1,4,NO_OFFICIAL_WARNING,TEMPORAL_DATE_DISTRICT_CONTEXTUAL_LINK,FARM_POINT_COORDINATES,DAILY_DERIVED_HOURLY,Chilli,K1,40,Flowering,Rabi,Black Soil,30.0,25.0,45.0,POOR,FARMER_VERIFIED,0.2320416666666666,0.244,85.54,LOW_WASH_RISK,MODERATE,UNLABELLED,UNLABELLED,UNLABELLED,UNLABELLED,UNLABELLED
2025-11-06,10,Tiruvarur,10.7708,79.6373,24.2125,64.91250000000001,11.0,0.2269166666666666,12.0,18.0,76.5,5.6,2,5,NO_OFFICIAL_WARNING,TEMPORAL_DATE_DISTRICT_CONTEXTUAL_LINK,FARM_POINT_COORDINATES,DAILY_DERIVED_HOURLY,Pulses,Vamban 3,25,Vegetative,Rabi,Loamy Sand,65.0,20.0,15.0,WELL_DRAINED,ESTIMATED,0.2269166666666666,0.267,83.13,LOW_WASH_RISK,LOW,UNLABELLED,UNLABELLED,UNLABELLED,UNLABELLED,UNLABELLED
2025-11-07,1,Thanjavur,10.787,79.1378,24.23333333333333,64.92083333333333,6.4,0.2269166666666666,6.4,10.4,14.3,3.1,2,3,NO_OFFICIAL_WARNING,TEMPORAL_DATE_DISTRICT_CONTEXTUAL_LINK,FARM_POINT_COORDINATES,DAILY_DERIVED_HOURLY,Paddy,CR1009 Sub1,45,Tillering,Samba,Clay Loam,25.0,35.0,40.0,POOR,LAB_VERIFIED,0.2269166666666666,0.256,33.99,LOW_WASH_RISK,MODERATE,UNLABELLED,UNLABELLED,UNLABELLED,UNLABELLED,UNLABELLED
2025-11-07,2,Cuddalore,11.748,79.7714,24.195833333333336,64.77499999999999,3.7,0.2284583333333333,9.2,18.3,18.8,4.0,1,3,NO_OFFICIAL_WARNING,TEMPORAL_DATE_DISTRICT_CONTEXTUAL_LINK,FARM_POINT_COORDINATES,DAILY_DERIVED_HOURLY,Paddy,ADT 45,80,Flowering,Samba,Clay,15.0,30.0,55.0,POOR,FARMER_VERIFIED,0.2284583333333333,0.279,37.7,LOW_WASH_RISK,MODERATE,UNLABELLED,UNLABELLED,UNLABELLED,UNLABELLED,UNLABELLED
2025-11-07,3,Madurai,9.9252,78.1198,23.941666666666663,64.87916666666666,9.9,0.2253333333333333,12.2,25.2,17.4,8.5,1,5,NO_OFFICIAL_WARNING,TEMPORAL_DATE_DISTRICT_CONTEXTUAL_LINK,FARM_POINT_COORDINATES,DAILY_DERIVED_HOURLY,Maize,Co 6,35,Vegetative,Kharif,Sandy Loam,60.0,25.0,15.0,WELL_DRAINED,ESTIMATED,0.2253333333333333,0.27,36.28,LOW_WASH_RISK,LOW,UNLABELLED,UNLABELLED,UNLABELLED,UNLABELLED,UNLABELLED
2025-11-07,4,Nagapattinam,10.7656,79.8424,23.991666666666664,65.125,4.7,0.2227083333333333,6.6,11.1,11.7,2.5,1,4,NO_OFFICIAL_WARNING,TEMPORAL_DATE_DISTRICT_CONTEXTUAL_LINK,FARM_POINT_COORDINATES,DAILY_DERIVED_HOURLY,Cotton,MCU 5,65,Boll Formation,Kharif,Black Clay,20.0,20.0,60.0,POOR,LAB_VERIFIED,0.2227083333333333,0.269,31.51,LOW_WASH_RISK,MODERATE,UNLABELLED,UNLABELLED,UNLABELLED,UNLABELLED,UNLABELLED
2025-11-07,5,Coimbatore,11.0168,76.9558,24.079166666666666,64.75833333333334,1.9,0.2257083333333333,1.9,4.4,8.8,1.1,2,3,NO_OFFICIAL_WARNING,TEMPORAL_DATE_DISTRICT_CONTEXTUAL_LINK,FARM_POINT_COORDINATES,DAILY_DERIVED_HOURLY,Groundnut,TMV 7,50,Pegging,Kharif,Red Sandy,70.0,15.0,15.0,WELL_DRAINED,FARMER_VERIFIED,0.2257083333333333,0.262,29.52,LOW_WASH_RISK,LOW,UNLABELLED,UNLABELLED,UNLABELLED,UNLABELLED,UNLABELLED
2025-11-07,6,Tiruchirappalli,10.7905,78.7047,24.04583333333333,65.3,14.5,0.2281666666666666,14.5,14.5,10.6,5.0,3,7,NO_OFFICIAL_WARNING,TEMPORAL_DATE_DISTRICT_CONTEXTUAL_LINK,FARM_POINT_COORDINATES,DAILY_DERIVED_HOURLY,Banana,Grand Naine,120,Shooting,Annual,Alluvial Loam,35.0,45.0,20.0,MODERATE,LAB_VERIFIED,0.2281666666666666,0.258,31.19,LOW_WASH_RISK,LOW,UNLABELLED,UNLABELLED,UNLABELLED,UNLABELLED,UNLABELLED
2025-11-07,7,Tirunelveli,8.7139,77.7567,23.854166666666668,64.90833333333333,4.8,0.2264166666666666,6.7,14.1,10.2,3.5,1,4,NO_OFFICIAL_WARNING,TEMPORAL_DATE_DISTRICT_CONTEXTUAL_LINK,FARM_POINT_COORDINATES,DAILY_DERIVED_HOURLY,Tomato,PKM 1,30,Vegetative,Rabi,Red Loam,45.0,35.0,20.0,MODERATE,ESTIMATED,0.2264166666666666,0.246,30.7,LOW_WASH_RISK,LOW,UNLABELLED,UNLABELLED,UNLABELLED,UNLABELLED,UNLABELLED
2025-11-07,8,Villupuram,11.9401,79.4861,23.98333333333333,64.73333333333333,10.8,0.2269583333333333,16.8,20.9,10.8,4.7,2,5,NO_OFFICIAL_WARNING,TEMPORAL_DATE_DISTRICT_CONTEXTUAL_LINK,FARM_POINT_COORDINATES,DAILY_DERIVED_HOURLY,Sugarcane,Co 86032,150,Grand Growth,Annual,Clay Loam,30.0,35.0,35.0,MODERATE,LAB_VERIFIED,0.2269583333333333,0.255,31.23,LOW_WASH_RISK,LOW,UNLABELLED,UNLABELLED,UNLABELLED,UNLABELLED,UNLABELLED
2025-11-07,9,Erode,11.341,77.7172,24.08333333333333,64.86666666666666,2.8000000000000003,0.2211666666666666,3.8,9.8,10.7,2.4,1,4,NO_OFFICIAL_WARNING,TEMPORAL_DATE_DISTRICT_CONTEXTUAL_LINK,FARM_POINT_COORDINATES,DAILY_DERIVED_HOURLY,Chilli,K1,40,Flowering,Rabi,Black Soil,30.0,25.0,45.0,POOR,FARMER_VERIFIED,0.2211666666666666,0.246,30.57,LOW_WASH_RISK,LOW,UNLABELLED,UNLABELLED,UNLABELLED,UNLABELLED,UNLABELLED
2025-11-07,10,Tiruvarur,10.7708,79.6373,23.98333333333333,64.94583333333334,14.4,0.2324583333333333,14.4,25.4,18.0,6.6,2,6,NO_OFFICIAL_WARNING,TEMPORAL_DATE_DISTRICT_CONTEXTUAL_LINK,FARM_POINT_COORDINATES,DAILY_DERIVED_HOURLY,Pulses,Vamban 3,25,Vegetative,Rabi,Loamy Sand,65.0,20.0,15.0,WELL_DRAINED,ESTIMATED,0.2324583333333333,0.26,37.47,LOW_WASH_RISK,LOW,UNLABELLED,UNLABELLED,UNLABELLED,UNLABELLED,UNLABELLED
2025-11-08,1,Thanjavur,10.787,79.1378,23.825,65.08749999999999,3.0,0.2247916666666666,7.8,11.8,10.4,3.1,1,5,NO_OFFICIAL_WARNING,TEMPORAL_DATE_DISTRICT_CONTEXTUAL_LINK,FARM_POINT_COORDINATES,DAILY_DERIVED_HOURLY,Paddy,CR1009 Sub1,45,Tillering,Samba,Clay Loam,25.0,35.0,40.0,POOR,LAB_VERIFIED,0.2247916666666666,0.279,30.7,LOW_WASH_RISK,MODERATE,UNLABELLED,UNLABELLED,UNLABELLED,UNLABELLED,UNLABELLED
2025-11-08,2,Cuddalore,11.748,79.7714,23.9625,65.00833333333334,7.9,0.2311666666666666,7.9,14.6,18.3,3.0,2,4,NO_OFFICIAL_WARNING,TEMPORAL_DATE_DISTRICT_CONTEXTUAL_LINK,FARM_POINT_COORDINATES,DAILY_DERIVED_HOURLY,Paddy,ADT 45,80,Flowering,Samba,Clay,15.0,30.0,55.0,POOR,FARMER_VERIFIED,0.2311666666666666,0.265,37.57,LOW_WASH_RISK,MODERATE,UNLABELLED,UNLABELLED,UNLABELLED,UNLABELLED,UNLABELLED
2025-11-08,3,Madurai,9.9252,78.1198,23.954166666666666,65.40416666666667,9.8,0.2290833333333333,15.6,21.8,25.2,8.5,1,6,NO_OFFICIAL_WARNING,TEMPORAL_DATE_DISTRICT_CONTEXTUAL_LINK,FARM_POINT_COORDINATES,DAILY_DERIVED_HOURLY,Maize,Co 6,35,Vegetative,Kharif,Sandy Loam,60.0,25.0,15.0,WELL_DRAINED,ESTIMATED,0.2290833333333333,0.286,42.82,LOW_WASH_RISK,LOW,UNLABELLED,UNLABELLED,UNLABELLED,UNLABELLED,UNLABELLED
2025-11-08,4,Nagapattinam,10.7656,79.8424,24.03333333333333,65.325,4.7,0.2275416666666666,6.8,11.1,11.1,2.1,2,5,NO_OFFICIAL_WARNING,TEMPORAL_DATE_DISTRICT_CONTEXTUAL_LINK,FARM_POINT_COORDINATES,DAILY_DERIVED_HOURLY,Cotton,MCU 5,65,Boll Formation,Kharif,Black Clay,20.0,20.0,60.0,POOR,LAB_VERIFIED,0.2275416666666666,0.275,31.52,LOW_WASH_RISK,MODERATE,UNLABELLED,UNLABELLED,UNLABELLED,UNLABELLED,UNLABELLED
2025-11-08,5,Coimbatore,11.0168,76.9558,23.916666666666668,65.08333333333333,10.0,0.2241666666666666,11.4,11.9,4.4,5.4,2,8,NO_OFFICIAL_WARNING,TEMPORAL_DATE_DISTRICT_CONTEXTUAL_LINK,FARM_POINT_COORDINATES,DAILY_DERIVED_HOURLY,Groundnut,TMV 7,50,Pegging,Kharif,Red Sandy,70.0,15.0,15.0,WELL_DRAINED,FARMER_VERIFIED,0.2241666666666666,0.268,25.89,LOW_WASH_RISK,LOW,UNLABELLED,UNLABELLED,UNLABELLED,UNLABELLED,UNLABELLED
2025-11-08,6,Tiruchirappalli,10.7905,78.7047,24.079166666666666,65.175,6.2,0.2279166666666666,17.5,20.7,14.5,5.0,1,8,NO_OFFICIAL_WARNING,TEMPORAL_DATE_DISTRICT_CONTEXTUAL_LINK,FARM_POINT_COORDINATES,DAILY_DERIVED_HOURLY,Banana,Grand Naine,120,Shooting,Annual,Alluvial Loam,35.0,45.0,20.0,MODERATE,LAB_VERIFIED,0.2279166666666666,0.263,34.25,LOW_WASH_RISK,LOW,UNLABELLED,UNLABELLED,UNLABELLED,UNLABELLED,UNLABELLED
2025-11-08,7,Tirunelveli,8.7139,77.7567,24.0875,64.8875,11.7,0.2246666666666666,11.7,18.4,14.1,5.3,1,5,NO_OFFICIAL_WARNING,TEMPORAL_DATE_DISTRICT_CONTEXTUAL_LINK,FARM_POINT_COORDINATES,DAILY_DERIVED_HOURLY,Tomato,PKM 1,30,Vegetative,Rabi,Red Loam,45.0,35.0,20.0,MODERATE,ESTIMATED,0.2246666666666666,0.251,33.61,LOW_WASH_RISK,LOW,UNLABELLED,UNLABELLED,UNLABELLED,UNLABELLED,UNLABELLED
2025-11-08,8,Villupuram,11.9401,79.4861,24.2,65.02083333333333,2.1,0.2217083333333333,7.9,21.5,20.9,3.7,1,4,NO_OFFICIAL_WARNING,TEMPORAL_DATE_DISTRICT_CONTEXTUAL_LINK,FARM_POINT_COORDINATES,DAILY_DERIVED_HOURLY,Sugarcane,Co 86032,150,Grand Growth,Annual,Clay Loam,30.0,35.0,35.0,MODERATE,LAB_VERIFIED,0.2217083333333333,0.264,38.68,LOW_WASH_RISK,MODERATE,UNLABELLED,UNLABELLED,UNLABELLED,UNLABELLED,UNLABELLED
2025-11-08,9,Erode,11.341,77.7172,24.05,64.91666666666667,15.2,0.22775,15.2,18.6,9.8,6.4,2,5,NO_OFFICIAL_WARNING,TEMPORAL_DATE_DISTRICT_CONTEXTUAL_LINK,FARM_POINT_COORDINATES,DAILY_DERIVED_HOURLY,Chilli,K1,40,Flowering,Rabi,Black Soil,30.0,25.0,45.0,POOR,FARMER_VERIFIED,0.22775,0.27,30.52,LOW_WASH_RISK,MODERATE,UNLABELLED,UNLABELLED,UNLABELLED,UNLABELLED,UNLABELLED
2025-11-08,10,Tiruvarur,10.7708,79.6373,24.04583333333333,64.89999999999999,3.7,0.2268333333333333,15.5,26.5,25.4,6.6,1,7,NO_OFFICIAL_WARNING,TEMPORAL_DATE_DISTRICT_CONTEXTUAL_LINK,FARM_POINT_COORDINATES,DAILY_DERIVED_HOURLY,Pulses,Vamban 3,25,Vegetative,Rabi,Loamy Sand,65.0,20.0,15.0,WELL_DRAINED,ESTIMATED,0.2268333333333333,0.273,42.75,LOW_WASH_RISK,LOW,UNLABELLED,UNLABELLED,UNLABELLED,UNLABELLED,UNLABELLED
2025-11-09,1,Thanjavur,10.787,79.1378,24.166666666666668,65.08333333333333,0.9,0.2212499999999999,3.3,9.7,11.8,1.4,1,4,NO_OFFICIAL_WARNING,TEMPORAL_DATE_DISTRICT_CONTEXTUAL_LINK,FARM_POINT_COORDINATES,DAILY_DERIVED_HOURLY,Paddy,CR1009 Sub1,45,Tillering,Samba,Clay Loam,25.0,35.0,40.0,POOR,LAB_VERIFIED,0.2212499999999999,0.234,31.45,LOW_WASH_RISK,LOW,UNLABELLED,UNLABELLED,UNLABELLED,UNLABELLED,UNLABELLED
2025-11-09,2,Cuddalore,11.748,79.7714,24.17083333333333,64.74166666666666,5.7,0.2235833333333333,8.1,13.6,14.6,2.8,1,5,NO_OFFICIAL_WARNING,TEMPORAL_DATE_DISTRICT_CONTEXTUAL_LINK,FARM_POINT_COORDINATES,DAILY_DERIVED_HOURLY,Paddy,ADT 45,80,Flowering,Samba,Clay,15.0,30.0,55.0,POOR,FARMER_VERIFIED,0.2235833333333333,0.242,33.89,LOW_WASH_RISK,MODERATE,UNLABELLED,UNLABELLED,UNLABELLED,UNLABELLED,UNLABELLED
2025-11-09,3,Madurai,9.9252,78.1198,23.820833333333336,65.0625,5.1,0.2270833333333333,12.3,23.0,21.8,4.9,1,5,NO_OFFICIAL_WARNING,TEMPORAL_DATE_DISTRICT_CONTEXTUAL_LINK,FARM_POINT_COORDINATES,DAILY_DERIVED_HOURLY,Maize,Co 6,35,Vegetative,Kharif,Sandy Loam,60.0,25.0,15.0,WELL_DRAINED,ESTIMATED,0.2270833333333333,0.268,39.93,LOW_WASH_RISK,LOW,UNLABELLED,UNLABELLED,UNLABELLED,UNLABELLED,UNLABELLED
2025-11-09,4,Nagapattinam,10.7656,79.8424,23.9875,65.075,6.6,0.2282083333333333,9.8,13.6,11.1,2.4,2,7,NO_OFFICIAL_WARNING,TEMPORAL_DATE_DISTRICT_CONTEXTUAL_LINK,FARM_POINT_COORDINATES,DAILY_DERIVED_HOURLY,Cotton,MCU 5,65,Boll Formation,Kharif,Black Clay,20.0,20.0,60.0,POOR,LAB_VERIFIED,0.2282083333333333,0.276,31.59,LOW_WASH_RISK,MODERATE,UNLABELLED,UNLABELLED,UNLABELLED,UNLABELLED,UNLABELLED
2025-11-09,5,Coimbatore,11.0168,76.9558,23.891666666666666,65.16250000000001,0.3,0.2265,10.0,12.2,11.9,5.4,1,6,NO_OFFICIAL_WARNING,TEMPORAL_DATE_DISTRICT_CONTEXTUAL_LINK,FARM_POINT_COORDINATES,DAILY_DERIVED_HOURLY,Groundnut,TMV 7,50,Pegging,Kharif,Red Sandy,70.0,15.0,15.0,WELL_DRAINED,FARMER_VERIFIED,0.2265,0.244,32.05,LOW_WASH_RISK,LOW,UNLABELLED,UNLABELLED,UNLABELLED,UNLABELLED,UNLABELLED
2025-11-09,6,Tiruchirappalli,10.7905,78.7047,23.945833333333336,64.67916666666666,8.700000000000001,0.22375,9.2,22.9,20.7,3.2,2,5,NO_OFFICIAL_WARNING,TEMPORAL_DATE_DISTRICT_CONTEXTUAL_LINK,FARM_POINT_COORDINATES,DAILY_DERIVED_HOURLY,Banana,Grand Naine,120,Shooting,Annual,Alluvial Loam,35.0,45.0,20.0,MODERATE,LAB_VERIFIED,0.22375,0.269,38.73,LOW_WASH_RISK,MODERATE,UNLABELLED,UNLABELLED,UNLABELLED,UNLABELLED,UNLABELLED
2025-11-09,7,Tirunelveli,8.7139,77.7567,23.975,65.27916666666667,7.1,0.2269166666666666,16.1,19.7,18.4,5.3,1,7,NO_OFFICIAL_WARNING,TEMPORAL_DATE_DISTRICT_CONTEXTUAL_LINK,FARM_POINT_COORDINATES,DAILY_DERIVED_HOURLY,Tomato,PKM 1,30,Vegetative,Rabi,Red Loam,45.0,35.0,20.0,MODERATE,ESTIMATED,0.2269166666666666,0.262,37.23,LOW_WASH_RISK,LOW,UNLABELLED,UNLABELLED,UNLABELLED,UNLABELLED,UNLABELLED
2025-11-09,8,Villupuram,11.9401,79.4861,23.9625,64.875,9.3,0.228875,9.3,11.4,21.5,3.7,2,4,NO_OFFICIAL_WARNING,TEMPORAL_DATE_DISTRICT_CONTEXTUAL_LINK,FARM_POINT_COORDINATES,DAILY_DERIVED_HOURLY,Sugarcane,Co 86032,150,Grand Growth,Annual,Clay Loam,30.0,35.0,35.0,MODERATE,LAB_VERIFIED,0.228875,0.249,39.87,LOW_WASH_RISK,LOW,UNLABELLED,UNLABELLED,UNLABELLED,UNLABELLED,UNLABELLED
2025-11-09,9,Erode,11.341,77.7172,24.02916666666667,64.67916666666666,5.7,0.2344166666666667,8.8,22.0,18.6,3.5,1,4,NO_OFFICIAL_WARNING,TEMPORAL_DATE_DISTRICT_CONTEXTUAL_LINK,FARM_POINT_COORDINATES,DAILY_DERIVED_HOURLY,Chilli,K1,40,Flowering,Rabi,Black Soil,30.0,25.0,45.0,POOR,FARMER_VERIFIED,0.2344166666666667,0.291,38.14,LOW_WASH_RISK,MODERATE,UNLABELLED,UNLABELLED,UNLABELLED,UNLABELLED,UNLABELLED
2025-11-09,10,Tiruvarur,10.7708,79.6373,24.125,65.08749999999999,3.2,0.2265,5.8,18.6,26.5,2.6,2,4,NO_OFFICIAL_WARNING,TEMPORAL_DATE_DISTRICT_CONTEXTUAL_LINK,FARM_POINT_COORDINATES,DAILY_DERIVED_HOURLY,Pulses,Vamban 3,25,Vegetative,Rabi,Loamy Sand,65.0,20.0,15.0,WELL_DRAINED,ESTIMATED,0.2265,0.239,43.58,LOW_WASH_RISK,LOW,UNLABELLED,UNLABELLED,UNLABELLED,UNLABELLED,UNLABELLED
2025-11-10,1,Thanjavur,10.787,79.1378,24.02916666666667,64.68333333333334,6.199999999999999,0.2342083333333333,6.2,7.2,9.7,2.9,2,4,NO_OFFICIAL_WARNING,TEMPORAL_DATE_DISTRICT_CONTEXTUAL_LINK,FARM_POINT_COORDINATES,DAILY_DERIVED_HOURLY,Paddy,CR1009 Sub1,45,Tillering,Samba,Clay Loam,25.0,35.0,40.0,POOR,LAB_VERIFIED,0.2342083333333333,0.278,31.08,LOW_WASH_RISK,LOW,UNLABELLED,UNLABELLED,UNLABELLED,UNLABELLED,UNLABELLED
2025-11-10,2,Cuddalore,11.748,79.7714,24.02916666666667,64.99166666666666,2.6,0.228125,6.4,14.5,13.6,2.7,1,4,NO_OFFICIAL_WARNING,TEMPORAL_DATE_DISTRICT_CONTEXTUAL_LINK,FARM_POINT_COORDINATES,DAILY_DERIVED_HOURLY,Paddy,ADT 45,80,Flowering,Samba,Clay,15.0,30.0,55.0,POOR,FARMER_VERIFIED,0.228125,0.284,33.56,LOW_WASH_RISK,MODERATE,UNLABELLED,UNLABELLED,UNLABELLED,UNLABELLED,UNLABELLED
2025-11-10,3,Madurai,9.9252,78.1198,24.079166666666666,65.02083333333333,2.7,0.2252499999999999,5.7,16.8,23.0,3.3,1,4,NO_OFFICIAL_WARNING,TEMPORAL_DATE_DISTRICT_CONTEXTUAL_LINK,FARM_POINT_COORDINATES,DAILY_DERIVED_HOURLY,Maize,Co 6,35,Vegetative,Kharif,Sandy Loam,60.0,25.0,15.0,WELL_DRAINED,ESTIMATED,0.2252499999999999,0.263,40.69,LOW_WASH_RISK,LOW,UNLABELLED,UNLABELLED,UNLABELLED,UNLABELLED,UNLABELLED
2025-11-10,4,Nagapattinam,10.7656,79.8424,24.008333333333336,65.075,4.9,0.227,9.5,16.2,13.6,3.5,2,5,NO_OFFICIAL_WARNING,TEMPORAL_DATE_DISTRICT_CONTEXTUAL_LINK,FARM_POINT_COORDINATES,DAILY_DERIVED_HOURLY,Cotton,MCU 5,65,Boll Formation,Kharif,Black Clay,20.0,20.0,60.0,POOR,LAB_VERIFIED,0.227,0.243,33.44,LOW_WASH_RISK,MODERATE,UNLABELLED,UNLABELLED,UNLABELLED,UNLABELLED,UNLABELLED
2025-11-10,5,Coimbatore,11.0168,76.9558,23.975,65.10833333333333,12.2,0.2280833333333333,12.2,14.9,12.2,5.0,1,5,NO_OFFICIAL_WARNING,TEMPORAL_DATE_DISTRICT_CONTEXTUAL_LINK,FARM_POINT_COORDINATES,DAILY_DERIVED_HOURLY,Groundnut,TMV 7,50,Pegging,Kharif,Red Sandy,70.0,15.0,15.0,WELL_DRAINED,FARMER_VERIFIED,0.2280833333333333,0.243,32.45,LOW_WASH_RISK,LOW,UNLABELLED,UNLABELLED,UNLABELLED,UNLABELLED,UNLABELLED
2025-11-10,6,Tiruchirappalli,10.7905,78.7047,24.0125,64.75,3.0,0.2266666666666666,10.5,14.9,22.9,3.2,1,5,NO_OFFICIAL_WARNING,TEMPORAL_DATE_DISTRICT_CONTEXTUAL_LINK,FARM_POINT_COORDINATES,DAILY_DERIVED_HOURLY,Banana,Grand Naine,120,Shooting,Annual,Alluvial Loam,35.0,45.0,20.0,MODERATE,LAB_VERIFIED,0.2266666666666666,0.27,40.76,LOW_WASH_RISK,LOW,UNLABELLED,UNLABELLED,UNLABELLED,UNLABELLED,UNLABELLED
2025-11-10,7,Tirunelveli,8.7139,77.7567,24.1625,65.125,2.4000000000000004,0.2260416666666666,7.1,20.4,19.7,2.3,1,5,NO_OFFICIAL_WARNING,TEMPORAL_DATE_DISTRICT_CONTEXTUAL_LINK,FARM_POINT_COORDINATES,DAILY_DERIVED_HOURLY,Tomato,PKM 1,30,Vegetative,Rabi,Red Loam,45.0,35.0,20.0,MODERATE,ESTIMATED,0.2260416666666666,0.248,38.17,LOW_WASH_RISK,MODERATE,UNLABELLED,UNLABELLED,UNLABELLED,UNLABELLED,UNLABELLED
2025-11-10,8,Villupuram,11.9401,79.4861,24.0,65.25416666666666,9.3,0.225625,15.1,18.6,11.4,3.7,2,8,NO_OFFICIAL_WARNING,TEMPORAL_DATE_DISTRICT_CONTEXTUAL_LINK,FARM_POINT_COORDINATES,DAILY_DERIVED_HOURLY,Sugarcane,Co 86032,150,Grand Growth,Annual,Clay Loam,30.0,35.0,35.0,MODERATE,LAB_VERIFIED,0.225625,0.242,31.57,LOW_WASH_RISK,LOW,UNLABELLED,UNLABELLED,UNLABELLED,UNLABELLED,UNLABELLED
2025-11-10,9,Erode,11.341,77.7172,24.075,65.23333333333333,7.9,0.22675,10.1,18.3,22.0,6.0,2,3,NO_OFFICIAL_WARNING,TEMPORAL_DATE_DISTRICT_CONTEXTUAL_LINK,FARM_POINT_COORDINATES,DAILY_DERIVED_HOURLY,Chilli,K1,40,Flowering,Rabi,Black Soil,30.0,25.0,45.0,POOR,FARMER_VERIFIED,0.22675,0.263,40.06,LOW_WASH_RISK,MODERATE,UNLABELLED,UNLABELLED,UNLABELLED,UNLABELLED,UNLABELLED
2025-11-10,10,Tiruvarur,10.7708,79.6373,23.954166666666666,65.20416666666667,8.8,0.2251666666666666,8.8,12.0,18.6,5.2,1,4,NO_OFFICIAL_WARNING,TEMPORAL_DATE_DISTRICT_CONTEXTUAL_LINK,FARM_POINT_COORDINATES,DAILY_DERIVED_HOURLY,Pulses,Vamban 3,25,Vegetative,Rabi,Loamy Sand,65.0,20.0,15.0,WELL_DRAINED,ESTIMATED,0.2251666666666666,0.249,37.21,LOW_WASH_RISK,LOW,UNLABELLED,UNLABELLED,UNLABELLED,UNLABELLED,UNLABELLED
2025-11-11,1,Thanjavur,10.787,79.1378,23.90833333333333,65.325,5.7,0.227625,6.8,11.9,7.2,3.7,1,4,NO_OFFICIAL_WARNING,TEMPORAL_DATE_DISTRICT_CONTEXTUAL_LINK,FARM_POINT_COORDINATES,DAILY_DERIVED_HOURLY,Paddy,CR1009 Sub1,45,Tillering,Samba,Clay Loam,25.0,35.0,40.0,POOR,LAB_VERIFIED,0.227625,0.282,28.45,LOW_WASH_RISK,LOW,UNLABELLED,UNLABELLED,UNLABELLED,UNLABELLED,UNLABELLED
2025-11-11,2,Cuddalore,11.748,79.7714,24.104166666666668,64.90416666666667,7.8,0.227625,7.8,14.2,14.5,2.7,2,4,NO_OFFICIAL_WARNING,TEMPORAL_DATE_DISTRICT_CONTEXTUAL_LINK,FARM_POINT_COORDINATES,DAILY_DERIVED_HOURLY,Paddy,ADT 45,80,Flowering,Samba,Clay,15.0,30.0,55.0,POOR,FARMER_VERIFIED,0.227625,0.242,34.22,LOW_WASH_RISK,MODERATE,UNLABELLED,UNLABELLED,UNLABELLED,UNLABELLED,UNLABELLED
2025-11-11,3,Madurai,9.9252,78.1198,23.85,65.15833333333333,0.6,0.2274583333333333,2.7,7.8,16.8,2.1,1,2,NO_OFFICIAL_WARNING,TEMPORAL_DATE_DISTRICT_CONTEXTUAL_LINK,FARM_POINT_COORDINATES,DAILY_DERIVED_HOURLY,Maize,Co 6,35,Vegetative,Kharif,Sandy Loam,60.0,25.0,15.0,WELL_DRAINED,ESTIMATED,0.2274583333333333,0.259,36.02,LOW_WASH_RISK,LOW,UNLABELLED,UNLABELLED,UNLABELLED,UNLABELLED,UNLABELLED
2025-11-11,4,Nagapattinam,10.7656,79.8424,24.1375,65.175,3.3,0.2263333333333333,3.3,9.6,16.2,1.9,1,4,NO_OFFICIAL_WARNING,TEMPORAL_DATE_DISTRICT_CONTEXTUAL_LINK,FARM_POINT_COORDINATES,DAILY_DERIVED_HOURLY,Cotton,MCU 5,65,Boll Formation,Kharif,Black Clay,20.0,20.0,60.0,POOR,LAB_VERIFIED,0.2263333333333333,0.269,35.43,LOW_WASH_RISK,MODERATE,UNLABELLED,UNLABELLED,UNLABELLED,UNLABELLED,UNLABELLED
2025-11-11,5,Coimbatore,11.0168,76.9558,23.9875,65.0625,1.8,0.2273333333333333,12.2,14.0,14.9,5.0,2,5,NO_OFFICIAL_WARNING,TEMPORAL_DATE_DISTRICT_CONTEXTUAL_LINK,FARM_POINT_COORDINATES,DAILY_DERIVED_HOURLY,Groundnut,TMV 7,50,Pegging,Kharif,Red Sandy,70.0,15.0,15.0,WELL_DRAINED,FARMER_VERIFIED,0.2273333333333333,0.265,34.5,LOW_WASH_RISK,LOW,UNLABELLED,UNLABELLED,UNLABELLED,UNLABELLED,UNLABELLED
2025-11-11,6,Tiruchirappalli,10.7905,78.7047,24.03333333333333,65.1375,1.4,0.2269166666666666,3.0,11.7,14.9,1.6,1,2,NO_OFFICIAL_WARNING,TEMPORAL_DATE_DISTRICT_CONTEXTUAL_LINK,FARM_POINT_COORDINATES,DAILY_DERIVED_HOURLY,Banana,Grand Naine,120,Shooting,Annual,Alluvial Loam,35.0,45.0,20.0,MODERATE,LAB_VERIFIED,0.2269166666666666,0.283,34.46,LOW_WASH_RISK,LOW,UNLABELLED,UNLABELLED,UNLABELLED,UNLABELLED,UNLABELLED
2025-11-11,7,Tirunelveli,8.7139,77.7567,24.1375,65.075,6.5,0.2257083333333333,7.3,12.1,20.4,4.9,1,3,NO_OFFICIAL_WARNING,TEMPORAL_DATE_DISTRICT_CONTEXTUAL_LINK,FARM_POINT_COORDINATES,DAILY_DERIVED_HOURLY,Tomato,PKM 1,30,Vegetative,Rabi,Red Loam,45.0,35.0,20.0,MODERATE,ESTIMATED,0.2257083333333333,0.273,38.69,LOW_WASH_RISK,LOW,UNLABELLED,UNLABELLED,UNLABELLED,UNLABELLED,UNLABELLED
2025-11-11,8,Villupuram,11.9401,79.4861,23.8625,64.875,4.5,0.2299583333333333,9.3,18.9,18.6,4.2,1,6,NO_OFFICIAL_WARNING,TEMPORAL_DATE_DISTRICT_CONTEXTUAL_LINK,FARM_POINT_COORDINATES,DAILY_DERIVED_HOURLY,Sugarcane,Co 86032,150,Grand Growth,Annual,Clay Loam,30.0,35.0,35.0,MODERATE,LAB_VERIFIED,0.2299583333333333,0.263,37.69,LOW_WASH_RISK,LOW,UNLABELLED,UNLABELLED,UNLABELLED,UNLABELLED,UNLABELLED
2025-11-11,9,Erode,11.341,77.7172,24.066666666666663,64.7625,1.4,0.226625,9.0,13.6,18.3,6.0,1,3,NO_OFFICIAL_WARNING,TEMPORAL_DATE_DISTRICT_CONTEXTUAL_LINK,FARM_POINT_COORDINATES,DAILY_DERIVED_HOURLY,Chilli,K1,40,Flowering,Rabi,Black Soil,30.0,25.0,45.0,POOR,FARMER_VERIFIED,0.226625,0.245,37.12,LOW_WASH_RISK,MODERATE,UNLABELLED,UNLABELLED,UNLABELLED,UNLABELLED,UNLABELLED
2025-11-11,10,Tiruvarur,10.7708,79.6373,23.89583333333333,64.99166666666666,2.3,0.2277083333333333,10.5,13.7,12.0,5.2,1,4,NO_OFFICIAL_WARNING,TEMPORAL_DATE_DISTRICT_CONTEXTUAL_LINK,FARM_POINT_COORDINATES,DAILY_DERIVED_HOURLY,Pulses,Vamban 3,25,Vegetative,Rabi,Loamy Sand,65.0,20.0,15.0,WELL_DRAINED,ESTIMATED,0.2277083333333333,0.265,32.25,LOW_WASH_RISK,LOW,UNLABELLED,UNLABELLED,UNLABELLED,UNLABELLED,UNLABELLED
2025-11-12,1,Thanjavur,10.787,79.1378,23.9625,64.82083333333334,5.5,0.2202916666666666,5.7,11.9,11.9,3.7,2,4,NO_OFFICIAL_WARNING,TEMPORAL_DATE_DISTRICT_CONTEXTUAL_LINK,FARM_POINT_COORDINATES,DAILY_DERIVED_HOURLY,Paddy,CR1009 Sub1,45,Tillering,Samba,Clay Loam,25.0,35.0,40.0,POOR,LAB_VERIFIED,0.2202916666666666,0.246,31.43,LOW_WASH_RISK,MODERATE,UNLABELLED,UNLABELLED,UNLABELLED,UNLABELLED,UNLABELLED
2025-11-12,2,Cuddalore,11.748,79.7714,24.02916666666667,65.14999999999999,5.8,0.2261666666666666,8.4,13.6,14.2,3.7,2,5,NO_OFFICIAL_WARNING,TEMPORAL_DATE_DISTRICT_CONTEXTUAL_LINK,FARM_POINT_COORDINATES,DAILY_DERIVED_HOURLY,Paddy,ADT 45,80,Flowering,Samba,Clay,15.0,30.0,55.0,POOR,FARMER_VERIFIED,0.2261666666666666,0.242,33.83,LOW_WASH_RISK,MODERATE,UNLABELLED,UNLABELLED,UNLABELLED,UNLABELLED,UNLABELLED
2025-11-12,3,Madurai,9.9252,78.1198,23.92083333333333,64.77499999999999,5.3,0.23075,5.9,6.6,7.8,2.4,2,4,NO_OFFICIAL_WARNING,TEMPORAL_DATE_DISTRICT_CONTEXTUAL_LINK,FARM_POINT_COORDINATES,DAILY_DERIVED_HOURLY,Maize,Co 6,35,Vegetative,Kharif,Sandy Loam,60.0,25.0,15.0,WELL_DRAINED,ESTIMATED,0.23075,0.267,29.24,LOW_WASH_RISK,LOW,UNLABELLED,UNLABELLED,UNLABELLED,UNLABELLED,UNLABELLED
2025-11-12,4,Nagapattinam,10.7656,79.8424,24.125,65.18333333333334,3.3000000000000003,0.221375,5.2,6.6,9.6,1.9,1,5,NO_OFFICIAL_WARNING,TEMPORAL_DATE_DISTRICT_CONTEXTUAL_LINK,FARM_POINT_COORDINATES,DAILY_DERIVED_HOURLY,Cotton,MCU 5,65,Boll Formation,Kharif,Black Clay,20.0,20.0,60.0,POOR,LAB_VERIFIED,0.221375,0.251,29.72,LOW_WASH_RISK,LOW,UNLABELLED,UNLABELLED,UNLABELLED,UNLABELLED,UNLABELLED
2025-11-12,5,Coimbatore,11.0168,76.9558,24.15416666666667,64.84166666666667,4.5,0.2249166666666666,5.8,14.0,14.0,1.5,2,6,NO_OFFICIAL_WARNING,TEMPORAL_DATE_DISTRICT_CONTEXTUAL_LINK,FARM_POINT_COORDINATES,DAILY_DERIVED_HOURLY,Groundnut,TMV 7,50,Pegging,Kharif,Red Sandy,70.0,15.0,15.0,WELL_DRAINED,FARMER_VERIFIED,0.2249166666666666,0.238,33.55,LOW_WASH_RISK,LOW,UNLABELLED,UNLABELLED,UNLABELLED,UNLABELLED,UNLABELLED
2025-11-12,6,Tiruchirappalli,10.7905,78.7047,23.829166666666666,65.09583333333333,4.1,0.2278333333333333,4.1,5.5,11.7,4.1,1,1,NO_OFFICIAL_WARNING,TEMPORAL_DATE_DISTRICT_CONTEXTUAL_LINK,FARM_POINT_COORDINATES,DAILY_DERIVED_HOURLY,Banana,Grand Naine,120,Shooting,Annual,Alluvial Loam,35.0,45.0,20.0,MODERATE,LAB_VERIFIED,0.2278333333333333,0.277,32.03,LOW_WASH_RISK,LOW,UNLABELLED,UNLABELLED,UNLABELLED,UNLABELLED,UNLABELLED
2025-11-12,7,Tirunelveli,8.7139,77.7567,23.95,64.58749999999999,1.2000000000000002,0.2244583333333333,6.5,8.9,12.1,4.9,1,2,NO_OFFICIAL_WARNING,TEMPORAL_DATE_DISTRICT_CONTEXTUAL_LINK,FARM_POINT_COORDINATES,DAILY_DERIVED_HOURLY,Tomato,PKM 1,30,Vegetative,Rabi,Red Loam,45.0,35.0,20.0,MODERATE,ESTIMATED,0.2244583333333333,0.269,32.0,LOW_WASH_RISK,LOW,UNLABELLED,UNLABELLED,UNLABELLED,UNLABELLED,UNLABELLED
2025-11-12,8,Villupuram,11.9401,79.4861,24.133333333333336,65.12083333333334,3.2,0.2237916666666666,6.6,13.8,18.9,4.2,1,3,NO_OFFICIAL_WARNING,TEMPORAL_DATE_DISTRICT_CONTEXTUAL_LINK,FARM_POINT_COORDINATES,DAILY_DERIVED_HOURLY,Sugarcane,Co 86032,150,Grand Growth,Annual,Clay Loam,30.0,35.0,35.0,MODERATE,LAB_VERIFIED,0.2237916666666666,0.276,37.31,LOW_WASH_RISK,LOW,UNLABELLED,UNLABELLED,UNLABELLED,UNLABELLED,UNLABELLED
2025-11-12,9,Erode,11.341,77.7172,23.96666666666667,65.02499999999999,1.4,0.2282499999999999,1.4,9.4,13.6,1.1,1,2,NO_OFFICIAL_WARNING,TEMPORAL_DATE_DISTRICT_CONTEXTUAL_LINK,FARM_POINT_COORDINATES,DAILY_DERIVED_HOURLY,Chilli,K1,40,Flowering,Rabi,Black Soil,30.0,25.0,45.0,POOR,FARMER_VERIFIED,0.2282499999999999,0.257,33.57,LOW_WASH_RISK,LOW,UNLABELLED,UNLABELLED,UNLABELLED,UNLABELLED,UNLABELLED
2025-11-12,10,Tiruvarur,10.7708,79.6373,23.954166666666666,65.12916666666666,7.3,0.2272916666666666,7.3,17.6,13.7,4.3,1,2,NO_OFFICIAL_WARNING,TEMPORAL_DATE_DISTRICT_CONTEXTUAL_LINK,FARM_POINT_COORDINATES,DAILY_DERIVED_HOURLY,Pulses,Vamban 3,25,Vegetative,Rabi,Loamy Sand,65.0,20.0,15.0,WELL_DRAINED,ESTIMATED,0.2272916666666666,0.263,33.55,LOW_WASH_RISK,LOW,UNLABELLED,UNLABELLED,UNLABELLED,UNLABELLED,UNLABELLED
2025-11-13,1,Thanjavur,10.787,79.1378,24.125,64.91250000000001,2.8,0.2303333333333333,8.2,13.9,11.9,3.2,3,7,NO_OFFICIAL_WARNING,TEMPORAL_DATE_DISTRICT_CONTEXTUAL_LINK,FARM_POINT_COORDINATES,DAILY_DERIVED_HOURLY,Paddy,CR1009 Sub1,45,Tillering,Samba,Clay Loam,25.0,35.0,40.0,POOR,LAB_VERIFIED,0.2303333333333333,0.278,32.43,LOW_WASH_RISK,MODERATE,UNLABELLED,UNLABELLED,UNLABELLED,UNLABELLED,UNLABELLED
2025-11-13,2,Cuddalore,11.748,79.7714,24.129166666666663,64.67083333333333,6.8,0.2246666666666666,9.4,15.9,13.6,3.7,2,7,NO_OFFICIAL_WARNING,TEMPORAL_DATE_DISTRICT_CONTEXTUAL_LINK,FARM_POINT_COORDINATES,DAILY_DERIVED_HOURLY,Paddy,ADT 45,80,Flowering,Samba,Clay,15.0,30.0,55.0,POOR,FARMER_VERIFIED,0.2246666666666666,0.276,33.21,LOW_WASH_RISK,MODERATE,UNLABELLED,UNLABELLED,UNLABELLED,UNLABELLED,UNLABELLED
2025-11-13,3,Madurai,9.9252,78.1198,23.89583333333333,65.1125,4.5,0.2280416666666666,5.3,10.4,6.6,3.2,1,3,NO_OFFICIAL_WARNING,TEMPORAL_DATE_DISTRICT_CONTEXTUAL_LINK,FARM_POINT_COORDINATES,DAILY_DERIVED_HOURLY,Maize,Co 6,35,Vegetative,Kharif,Sandy Loam,60.0,25.0,15.0,WELL_DRAINED,ESTIMATED,0.2280416666666666,0.278,28.02,LOW_WASH_RISK,LOW,UNLABELLED,UNLABELLED,UNLABELLED,UNLABELLED,UNLABELLED
2025-11-13,4,Nagapattinam,10.7656,79.8424,23.98333333333333,64.90833333333333,1.2,0.2273333333333333,3.7,7.6,6.6,1.3,1,3,NO_OFFICIAL_WARNING,TEMPORAL_DATE_DISTRICT_CONTEXTUAL_LINK,FARM_POINT_COORDINATES,DAILY_DERIVED_HOURLY,Cotton,MCU 5,65,Boll Formation,Kharif,Black Clay,20.0,20.0,60.0,POOR,LAB_VERIFIED,0.2273333333333333,0.251,27.95,LOW_WASH_RISK,LOW,UNLABELLED,UNLABELLED,UNLABELLED,UNLABELLED,UNLABELLED
2025-11-13,5,Coimbatore,11.0168,76.9558,24.28333333333333,64.98333333333333,12.3,0.2253333333333333,12.3,17.8,14.0,4.8,2,8,NO_OFFICIAL_WARNING,TEMPORAL_DATE_DISTRICT_CONTEXTUAL_LINK,FARM_POINT_COORDINATES,DAILY_DERIVED_HOURLY,Groundnut,TMV 7,50,Pegging,Kharif,Red Sandy,70.0,15.0,15.0,WELL_DRAINED,FARMER_VERIFIED,0.2253333333333333,0.247,33.59,LOW_WASH_RISK,LOW,UNLABELLED,UNLABELLED,UNLABELLED,UNLABELLED,UNLABELLED
2025-11-13,6,Tiruchirappalli,10.7905,78.7047,23.870833333333334,65.30416666666666,4.0,0.2277916666666666,7.8,9.2,5.5,4.1,1,3,NO_OFFICIAL_WARNING,TEMPORAL_DATE_DISTRICT_CONTEXTUAL_LINK,FARM_POINT_COORDINATES,DAILY_DERIVED_HOURLY,Banana,Grand Naine,120,Shooting,Annual,Alluvial Loam,35.0,45.0,20.0,MODERATE,LAB_VERIFIED,0.2277916666666666,0.244,27.12,LOW_WASH_RISK,LOW,UNLABELLED,UNLABELLED,UNLABELLED,UNLABELLED,UNLABELLED
2025-11-13,7,Tirunelveli,8.7139,77.7567,23.954166666666666,65.17083333333333,2.4,0.2237916666666666,2.4,7.9,8.9,1.6,1,4,NO_OFFICIAL_WARNING,TEMPORAL_DATE_DISTRICT_CONTEXTUAL_LINK,FARM_POINT_COORDINATES,DAILY_DERIVED_HOURLY,Tomato,PKM 1,30,Vegetative,Rabi,Red Loam,45.0,35.0,20.0,MODERATE,ESTIMATED,0.2237916666666666,0.241,29.41,LOW_WASH_RISK,LOW,UNLABELLED,UNLABELLED,UNLABELLED,UNLABELLED,UNLABELLED
2025-11-13,8,Villupuram,11.9401,79.4861,24.0125,65.05416666666666,4.9,0.223875,4.9,10.5,13.8,1.9,2,5,NO_OFFICIAL_WARNING,TEMPORAL_DATE_DISTRICT_CONTEXTUAL_LINK,FARM_POINT_COORDINATES,DAILY_DERIVED_HOURLY,Sugarcane,Co 86032,150,Grand Growth,Annual,Clay Loam,30.0,35.0,35.0,MODERATE,LAB_VERIFIED,0.223875,0.268,33.29,LOW_WASH_RISK,LOW,UNLABELLED,UNLABELLED,UNLABELLED,UNLABELLED,UNLABELLED
2025-11-13,9,Erode,11.341,77.7172,23.945833333333336,64.825,4.4,0.226625,4.4,5.8,9.4,3.7,1,2,NO_OFFICIAL_WARNING,TEMPORAL_DATE_DISTRICT_CONTEXTUAL_LINK,FARM_POINT_COORDINATES,DAILY_DERIVED_HOURLY,Chilli,K1,40,Flowering,Rabi,Black Soil,30.0,25.0,45.0,POOR,FARMER_VERIFIED,0.226625,0.246,30.09,LOW_WASH_RISK,LOW,UNLABELLED,UNLABELLED,UNLABELLED,UNLABELLED,UNLABELLED
2025-11-13,10,Tiruvarur,10.7708,79.6373,24.025,65.25416666666666,9.8,0.2360833333333333,10.5,17.1,17.6,4.3,2,7,NO_OFFICIAL_WARNING,TEMPORAL_DATE_DISTRICT_CONTEXTUAL_LINK,FARM_POINT_COORDINATES,DAILY_DERIVED_HOURLY,Pulses,Vamban 3,25,Vegetative,Rabi,Loamy Sand,65.0,20.0,15.0,WELL_DRAINED,ESTIMATED,0.2360833333333333,0.292,37.51,LOW_WASH_RISK,LOW,UNLABELLED,UNLABELLED,UNLABELLED,UNLABELLED,UNLABELLED
2025-11-14,1,Thanjavur,10.787,79.1378,23.933333333333334,64.61666666666666,2.2,0.223375,2.8,10.2,13.9,1.9,1,2,NO_OFFICIAL_WARNING,TEMPORAL_DATE_DISTRICT_CONTEXTUAL_LINK,FARM_POINT_COORDINATES,DAILY_DERIVED_HOURLY,Paddy,CR1009 Sub1,45,Tillering,Samba,Clay Loam,25.0,35.0,40.0,POOR,LAB_VERIFIED,0.223375,0.257,33.32,LOW_WASH_RISK,MODERATE,UNLABELLED,UNLABELLED,UNLABELLED,UNLABELLED,UNLABELLED
2025-11-14,2,Cuddalore,11.748,79.7714,23.929166666666664,64.70416666666667,6.8,0.2296666666666666,6.8,14.6,15.9,3.9,1,4,NO_OFFICIAL_WARNING,TEMPORAL_DATE_DISTRICT_CONTEXTUAL_LINK,FARM_POINT_COORDINATES,DAILY_DERIVED_HOURLY,Paddy,ADT 45,80,Flowering,Samba,Clay,15.0,30.0,55.0,POOR,FARMER_VERIFIED,0.2296666666666666,0.252,35.53,LOW_WASH_RISK,MODERATE,UNLABELLED,UNLABELLED,UNLABELLED,UNLABELLED,UNLABELLED
2025-11-14,3,Madurai,9.9252,78.1198,23.991666666666664,65.5625,0.2,0.2279166666666666,4.5,9.8,10.4,3.2,1,3,NO_OFFICIAL_WARNING,TEMPORAL_DATE_DISTRICT_CONTEXTUAL_LINK,FARM_POINT_COORDINATES,DAILY_DERIVED_HOURLY,Maize,Co 6,35,Vegetative,Kharif,Sandy Loam,60.0,25.0,15.0,WELL_DRAINED,ESTIMATED,0.2279166666666666,0.284,31.01,LOW_WASH_RISK,LOW,UNLABELLED,UNLABELLED,UNLABELLED,UNLABELLED,UNLABELLED
2025-11-14,4,Nagapattinam,10.7656,79.8424,23.95,65.3625,3.2,0.2222499999999999,3.2,5.6,7.6,1.5,2,3,NO_OFFICIAL_WARNING,TEMPORAL_DATE_DISTRICT_CONTEXTUAL_LINK,FARM_POINT_COORDINATES,DAILY_DERIVED_HOURLY,Cotton,MCU 5,65,Boll Formation,Kharif,Black Clay,20.0,20.0,60.0,POOR,LAB_VERIFIED,0.2222499999999999,0.25,28.23,LOW_WASH_RISK,LOW,UNLABELLED,UNLABELLED,UNLABELLED,UNLABELLED,UNLABELLED
2025-11-14,5,Coimbatore,11.0168,76.9558,24.27916666666667,65.22083333333333,7.6,0.2320416666666666,16.0,20.5,17.8,4.8,2,9,NO_OFFICIAL_WARNING,TEMPORAL_DATE_DISTRICT_CONTEXTUAL_LINK,FARM_POINT_COORDINATES,DAILY_DERIVED_HOURLY,Groundnut,TMV 7,50,Pegging,Kharif,Red Sandy,70.0,15.0,15.0,WELL_DRAINED,FARMER_VERIFIED,0.2320416666666666,0.281,37.27,LOW_WASH_RISK,LOW,UNLABELLED,UNLABELLED,UNLABELLED,UNLABELLED,UNLABELLED
2025-11-14,6,Tiruchirappalli,10.7905,78.7047,24.079166666666666,65.32916666666667,1.1,0.2231666666666666,4.8,9.0,9.2,2.0,1,6,NO_OFFICIAL_WARNING,TEMPORAL_DATE_DISTRICT_CONTEXTUAL_LINK,FARM_POINT_COORDINATES,DAILY_DERIVED_HOURLY,Banana,Grand Naine,120,Shooting,Annual,Alluvial Loam,35.0,45.0,20.0,MODERATE,LAB_VERIFIED,0.2231666666666666,0.262,29.58,LOW_WASH_RISK,LOW,UNLABELLED,UNLABELLED,UNLABELLED,UNLABELLED,UNLABELLED
2025-11-14,7,Tirunelveli,8.7139,77.7567,23.879166666666663,64.62916666666666,13.3,0.225125,15.3,15.7,7.9,13.0,1,4,NO_OFFICIAL_WARNING,TEMPORAL_DATE_DISTRICT_CONTEXTUAL_LINK,FARM_POINT_COORDINATES,DAILY_DERIVED_HOURLY,Tomato,PKM 1,30,Vegetative,Rabi,Red Loam,45.0,35.0,20.0,MODERATE,ESTIMATED,0.225125,0.255,28.75,LOW_WASH_RISK,LOW,UNLABELLED,UNLABELLED,UNLABELLED,UNLABELLED,UNLABELLED
2025-11-14,8,Villupuram,11.9401,79.4861,24.025,65.25,0.2,0.2245,4.9,8.1,10.5,1.5,1,5,NO_OFFICIAL_WARNING,TEMPORAL_DATE_DISTRICT_CONTEXTUAL_LINK,FARM_POINT_COORDINATES,DAILY_DERIVED_HOURLY,Sugarcane,Co 86032,150,Grand Growth,Annual,Clay Loam,30.0,35.0,35.0,MODERATE,LAB_VERIFIED,0.2245,0.248,30.74,LOW_WASH_RISK,LOW,UNLABELLED,UNLABELLED,UNLABELLED,UNLABELLED,UNLABELLED
2025-11-14,9,Erode,11.341,77.7172,24.075,65.1375,6.3,0.2249999999999999,10.7,12.0,5.8,3.8,1,5,NO_OFFICIAL_WARNING,TEMPORAL_DATE_DISTRICT_CONTEXTUAL_LINK,FARM_POINT_COORDINATES,DAILY_DERIVED_HOURLY,Chilli,K1,40,Flowering,Rabi,Black Soil,30.0,25.0,45.0,POOR,FARMER_VERIFIED,0.2249999999999999,0.264,27.08,LOW_WASH_RISK,LOW,UNLABELLED,UNLABELLED,UNLABELLED,UNLABELLED,UNLABELLED
2025-11-14,10,Tiruvarur,10.7708,79.6373,24.03333333333333,64.91250000000001,20.1,0.2330833333333333,21.7,29.9,17.1,11.8,3,9,NO_OFFICIAL_WARNING,TEMPORAL_DATE_DISTRICT_CONTEXTUAL_LINK,FARM_POINT_COORDINATES,DAILY_DERIVED_HOURLY,Pulses,Vamban 3,25,Vegetative,Rabi,Loamy Sand,65.0,20.0,15.0,WELL_DRAINED,ESTIMATED,0.2330833333333333,0.279,36.82,MODERATE_WASH_RISK,LOW,UNLABELLED,UNLABELLED,UNLABELLED,UNLABELLED,UNLABELLED
2025-11-15,1,Thanjavur,10.787,79.1378,24.1,64.95416666666667,8.799999999999999,0.2310416666666666,8.9,11.0,10.2,4.1,2,5,NO_OFFICIAL_WARNING,TEMPORAL_DATE_DISTRICT_CONTEXTUAL_LINK,FARM_POINT_COORDINATES,DAILY_DERIVED_HOURLY,Paddy,CR1009 Sub1,45,Tillering,Samba,Clay Loam,25.0,35.0,40.0,POOR,LAB_VERIFIED,0.2310416666666666,0.264,31.16,LOW_WASH_RISK,MODERATE,UNLABELLED,UNLABELLED,UNLABELLED,UNLABELLED,UNLABELLED
2025-11-15,2,Cuddalore,11.748,79.7714,23.90416666666667,65.07083333333334,2.5,0.2279583333333333,7.2,13.6,14.6,3.9,1,4,NO_OFFICIAL_WARNING,TEMPORAL_DATE_DISTRICT_CONTEXTUAL_LINK,FARM_POINT_COORDINATES,DAILY_DERIVED_HOURLY,Paddy,ADT 45,80,Flowering,Samba,Clay,15.0,30.0,55.0,POOR,FARMER_VERIFIED,0.2279583333333333,0.268,34.33,LOW_WASH_RISK,MODERATE,UNLABELLED,UNLABELLED,UNLABELLED,UNLABELLED,UNLABELLED
2025-11-15,3,Madurai,9.9252,78.1198,24.08333333333333,64.90416666666667,2.3,0.230125,2.5,6.4,9.8,1.2,1,4,NO_OFFICIAL_WARNING,TEMPORAL_DATE_DISTRICT_CONTEXTUAL_LINK,FARM_POINT_COORDINATES,DAILY_DERIVED_HOURLY,Maize,Co 6,35,Vegetative,Kharif,Sandy Loam,60.0,25.0,15.0,WELL_DRAINED,ESTIMATED,0.230125,0.281,30.75,LOW_WASH_RISK,LOW,UNLABELLED,UNLABELLED,UNLABELLED,UNLABELLED,UNLABELLED
2025-11-15,4,Nagapattinam,10.7656,79.8424,24.079166666666666,64.89999999999999,1.3,0.227625,4.1,4.5,5.6,1.5,1,4,NO_OFFICIAL_WARNING,TEMPORAL_DATE_DISTRICT_CONTEXTUAL_LINK,FARM_POINT_COORDINATES,DAILY_DERIVED_HOURLY,Cotton,MCU 5,65,Boll Formation,Kharif,Black Clay,20.0,20.0,60.0,POOR,LAB_VERIFIED,0.227625,0.243,27.19,LOW_WASH_RISK,LOW,UNLABELLED,UNLABELLED,UNLABELLED,UNLABELLED,UNLABELLED
2025-11-15,5,Coimbatore,11.0168,76.9558,24.016666666666666,65.30416666666666,6.8,0.2219166666666666,9.4,19.9,20.5,3.8,1,4,NO_OFFICIAL_WARNING,TEMPORAL_DATE_DISTRICT_CONTEXTUAL_LINK,FARM_POINT_COORDINATES,DAILY_DERIVED_HOURLY,Groundnut,TMV 7,50,Pegging,Kharif,Red Sandy,70.0,15.0,15.0,WELL_DRAINED,FARMER_VERIFIED,0.2219166666666666,0.238,38.39,LOW_WASH_RISK,LOW,UNLABELLED,UNLABELLED,UNLABELLED,UNLABELLED,UNLABELLED
2025-11-15,6,Tiruchirappalli,10.7905,78.7047,23.829166666666666,64.69166666666666,2.7,0.229375,2.7,5.1,9.0,1.9,1,4,NO_OFFICIAL_WARNING,TEMPORAL_DATE_DISTRICT_CONTEXTUAL_LINK,FARM_POINT_COORDINATES,DAILY_DERIVED_HOURLY,Banana,Grand Naine,120,Shooting,Annual,Alluvial Loam,35.0,45.0,20.0,MODERATE,LAB_VERIFIED,0.229375,0.247,30.05,LOW_WASH_RISK,LOW,UNLABELLED,UNLABELLED,UNLABELLED,UNLABELLED,UNLABELLED
2025-11-15,7,Tirunelveli,8.7139,77.7567,23.954166666666666,64.82083333333334,0.7999999999999999,0.2274166666666666,13.3,15.7,15.7,13.0,1,2,NO_OFFICIAL_WARNING,TEMPORAL_DATE_DISTRICT_CONTEXTUAL_LINK,FARM_POINT_COORDINATES,DAILY_DERIVED_HOURLY,Tomato,PKM 1,30,Vegetative,Rabi,Red Loam,45.0,35.0,20.0,MODERATE,ESTIMATED,0.2274166666666666,0.253,35.14,LOW_WASH_RISK,LOW,UNLABELLED,UNLABELLED,UNLABELLED,UNLABELLED,UNLABELLED
2025-11-15,8,Villupuram,11.9401,79.4861,23.829166666666666,64.90833333333333,3.9,0.2295833333333333,4.1,7.5,8.1,3.9,1,2,NO_OFFICIAL_WARNING,TEMPORAL_DATE_DISTRICT_CONTEXTUAL_LINK,FARM_POINT_COORDINATES,DAILY_DERIVED_HOURLY,Sugarcane,Co 86032,150,Grand Growth,Annual,Clay Loam,30.0,35.0,35.0,MODERATE,LAB_VERIFIED,0.2295833333333333,0.279,29.36,LOW_WASH_RISK,LOW,UNLABELLED,UNLABELLED,UNLABELLED,UNLABELLED,UNLABELLED
2025-11-15,9,Erode,11.341,77.7172,23.929166666666664,64.6125,17.2,0.2300416666666666,17.2,23.5,12.0,5.0,2,7,NO_OFFICIAL_WARNING,TEMPORAL_DATE_DISTRICT_CONTEXTUAL_LINK,FARM_POINT_COORDINATES,DAILY_DERIVED_HOURLY,Chilli,K1,40,Flowering,Rabi,Black Soil,30.0,25.0,45.0,POOR,FARMER_VERIFIED,0.2300416666666666,0.242,32.48,LOW_WASH_RISK,MODERATE,UNLABELLED,UNLABELLED,UNLABELLED,UNLABELLED,UNLABELLED
2025-11-15,10,Tiruvarur,10.7708,79.6373,24.09583333333333,65.26666666666667,1.6,0.2285,20.1,29.9,29.9,11.8,1,8,NO_OFFICIAL_WARNING,TEMPORAL_DATE_DISTRICT_CONTEXTUAL_LINK,FARM_POINT_COORDINATES,DAILY_DERIVED_HOURLY,Pulses,Vamban 3,25,Vegetative,Rabi,Loamy Sand,65.0,20.0,15.0,WELL_DRAINED,ESTIMATED,0.2285,0.282,46.47,MODERATE_WASH_RISK,LOW,UNLABELLED,UNLABELLED,UNLABELLED,UNLABELLED,UNLABELLED
2025-11-16,1,Thanjavur,10.787,79.1378,23.83333333333333,64.74166666666666,1.2,0.2265833333333333,8.8,11.7,11.0,4.1,1,5,NO_OFFICIAL_WARNING,TEMPORAL_DATE_DISTRICT_CONTEXTUAL_LINK,FARM_POINT_COORDINATES,DAILY_DERIVED_HOURLY,Paddy,CR1009 Sub1,45,Tillering,Samba,Clay Loam,25.0,35.0,40.0,POOR,LAB_VERIFIED,0.2265833333333333,0.278,31.35,LOW_WASH_RISK,MODERATE,UNLABELLED,UNLABELLED,UNLABELLED,UNLABELLED,UNLABELLED
2025-11-16,2,Cuddalore,11.748,79.7714,23.95,65.00416666666668,1.2,0.2235416666666666,3.7,10.5,13.6,2.1,1,3,NO_OFFICIAL_WARNING,TEMPORAL_DATE_DISTRICT_CONTEXTUAL_LINK,FARM_POINT_COORDINATES,DAILY_DERIVED_HOURLY,Paddy,ADT 45,80,Flowering,Samba,Clay,15.0,30.0,55.0,POOR,FARMER_VERIFIED,0.2235416666666666,0.268,33.1,LOW_WASH_RISK,MODERATE,UNLABELLED,UNLABELLED,UNLABELLED,UNLABELLED,UNLABELLED
2025-11-16,3,Madurai,9.9252,78.1198,24.03333333333333,65.04166666666667,3.1,0.228,3.1,5.4,6.4,1.4,2,4,NO_OFFICIAL_WARNING,TEMPORAL_DATE_DISTRICT_CONTEXTUAL_LINK,FARM_POINT_COORDINATES,DAILY_DERIVED_HOURLY,Maize,Co 6,35,Vegetative,Kharif,Sandy Loam,60.0,25.0,15.0,WELL_DRAINED,ESTIMATED,0.228,0.28,27.86,LOW_WASH_RISK,LOW,UNLABELLED,UNLABELLED,UNLABELLED,UNLABELLED,UNLABELLED
2025-11-16,4,Nagapattinam,10.7656,79.8424,23.933333333333334,65.14166666666667,7.0,0.2213333333333333,7.0,8.3,4.5,3.6,2,4,NO_OFFICIAL_WARNING,TEMPORAL_DATE_DISTRICT_CONTEXTUAL_LINK,FARM_POINT_COORDINATES,DAILY_DERIVED_HOURLY,Cotton,MCU 5,65,Boll Formation,Kharif,Black Clay,20.0,20.0,60.0,POOR,LAB_VERIFIED,0.2213333333333333,0.241,25.69,LOW_WASH_RISK,LOW,UNLABELLED,UNLABELLED,UNLABELLED,UNLABELLED,UNLABELLED
2025-11-16,5,Coimbatore,11.0168,76.9558,23.883333333333336,65.175,12.1,0.2287916666666666,18.9,21.5,19.9,4.9,1,6,NO_OFFICIAL_WARNING,TEMPORAL_DATE_DISTRICT_CONTEXTUAL_LINK,FARM_POINT_COORDINATES,DAILY_DERIVED_HOURLY,Groundnut,TMV 7,50,Pegging,Kharif,Red Sandy,70.0,15.0,15.0,WELL_DRAINED,FARMER_VERIFIED,0.2287916666666666,0.284,38.6,LOW_WASH_RISK,LOW,UNLABELLED,UNLABELLED,UNLABELLED,UNLABELLED,UNLABELLED
2025-11-16,6,Tiruchirappalli,10.7905,78.7047,23.870833333333334,65.04166666666667,0.0,0.2215416666666666,2.7,3.8,5.1,1.9,0,2,NO_OFFICIAL_WARNING,TEMPORAL_DATE_DISTRICT_CONTEXTUAL_LINK,FARM_POINT_COORDINATES,DAILY_DERIVED_HOURLY,Banana,Grand Naine,120,Shooting,Annual,Alluvial Loam,35.0,45.0,20.0,MODERATE,LAB_VERIFIED,0.2215416666666666,0.258,26.18,LOW_WASH_RISK,LOW,UNLABELLED,UNLABELLED,UNLABELLED,UNLABELLED,UNLABELLED
2025-11-16,7,Tirunelveli,8.7139,77.7567,23.891666666666666,65.00833333333334,0.4,0.223375,1.2,14.5,15.7,0.7,1,2,NO_OFFICIAL_WARNING,TEMPORAL_DATE_DISTRICT_CONTEXTUAL_LINK,FARM_POINT_COORDINATES,DAILY_DERIVED_HOURLY,Tomato,PKM 1,30,Vegetative,Rabi,Red Loam,45.0,35.0,20.0,MODERATE,ESTIMATED,0.223375,0.266,34.74,LOW_WASH_RISK,LOW,UNLABELLED,UNLABELLED,UNLABELLED,UNLABELLED,UNLABELLED
2025-11-16,8,Villupuram,11.9401,79.4861,24.141666666666666,64.83333333333333,0.5,0.2235,3.9,4.4,7.5,3.9,1,2,NO_OFFICIAL_WARNING,TEMPORAL_DATE_DISTRICT_CONTEXTUAL_LINK,FARM_POINT_COORDINATES,DAILY_DERIVED_HOURLY,Sugarcane,Co 86032,150,Grand Growth,Annual,Clay Loam,30.0,35.0,35.0,MODERATE,LAB_VERIFIED,0.2235,0.273,28.28,LOW_WASH_RISK,LOW,UNLABELLED,UNLABELLED,UNLABELLED,UNLABELLED,UNLABELLED
2025-11-16,9,Erode,11.341,77.7172,23.9125,65.0625,0.0,0.2202083333333333,17.2,23.5,23.5,5.0,0,7,NO_OFFICIAL_WARNING,TEMPORAL_DATE_DISTRICT_CONTEXTUAL_LINK,FARM_POINT_COORDINATES,DAILY_DERIVED_HOURLY,Chilli,K1,40,Flowering,Rabi,Black Soil,30.0,25.0,45.0,POOR,FARMER_VERIFIED,0.2202083333333333,0.268,40.59,LOW_WASH_RISK,MODERATE,UNLABELLED,UNLABELLED,UNLABELLED,UNLABELLED,UNLABELLED
2025-11-16,10,Tiruvarur,10.7708,79.6373,23.84166666666667,64.72500000000001,2.9000000000000004,0.2259166666666666,4.2,21.7,29.9,1.2,1,5,NO_OFFICIAL_WARNING,TEMPORAL_DATE_DISTRICT_CONTEXTUAL_LINK,FARM_POINT_COORDINATES,DAILY_DERIVED_HOURLY,Pulses,Vamban 3,25,Vegetative,Rabi,Loamy Sand,65.0,20.0,15.0,WELL_DRAINED,ESTIMATED,0.2259166666666666,0.258,46.21,LOW_WASH_RISK,LOW,UNLABELLED,UNLABELLED,UNLABELLED,UNLABELLED,UNLABELLED
2025-11-17,1,Thanjavur,10.787,79.1378,23.995833333333334,64.96666666666667,0.4,0.224875,1.5,10.3,11.7,0.7,1,3,NO_OFFICIAL_WARNING,TEMPORAL_DATE_DISTRICT_CONTEXTUAL_LINK,FARM_POINT_COORDINATES,DAILY_DERIVED_HOURLY,Paddy,CR1009 Sub1,45,Tillering,Samba,Clay Loam,25.0,35.0,40.0,POOR,LAB_VERIFIED,0.224875,0.254,31.73,LOW_WASH_RISK,LOW,UNLABELLED,UNLABELLED,UNLABELLED,UNLABELLED,UNLABELLED
2025-11-17,2,Cuddalore,11.748,79.7714,23.92083333333333,65.25,0.3,0.2242916666666666,1.2,3.7,10.5,1.2,1,1,NO_OFFICIAL_WARNING,TEMPORAL_DATE_DISTRICT_CONTEXTUAL_LINK,FARM_POINT_COORDINATES,DAILY_DERIVED_HOURLY,Paddy,ADT 45,80,Flowering,Samba,Clay,15.0,30.0,55.0,POOR,FARMER_VERIFIED,0.2242916666666666,0.236,30.72,LOW_WASH_RISK,LOW,UNLABELLED,UNLABELLED,UNLABELLED,UNLABELLED,UNLABELLED
2025-11-17,3,Madurai,9.9252,78.1198,24.17083333333333,65.01666666666667,7.899999999999999,0.2290416666666666,9.7,11.0,5.4,3.4,3,8,NO_OFFICIAL_WARNING,TEMPORAL_DATE_DISTRICT_CONTEXTUAL_LINK,FARM_POINT_COORDINATES,DAILY_DERIVED_HOURLY,Maize,Co 6,35,Vegetative,Kharif,Sandy Loam,60.0,25.0,15.0,WELL_DRAINED,ESTIMATED,0.2290416666666666,0.272,27.17,LOW_WASH_RISK,LOW,UNLABELLED,UNLABELLED,UNLABELLED,UNLABELLED,UNLABELLED
2025-11-17,4,Nagapattinam,10.7656,79.8424,23.95833333333333,64.75,0.8,0.2244166666666666,7.0,8.3,8.3,3.6,1,4,NO_OFFICIAL_WARNING,TEMPORAL_DATE_DISTRICT_CONTEXTUAL_LINK,FARM_POINT_COORDINATES,DAILY_DERIVED_HOURLY,Cotton,MCU 5,65,Boll Formation,Kharif,Black Clay,20.0,20.0,60.0,POOR,LAB_VERIFIED,0.2244166666666666,0.247,29.0,LOW_WASH_RISK,LOW,UNLABELLED,UNLABELLED,UNLABELLED,UNLABELLED,UNLABELLED
2025-11-17,5,Coimbatore,11.0168,76.9558,23.979166666666668,65.18333333333334,3.5,0.222375,12.1,20.1,21.5,4.9,2,4,NO_OFFICIAL_WARNING,TEMPORAL_DATE_DISTRICT_CONTEXTUAL_LINK,FARM_POINT_COORDINATES,DAILY_DERIVED_HOURLY,Groundnut,TMV 7,50,Pegging,Kharif,Red Sandy,70.0,15.0,15.0,WELL_DRAINED,FARMER_VERIFIED,0.222375,0.276,39.22,LOW_WASH_RISK,LOW,UNLABELLED,UNLABELLED,UNLABELLED,UNLABELLED,UNLABELLED
2025-11-17,6,Tiruchirappalli,10.7905,78.7047,24.120833333333334,65.12083333333334,8.8,0.228375,8.8,9.6,3.8,4.0,1,4,NO_OFFICIAL_WARNING,TEMPORAL_DATE_DISTRICT_CONTEXTUAL_LINK,FARM_POINT_COORDINATES,DAILY_DERIVED_HOURLY,Banana,Grand Naine,120,Shooting,Annual,Alluvial Loam,35.0,45.0,20.0,MODERATE,LAB_VERIFIED,0.228375,0.244,25.84,LOW_WASH_RISK,LOW,UNLABELLED,UNLABELLED,UNLABELLED,UNLABELLED,UNLABELLED
2025-11-17,7,Tirunelveli,8.7139,77.7567,23.991666666666664,65.30416666666666,8.399999999999999,0.2288333333333333,8.4,8.8,14.5,4.6,1,2,NO_OFFICIAL_WARNING,TEMPORAL_DATE_DISTRICT_CONTEXTUAL_LINK,FARM_POINT_COORDINATES,DAILY_DERIVED_HOURLY,Tomato,PKM 1,30,Vegetative,Rabi,Red Loam,45.0,35.0,20.0,MODERATE,ESTIMATED,0.2288333333333333,0.278,34.34,LOW_WASH_RISK,LOW,UNLABELLED,UNLABELLED,UNLABELLED,UNLABELLED,UNLABELLED
2025-11-17,8,Villupuram,11.9401,79.4861,23.883333333333336,65.12083333333334,0.3,0.2234166666666666,0.6,4.4,4.4,0.3,1,2,NO_OFFICIAL_WARNING,TEMPORAL_DATE_DISTRICT_CONTEXTUAL_LINK,FARM_POINT_COORDINATES,DAILY_DERIVED_HOURLY,Sugarcane,Co 86032,150,Grand Growth,Annual,Clay Loam,30.0,35.0,35.0,MODERATE,LAB_VERIFIED,0.2234166666666666,0.249,25.82,LOW_WASH_RISK,LOW,UNLABELLED,UNLABELLED,UNLABELLED,UNLABELLED,UNLABELLED
2025-11-17,9,Erode,11.341,77.7172,23.9125,64.47083333333333,0.4,0.2174583333333333,0.4,17.2,23.5,0.4,1,1,NO_OFFICIAL_WARNING,TEMPORAL_DATE_DISTRICT_CONTEXTUAL_LINK,FARM_POINT_COORDINATES,DAILY_DERIVED_HOURLY,Chilli,K1,40,Flowering,Rabi,Black Soil,30.0,25.0,45.0,POOR,FARMER_VERIFIED,0.2174583333333333,0.245,40.31,LOW_WASH_RISK,MODERATE,UNLABELLED,UNLABELLED,UNLABELLED,UNLABELLED,UNLABELLED
2025-11-17,10,Tiruvarur,10.7708,79.6373,23.9375,64.96249999999999,16.3,0.232,16.3,19.2,21.7,6.5,3,6,NO_OFFICIAL_WARNING,TEMPORAL_DATE_DISTRICT_CONTEXTUAL_LINK,FARM_POINT_COORDINATES,DAILY_DERIVED_HOURLY,Pulses,Vamban 3,25,Vegetative,Rabi,Loamy Sand,65.0,20.0,15.0,WELL_DRAINED,ESTIMATED,0.232,0.289,40.34,LOW_WASH_RISK,LOW,UNLABELLED,UNLABELLED,UNLABELLED,UNLABELLED,UNLABELLED
2025-11-18,1,Thanjavur,10.787,79.1378,23.97083333333333,65.00416666666666,9.6,0.2297083333333333,9.6,10.0,10.3,3.9,1,5,NO_OFFICIAL_WARNING,TEMPORAL_DATE_DISTRICT_CONTEXTUAL_LINK,FARM_POINT_COORDINATES,DAILY_DERIVED_HOURLY,Paddy,CR1009 Sub1,45,Tillering,Samba,Clay Loam,25.0,35.0,40.0,POOR,LAB_VERIFIED,0.2297083333333333,0.246,31.11,LOW_WASH_RISK,LOW,UNLABELLED,UNLABELLED,UNLABELLED,UNLABELLED,UNLABELLED
2025-11-18,2,Cuddalore,11.748,79.7714,24.09166666666667,64.81666666666666,5.2,0.2243333333333333,5.2,5.5,3.7,3.6,2,3,NO_OFFICIAL_WARNING,TEMPORAL_DATE_DISTRICT_CONTEXTUAL_LINK,FARM_POINT_COORDINATES,DAILY_DERIVED_HOURLY,Paddy,ADT 45,80,Flowering,Samba,Clay,15.0,30.0,55.0,POOR,FARMER_VERIFIED,0.2243333333333333,0.252,25.36,LOW_WASH_RISK,LOW,UNLABELLED,UNLABELLED,UNLABELLED,UNLABELLED,UNLABELLED
2025-11-18,3,Madurai,9.9252,78.1198,23.95833333333333,64.73333333333333,8.7,0.2242916666666666,13.2,18.4,11.0,5.3,1,7,NO_OFFICIAL_WARNING,TEMPORAL_DATE_DISTRICT_CONTEXTUAL_LINK,FARM_POINT_COORDINATES,DAILY_DERIVED_HOURLY,Maize,Co 6,35,Vegetative,Kharif,Sandy Loam,60.0,25.0,15.0,WELL_DRAINED,ESTIMATED,0.2242916666666666,0.237,31.12,LOW_WASH_RISK,LOW,UNLABELLED,UNLABELLED,UNLABELLED,UNLABELLED,UNLABELLED
2025-11-18,4,Nagapattinam,10.7656,79.8424,23.875,64.6375,4.7,0.2269999999999999,5.5,11.7,8.3,4.0,1,3,NO_OFFICIAL_WARNING,TEMPORAL_DATE_DISTRICT_CONTEXTUAL_LINK,FARM_POINT_COORDINATES,DAILY_DERIVED_HOURLY,Cotton,MCU 5,65,Boll Formation,Kharif,Black Clay,20.0,20.0,60.0,POOR,LAB_VERIFIED,0.2269999999999999,0.247,29.26,LOW_WASH_RISK,MODERATE,UNLABELLED,UNLABELLED,UNLABELLED,UNLABELLED,UNLABELLED
2025-11-18,5,Coimbatore,11.0168,76.9558,24.0875,64.95,5.9,0.2226666666666666,5.9,15.6,20.1,1.9,2,5,NO_OFFICIAL_WARNING,TEMPORAL_DATE_DISTRICT_CONTEXTUAL_LINK,FARM_POINT_COORDINATES,DAILY_DERIVED_HOURLY,Groundnut,TMV 7,50,Pegging,Kharif,Red Sandy,70.0,15.0,15.0,WELL_DRAINED,FARMER_VERIFIED,0.2226666666666666,0.271,38.15,LOW_WASH_RISK,LOW,UNLABELLED,UNLABELLED,UNLABELLED,UNLABELLED,UNLABELLED
2025-11-18,6,Tiruchirappalli,10.7905,78.7047,24.02083333333333,64.88333333333334,0.0,0.22375,8.8,8.8,9.6,4.0,0,4,NO_OFFICIAL_WARNING,TEMPORAL_DATE_DISTRICT_CONTEXTUAL_LINK,FARM_POINT_COORDINATES,DAILY_DERIVED_HOURLY,Banana,Grand Naine,120,Shooting,Annual,Alluvial Loam,35.0,45.0,20.0,MODERATE,LAB_VERIFIED,0.22375,0.254,29.96,LOW_WASH_RISK,LOW,UNLABELLED,UNLABELLED,UNLABELLED,UNLABELLED,UNLABELLED
2025-11-18,7,Tirunelveli,8.7139,77.7567,24.15833333333333,64.82916666666667,1.3,0.2262083333333333,9.3,9.7,8.8,4.6,1,3,NO_OFFICIAL_WARNING,TEMPORAL_DATE_DISTRICT_CONTEXTUAL_LINK,FARM_POINT_COORDINATES,DAILY_DERIVED_HOURLY,Tomato,PKM 1,30,Vegetative,Rabi,Red Loam,45.0,35.0,20.0,MODERATE,ESTIMATED,0.2262083333333333,0.27,29.57,LOW_WASH_RISK,LOW,UNLABELLED,UNLABELLED,UNLABELLED,UNLABELLED,UNLABELLED
2025-11-18,8,Villupuram,11.9401,79.4861,23.97083333333333,65.175,4.8,0.2258333333333333,4.8,5.4,4.4,2.4,1,3,NO_OFFICIAL_WARNING,TEMPORAL_DATE_DISTRICT_CONTEXTUAL_LINK,FARM_POINT_COORDINATES,DAILY_DERIVED_HOURLY,Sugarcane,Co 86032,150,Grand Growth,Annual,Clay Loam,30.0,35.0,35.0,MODERATE,LAB_VERIFIED,0.2258333333333333,0.242,26.06,LOW_WASH_RISK,LOW,UNLABELLED,UNLABELLED,UNLABELLED,UNLABELLED,UNLABELLED
2025-11-18,9,Erode,11.341,77.7172,24.058333333333334,64.99166666666666,0.5,0.2274583333333333,0.9,0.9,17.2,0.5,1,2,NO_OFFICIAL_WARNING,TEMPORAL_DATE_DISTRICT_CONTEXTUAL_LINK,FARM_POINT_COORDINATES,DAILY_DERIVED_HOURLY,Chilli,K1,40,Flowering,Rabi,Black Soil,30.0,25.0,45.0,POOR,FARMER_VERIFIED,0.2274583333333333,0.245,36.33,LOW_WASH_RISK,LOW,UNLABELLED,UNLABELLED,UNLABELLED,UNLABELLED,UNLABELLED
2025-11-18,10,Tiruvarur,10.7708,79.6373,24.0375,65.17083333333333,2.9,0.2272916666666666,16.3,21.0,19.2,6.5,2,8,NO_OFFICIAL_WARNING,TEMPORAL_DATE_DISTRICT_CONTEXTUAL_LINK,FARM_POINT_COORDINATES,DAILY_DERIVED_HOURLY,Pulses,Vamban 3,25,Vegetative,Rabi,Loamy Sand,65.0,20.0,15.0,WELL_DRAINED,ESTIMATED,0.2272916666666666,0.248,37.9,LOW_WASH_RISK,LOW,UNLABELLED,UNLABELLED,UNLABELLED,UNLABELLED,UNLABELLED
2025-11-19,1,Thanjavur,10.787,79.1378,24.0625,65.20416666666667,8.1,0.2259583333333333,9.9,17.7,10.0,3.9,2,8,NO_OFFICIAL_WARNING,TEMPORAL_DATE_DISTRICT_CONTEXTUAL_LINK,FARM_POINT_COORDINATES,DAILY_DERIVED_HOURLY,Paddy,CR1009 Sub1,45,Tillering,Samba,Clay Loam,25.0,35.0,40.0,POOR,LAB_VERIFIED,0.2259583333333333,0.266,30.5,LOW_WASH_RISK,MODERATE,UNLABELLED,UNLABELLED,UNLABELLED,UNLABELLED,UNLABELLED
2025-11-19,2,Cuddalore,11.748,79.7714,23.883333333333336,65.02916666666667,0.4,0.226,5.2,5.6,5.5,3.6,1,3,NO_OFFICIAL_WARNING,TEMPORAL_DATE_DISTRICT_CONTEXTUAL_LINK,FARM_POINT_COORDINATES,DAILY_DERIVED_HOURLY,Paddy,ADT 45,80,Flowering,Samba,Clay,15.0,30.0,55.0,POOR,FARMER_VERIFIED,0.226,0.279,26.94,LOW_WASH_RISK,LOW,UNLABELLED,UNLABELLED,UNLABELLED,UNLABELLED,UNLABELLED
2025-11-19,3,Madurai,9.9252,78.1198,24.0,64.75833333333334,7.8,0.235,8.7,17.7,18.4,5.3,2,4,NO_OFFICIAL_WARNING,TEMPORAL_DATE_DISTRICT_CONTEXTUAL_LINK,FARM_POINT_COORDINATES,DAILY_DERIVED_HOURLY,Maize,Co 6,35,Vegetative,Kharif,Sandy Loam,60.0,25.0,15.0,WELL_DRAINED,ESTIMATED,0.235,0.273,38.04,LOW_WASH_RISK,LOW,UNLABELLED,UNLABELLED,UNLABELLED,UNLABELLED,UNLABELLED
2025-11-19,4,Nagapattinam,10.7656,79.8424,24.079166666666666,64.76666666666667,3.4,0.226625,5.0,8.9,11.7,4.0,1,3,NO_OFFICIAL_WARNING,TEMPORAL_DATE_DISTRICT_CONTEXTUAL_LINK,FARM_POINT_COORDINATES,DAILY_DERIVED_HOURLY,Cotton,MCU 5,65,Boll Formation,Kharif,Black Clay,20.0,20.0,60.0,POOR,LAB_VERIFIED,0.226625,0.239,31.91,LOW_WASH_RISK,LOW,UNLABELLED,UNLABELLED,UNLABELLED,UNLABELLED,UNLABELLED
2025-11-19,5,Coimbatore,11.0168,76.9558,24.133333333333336,65.05,5.6000000000000005,0.224875,11.3,15.0,15.6,5.4,1,5,NO_OFFICIAL_WARNING,TEMPORAL_DATE_DISTRICT_CONTEXTUAL_LINK,FARM_POINT_COORDINATES,DAILY_DERIVED_HOURLY,Groundnut,TMV 7,50,Pegging,Kharif,Red Sandy,70.0,15.0,15.0,WELL_DRAINED,FARMER_VERIFIED,0.224875,0.269,34.81,LOW_WASH_RISK,LOW,UNLABELLED,UNLABELLED,UNLABELLED,UNLABELLED,UNLABELLED
2025-11-19,6,Tiruchirappalli,10.7905,78.7047,24.041666666666668,65.24166666666666,3.6,0.2212083333333333,3.6,8.8,8.8,2.3,1,3,NO_OFFICIAL_WARNING,TEMPORAL_DATE_DISTRICT_CONTEXTUAL_LINK,FARM_POINT_COORDINATES,DAILY_DERIVED_HOURLY,Banana,Grand Naine,120,Shooting,Annual,Alluvial Loam,35.0,45.0,20.0,MODERATE,LAB_VERIFIED,0.2212083333333333,0.265,29.07,LOW_WASH_RISK,LOW,UNLABELLED,UNLABELLED,UNLABELLED,UNLABELLED,UNLABELLED
2025-11-19,7,Tirunelveli,8.7139,77.7567,23.883333333333336,65.175,2.9000000000000004,0.2279583333333333,2.9,10.6,9.7,1.3,1,4,NO_OFFICIAL_WARNING,TEMPORAL_DATE_DISTRICT_CONTEXTUAL_LINK,FARM_POINT_COORDINATES,DAILY_DERIVED_HOURLY,Tomato,PKM 1,30,Vegetative,Rabi,Red Loam,45.0,35.0,20.0,MODERATE,ESTIMATED,0.2279583333333333,0.277,30.46,LOW_WASH_RISK,LOW,UNLABELLED,UNLABELLED,UNLABELLED,UNLABELLED,UNLABELLED
2025-11-19,8,Villupuram,11.9401,79.4861,24.2,65.30833333333334,6.8,0.2258333333333333,8.1,11.6,5.4,4.1,2,4,NO_OFFICIAL_WARNING,TEMPORAL_DATE_DISTRICT_CONTEXTUAL_LINK,FARM_POINT_COORDINATES,DAILY_DERIVED_HOURLY,Sugarcane,Co 86032,150,Grand Growth,Annual,Clay Loam,30.0,35.0,35.0,MODERATE,LAB_VERIFIED,0.2258333333333333,0.239,26.85,LOW_WASH_RISK,LOW,UNLABELLED,UNLABELLED,UNLABELLED,UNLABELLED,UNLABELLED
2025-11-19,9,Erode,11.341,77.7172,23.979166666666668,64.92083333333333,8.200000000000001,0.2277083333333333,8.2,8.7,0.9,2.9,2,6,NO_OFFICIAL_WARNING,TEMPORAL_DATE_DISTRICT_CONTEXTUAL_LINK,FARM_POINT_COORDINATES,DAILY_DERIVED_HOURLY,Chilli,K1,40,Flowering,Rabi,Black Soil,30.0,25.0,45.0,POOR,FARMER_VERIFIED,0.2277083333333333,0.252,23.48,LOW_WASH_RISK,LOW,UNLABELLED,UNLABELLED,UNLABELLED,UNLABELLED,UNLABELLED
2025-11-19,10,Tiruvarur,10.7708,79.6373,24.0375,64.77499999999999,4.7,0.2235416666666666,5.8,22.1,21.0,2.9,1,4,NO_OFFICIAL_WARNING,TEMPORAL_DATE_DISTRICT_CONTEXTUAL_LINK,FARM_POINT_COORDINATES,DAILY_DERIVED_HOURLY,Pulses,Vamban 3,25,Vegetative,Rabi,Loamy Sand,65.0,20.0,15.0,WELL_DRAINED,ESTIMATED,0.2235416666666666,0.26,38.94,LOW_WASH_RISK,LOW,UNLABELLED,UNLABELLED,UNLABELLED,UNLABELLED,UNLABELLED
2025-11-20,1,Thanjavur,10.787,79.1378,24.1625,64.79583333333333,6.4,0.2330416666666666,10.1,19.0,17.7,2.3,2,7,NO_OFFICIAL_WARNING,TEMPORAL_DATE_DISTRICT_CONTEXTUAL_LINK,FARM_POINT_COORDINATES,DAILY_DERIVED_HOURLY,Paddy,CR1009 Sub1,45,Tillering,Samba,Clay Loam,25.0,35.0,40.0,POOR,LAB_VERIFIED,0.2330416666666666,0.25,37.29,LOW_WASH_RISK,MODERATE,UNLABELLED,UNLABELLED,UNLABELLED,UNLABELLED,UNLABELLED
2025-11-20,2,Cuddalore,11.748,79.7714,24.05,65.34166666666667,12.8,0.224875,12.8,14.9,5.6,7.3,2,6,NO_OFFICIAL_WARNING,TEMPORAL_DATE_DISTRICT_CONTEXTUAL_LINK,FARM_POINT_COORDINATES,DAILY_DERIVED_HOURLY,Paddy,ADT 45,80,Flowering,Samba,Clay,15.0,30.0,55.0,POOR,FARMER_VERIFIED,0.224875,0.261,26.91,LOW_WASH_RISK,MODERATE,UNLABELLED,UNLABELLED,UNLABELLED,UNLABELLED,UNLABELLED
2025-11-20,3,Madurai,9.9252,78.1198,24.1125,65.24166666666666,2.1,0.2267083333333333,7.8,16.5,17.7,3.1,1,4,NO_OFFICIAL_WARNING,TEMPORAL_DATE_DISTRICT_CONTEXTUAL_LINK,FARM_POINT_COORDINATES,DAILY_DERIVED_HOURLY,Maize,Co 6,35,Vegetative,Kharif,Sandy Loam,60.0,25.0,15.0,WELL_DRAINED,ESTIMATED,0.2267083333333333,0.26,36.65,LOW_WASH_RISK,LOW,UNLABELLED,UNLABELLED,UNLABELLED,UNLABELLED,UNLABELLED
2025-11-20,4,Nagapattinam,10.7656,79.8424,24.141666666666666,65.16250000000001,6.699999999999999,0.2249583333333333,6.7,10.1,8.9,3.4,1,3,NO_OFFICIAL_WARNING,TEMPORAL_DATE_DISTRICT_CONTEXTUAL_LINK,FARM_POINT_COORDINATES,DAILY_DERIVED_HOURLY,Cotton,MCU 5,65,Boll Formation,Kharif,Black Clay,20.0,20.0,60.0,POOR,LAB_VERIFIED,0.2249583333333333,0.246,29.53,LOW_WASH_RISK,LOW,UNLABELLED,UNLABELLED,UNLABELLED,UNLABELLED,UNLABELLED
2025-11-20,5,Coimbatore,11.0168,76.9558,24.125,65.34166666666667,5.6,0.2246666666666666,5.6,14.3,15.0,5.4,1,2,NO_OFFICIAL_WARNING,TEMPORAL_DATE_DISTRICT_CONTEXTUAL_LINK,FARM_POINT_COORDINATES,DAILY_DERIVED_HOURLY,Groundnut,TMV 7,50,Pegging,Kharif,Red Sandy,70.0,15.0,15.0,WELL_DRAINED,FARMER_VERIFIED,0.2246666666666666,0.236,34.32,LOW_WASH_RISK,LOW,UNLABELLED,UNLABELLED,UNLABELLED,UNLABELLED,UNLABELLED
2025-11-20,6,Tiruchirappalli,10.7905,78.7047,24.025,64.85416666666667,4.8,0.225125,4.8,8.4,8.8,3.6,1,3,NO_OFFICIAL_WARNING,TEMPORAL_DATE_DISTRICT_CONTEXTUAL_LINK,FARM_POINT_COORDINATES,DAILY_DERIVED_HOURLY,Banana,Grand Naine,120,Shooting,Annual,Alluvial Loam,35.0,45.0,20.0,MODERATE,LAB_VERIFIED,0.225125,0.253,29.46,LOW_WASH_RISK,LOW,UNLABELLED,UNLABELLED,UNLABELLED,UNLABELLED,UNLABELLED
2025-11-20,7,Tirunelveli,8.7139,77.7567,23.870833333333334,65.05416666666666,9.4,0.2277916666666666,9.5,12.3,10.6,2.7,2,8,NO_OFFICIAL_WARNING,TEMPORAL_DATE_DISTRICT_CONTEXTUAL_LINK,FARM_POINT_COORDINATES,DAILY_DERIVED_HOURLY,Tomato,PKM 1,30,Vegetative,Rabi,Red Loam,45.0,35.0,20.0,MODERATE,ESTIMATED,0.2277916666666666,0.274,31.15,LOW_WASH_RISK,LOW,UNLABELLED,UNLABELLED,UNLABELLED,UNLABELLED,UNLABELLED
2025-11-20,8,Villupuram,11.9401,79.4861,24.08333333333333,65.17916666666666,3.7,0.2287083333333333,7.2,12.0,11.6,4.1,1,8,NO_OFFICIAL_WARNING,TEMPORAL_DATE_DISTRICT_CONTEXTUAL_LINK,FARM_POINT_COORDINATES,DAILY_DERIVED_HOURLY,Sugarcane,Co 86032,150,Grand Growth,Annual,Clay Loam,30.0,35.0,35.0,MODERATE,LAB_VERIFIED,0.2287083333333333,0.276,32.03,LOW_WASH_RISK,LOW,UNLABELLED,UNLABELLED,UNLABELLED,UNLABELLED,UNLABELLED
2025-11-20,9,Erode,11.341,77.7172,24.116666666666664,64.74583333333334,4.9,0.2266666666666666,8.2,13.1,8.7,3.6,1,6,NO_OFFICIAL_WARNING,TEMPORAL_DATE_DISTRICT_CONTEXTUAL_LINK,FARM_POINT_COORDINATES,DAILY_DERIVED_HOURLY,Chilli,K1,40,Flowering,Rabi,Black Soil,30.0,25.0,45.0,POOR,FARMER_VERIFIED,0.2266666666666666,0.238,29.54,LOW_WASH_RISK,MODERATE,UNLABELLED,UNLABELLED,UNLABELLED,UNLABELLED,UNLABELLED
2025-11-20,10,Tiruvarur,10.7708,79.6373,24.041666666666668,64.825,2.7,0.2280833333333333,2.7,7.6,22.1,1.3,1,3,NO_OFFICIAL_WARNING,TEMPORAL_DATE_DISTRICT_CONTEXTUAL_LINK,FARM_POINT_COORDINATES,DAILY_DERIVED_HOURLY,Pulses,Vamban 3,25,Vegetative,Rabi,Loamy Sand,65.0,20.0,15.0,WELL_DRAINED,ESTIMATED,0.2280833333333333,0.272,40.27,LOW_WASH_RISK,LOW,UNLABELLED,UNLABELLED,UNLABELLED,UNLABELLED,UNLABELLED
2025-11-21,1,Thanjavur,10.787,79.1378,24.179166666666664,64.92916666666666,9.6,0.2285833333333333,13.2,23.1,19.0,5.7,2,7,NO_OFFICIAL_WARNING,TEMPORAL_DATE_DISTRICT_CONTEXTUAL_LINK,FARM_POINT_COORDINATES,DAILY_DERIVED_HOURLY,Paddy,CR1009 Sub1,45,Tillering,Samba,Clay Loam,25.0,35.0,40.0,POOR,LAB_VERIFIED,0.2285833333333333,0.244,37.87,LOW_WASH_RISK,MODERATE,UNLABELLED,UNLABELLED,UNLABELLED,UNLABELLED,UNLABELLED
2025-11-21,2,Cuddalore,11.748,79.7714,24.141666666666666,64.95416666666667,0.0,0.224,12.8,13.2,14.9,7.3,0,6,NO_OFFICIAL_WARNING,TEMPORAL_DATE_DISTRICT_CONTEXTUAL_LINK,FARM_POINT_COORDINATES,DAILY_DERIVED_HOURLY,Paddy,ADT 45,80,Flowering,Samba,Clay,15.0,30.0,55.0,POOR,FARMER_VERIFIED,0.224,0.263,34.17,LOW_WASH_RISK,MODERATE,UNLABELLED,UNLABELLED,UNLABELLED,UNLABELLED,UNLABELLED
2025-11-21,3,Madurai,9.9252,78.1198,23.891666666666666,64.8125,1.9,0.2224583333333333,4.0,9.9,16.5,2.0,1,2,NO_OFFICIAL_WARNING,TEMPORAL_DATE_DISTRICT_CONTEXTUAL_LINK,FARM_POINT_COORDINATES,DAILY_DERIVED_HOURLY,Maize,Co 6,35,Vegetative,Kharif,Sandy Loam,60.0,25.0,15.0,WELL_DRAINED,ESTIMATED,0.2224583333333333,0.276,35.28,LOW_WASH_RISK,LOW,UNLABELLED,UNLABELLED,UNLABELLED,UNLABELLED,UNLABELLED
2025-11-21,4,Nagapattinam,10.7656,79.8424,23.929166666666664,64.55416666666666,4.6,0.2282499999999999,10.9,13.8,10.1,3.4,1,5,NO_OFFICIAL_WARNING,TEMPORAL_DATE_DISTRICT_CONTEXTUAL_LINK,FARM_POINT_COORDINATES,DAILY_DERIVED_HOURLY,Cotton,MCU 5,65,Boll Formation,Kharif,Black Clay,20.0,20.0,60.0,POOR,LAB_VERIFIED,0.2282499999999999,0.253,30.8,LOW_WASH_RISK,MODERATE,UNLABELLED,UNLABELLED,UNLABELLED,UNLABELLED,UNLABELLED
2025-11-21,5,Coimbatore,11.0168,76.9558,23.98333333333333,65.07083333333334,6.3,0.2219583333333333,9.6,11.9,14.3,4.0,1,3,NO_OFFICIAL_WARNING,TEMPORAL_DATE_DISTRICT_CONTEXTUAL_LINK,FARM_POINT_COORDINATES,DAILY_DERIVED_HOURLY,Groundnut,TMV 7,50,Pegging,Kharif,Red Sandy,70.0,15.0,15.0,WELL_DRAINED,FARMER_VERIFIED,0.2219583333333333,0.235,33.49,LOW_WASH_RISK,LOW,UNLABELLED,UNLABELLED,UNLABELLED,UNLABELLED,UNLABELLED
2025-11-21,6,Tiruchirappalli,10.7905,78.7047,24.0125,64.92916666666666,5.499999999999999,0.226125,9.2,10.9,8.4,4.8,1,3,NO_OFFICIAL_WARNING,TEMPORAL_DATE_DISTRICT_CONTEXTUAL_LINK,FARM_POINT_COORDINATES,DAILY_DERIVED_HOURLY,Banana,Grand Naine,120,Shooting,Annual,Alluvial Loam,35.0,45.0,20.0,MODERATE,LAB_VERIFIED,0.226125,0.247,29.25,LOW_WASH_RISK,LOW,UNLABELLED,UNLABELLED,UNLABELLED,UNLABELLED,UNLABELLED
2025-11-21,7,Tirunelveli,8.7139,77.7567,23.95,64.91250000000001,2.1,0.22375,9.0,13.5,12.3,2.7,1,5,NO_OFFICIAL_WARNING,TEMPORAL_DATE_DISTRICT_CONTEXTUAL_LINK,FARM_POINT_COORDINATES,DAILY_DERIVED_HOURLY,Tomato,PKM 1,30,Vegetative,Rabi,Red Loam,45.0,35.0,20.0,MODERATE,ESTIMATED,0.22375,0.247,32.09,LOW_WASH_RISK,LOW,UNLABELLED,UNLABELLED,UNLABELLED,UNLABELLED,UNLABELLED
2025-11-21,8,Villupuram,11.9401,79.4861,24.0625,64.8875,3.5,0.225375,5.8,13.0,12.0,2.5,1,6,NO_OFFICIAL_WARNING,TEMPORAL_DATE_DISTRICT_CONTEXTUAL_LINK,FARM_POINT_COORDINATES,DAILY_DERIVED_HOURLY,Sugarcane,Co 86032,150,Grand Growth,Annual,Clay Loam,30.0,35.0,35.0,MODERATE,LAB_VERIFIED,0.225375,0.254,32.02,LOW_WASH_RISK,LOW,UNLABELLED,UNLABELLED,UNLABELLED,UNLABELLED,UNLABELLED
2025-11-21,9,Erode,11.341,77.7172,23.9125,65.19166666666666,3.0,0.2235833333333333,5.1,13.1,13.1,3.6,1,4,NO_OFFICIAL_WARNING,TEMPORAL_DATE_DISTRICT_CONTEXTUAL_LINK,FARM_POINT_COORDINATES,DAILY_DERIVED_HOURLY,Chilli,K1,40,Flowering,Rabi,Black Soil,30.0,25.0,45.0,POOR,FARMER_VERIFIED,0.2235833333333333,0.261,32.71,LOW_WASH_RISK,MODERATE,UNLABELLED,UNLABELLED,UNLABELLED,UNLABELLED,UNLABELLED
2025-11-21,10,Tiruvarur,10.7708,79.6373,24.17083333333333,64.94166666666666,1.6,0.2252499999999999,4.0,5.1,7.6,1.3,1,6,NO_OFFICIAL_WARNING,TEMPORAL_DATE_DISTRICT_CONTEXTUAL_LINK,FARM_POINT_COORDINATES,DAILY_DERIVED_HOURLY,Pulses,Vamban 3,25,Vegetative,Rabi,Loamy Sand,65.0,20.0,15.0,WELL_DRAINED,ESTIMATED,0.2252499999999999,0.27,28.53,LOW_WASH_RISK,LOW,UNLABELLED,UNLABELLED,UNLABELLED,UNLABELLED,UNLABELLED
2025-11-22,1,Thanjavur,10.787,79.1378,24.04583333333333,64.825,18.1,0.233375,18.1,27.7,23.1,6.3,2,5,NO_OFFICIAL_WARNING,TEMPORAL_DATE_DISTRICT_CONTEXTUAL_LINK,FARM_POINT_COORDINATES,DAILY_DERIVED_HOURLY,Paddy,CR1009 Sub1,45,Tillering,Samba,Clay Loam,25.0,35.0,40.0,POOR,LAB_VERIFIED,0.233375,0.276,41.59,LOW_WASH_RISK,MODERATE,UNLABELLED,UNLABELLED,UNLABELLED,UNLABELLED,UNLABELLED
2025-11-22,2,Cuddalore,11.748,79.7714,23.90416666666667,65.03750000000001,2.4,0.2262916666666666,2.4,12.8,13.2,2.1,2,2,NO_OFFICIAL_WARNING,TEMPORAL_DATE_DISTRICT_CONTEXTUAL_LINK,FARM_POINT_COORDINATES,DAILY_DERIVED_HOURLY,Paddy,ADT 45,80,Flowering,Samba,Clay,15.0,30.0,55.0,POOR,FARMER_VERIFIED,0.2262916666666666,0.263,33.06,LOW_WASH_RISK,MODERATE,UNLABELLED,UNLABELLED,UNLABELLED,UNLABELLED,UNLABELLED
2025-11-22,3,Madurai,9.9252,78.1198,24.0,65.02083333333333,1.3,0.2274166666666666,1.9,5.3,9.9,1.9,1,1,NO_OFFICIAL_WARNING,TEMPORAL_DATE_DISTRICT_CONTEXTUAL_LINK,FARM_POINT_COORDINATES,DAILY_DERIVED_HOURLY,Maize,Co 6,35,Vegetative,Kharif,Sandy Loam,60.0,25.0,15.0,WELL_DRAINED,ESTIMATED,0.2274166666666666,0.241,30.56,LOW_WASH_RISK,LOW,UNLABELLED,UNLABELLED,UNLABELLED,UNLABELLED,UNLABELLED
2025-11-22,4,Nagapattinam,10.7656,79.8424,24.054166666666664,64.82916666666667,8.700000000000001,0.2285,8.7,16.7,13.8,4.4,2,4,NO_OFFICIAL_WARNING,TEMPORAL_DATE_DISTRICT_CONTEXTUAL_LINK,FARM_POINT_COORDINATES,DAILY_DERIVED_HOURLY,Cotton,MCU 5,65,Boll Formation,Kharif,Black Clay,20.0,20.0,60.0,POOR,LAB_VERIFIED,0.2285,0.278,33.75,LOW_WASH_RISK,MODERATE,UNLABELLED,UNLABELLED,UNLABELLED,UNLABELLED,UNLABELLED
2025-11-22,5,Coimbatore,11.0168,76.9558,24.191666666666663,64.97916666666667,3.5,0.2269583333333333,6.6,15.3,11.9,4.0,1,5,NO_OFFICIAL_WARNING,TEMPORAL_DATE_DISTRICT_CONTEXTUAL_LINK,FARM_POINT_COORDINATES,DAILY_DERIVED_HOURLY,Groundnut,TMV 7,50,Pegging,Kharif,Red Sandy,70.0,15.0,15.0,WELL_DRAINED,FARMER_VERIFIED,0.2269583333333333,0.273,32.1,LOW_WASH_RISK,LOW,UNLABELLED,UNLABELLED,UNLABELLED,UNLABELLED,UNLABELLED
2025-11-22,6,Tiruchirappalli,10.7905,78.7047,24.079166666666666,64.72916666666667,4.3,0.2263333333333333,6.8,11.7,10.9,4.8,1,3,NO_OFFICIAL_WARNING,TEMPORAL_DATE_DISTRICT_CONTEXTUAL_LINK,FARM_POINT_COORDINATES,DAILY_DERIVED_HOURLY,Banana,Grand Naine,120,Shooting,Annual,Alluvial Loam,35.0,45.0,20.0,MODERATE,LAB_VERIFIED,0.2263333333333333,0.282,31.24,LOW_WASH_RISK,LOW,UNLABELLED,UNLABELLED,UNLABELLED,UNLABELLED,UNLABELLED
2025-11-22,7,Tirunelveli,8.7139,77.7567,24.0,64.84166666666667,3.3,0.2255833333333333,4.9,13.3,13.5,1.5,2,5,NO_OFFICIAL_WARNING,TEMPORAL_DATE_DISTRICT_CONTEXTUAL_LINK,FARM_POINT_COORDINATES,DAILY_DERIVED_HOURLY,Tomato,PKM 1,30,Vegetative,Rabi,Red Loam,45.0,35.0,20.0,MODERATE,ESTIMATED,0.2255833333333333,0.24,33.22,LOW_WASH_RISK,LOW,UNLABELLED,UNLABELLED,UNLABELLED,UNLABELLED,UNLABELLED
2025-11-22,8,Villupuram,11.9401,79.4861,24.09166666666667,64.85000000000001,9.5,0.2250833333333333,9.5,13.0,13.0,4.0,1,5,NO_OFFICIAL_WARNING,TEMPORAL_DATE_DISTRICT_CONTEXTUAL_LINK,FARM_POINT_COORDINATES,DAILY_DERIVED_HOURLY,Sugarcane,Co 86032,150,Grand Growth,Annual,Clay Loam,30.0,35.0,35.0,MODERATE,LAB_VERIFIED,0.2250833333333333,0.255,32.78,LOW_WASH_RISK,LOW,UNLABELLED,UNLABELLED,UNLABELLED,UNLABELLED,UNLABELLED
2025-11-22,9,Erode,11.341,77.7172,23.820833333333336,64.97500000000001,0.3,0.227625,3.0,7.9,13.1,2.8,1,2,NO_OFFICIAL_WARNING,TEMPORAL_DATE_DISTRICT_CONTEXTUAL_LINK,FARM_POINT_COORDINATES,DAILY_DERIVED_HOURLY,Chilli,K1,40,Flowering,Rabi,Black Soil,30.0,25.0,45.0,POOR,FARMER_VERIFIED,0.227625,0.243,33.11,LOW_WASH_RISK,LOW,UNLABELLED,UNLABELLED,UNLABELLED,UNLABELLED,UNLABELLED
2025-11-22,10,Tiruvarur,10.7708,79.6373,23.866666666666664,65.00416666666666,0.7,0.2303333333333333,2.2,5.0,5.1,0.6,1,6,NO_OFFICIAL_WARNING,TEMPORAL_DATE_DISTRICT_CONTEXTUAL_LINK,FARM_POINT_COORDINATES,DAILY_DERIVED_HOURLY,Pulses,Vamban 3,25,Vegetative,Rabi,Loamy Sand,65.0,20.0,15.0,WELL_DRAINED,ESTIMATED,0.2303333333333333,0.27,27.06,LOW_WASH_RISK,LOW,UNLABELLED,UNLABELLED,UNLABELLED,UNLABELLED,UNLABELLED
2025-11-23,1,Thanjavur,10.787,79.1378,23.995833333333334,64.8125,5.0,0.227625,19.3,25.1,27.7,6.3,1,6,NO_OFFICIAL_WARNING,TEMPORAL_DATE_DISTRICT_CONTEXTUAL_LINK,FARM_POINT_COORDINATES,DAILY_DERIVED_HOURLY,Paddy,CR1009 Sub1,45,Tillering,Samba,Clay Loam,25.0,35.0,40.0,POOR,LAB_VERIFIED,0.227625,0.262,44.65,LOW_WASH_RISK,MODERATE,UNLABELLED,UNLABELLED,UNLABELLED,UNLABELLED,UNLABELLED
2025-11-23,2,Cuddalore,11.748,79.7714,24.02916666666667,65.14166666666667,4.699999999999999,0.2266666666666666,4.7,7.1,12.8,2.8,1,4,NO_OFFICIAL_WARNING,TEMPORAL_DATE_DISTRICT_CONTEXTUAL_LINK,FARM_POINT_COORDINATES,DAILY_DERIVED_HOURLY,Paddy,ADT 45,80,Flowering,Samba,Clay,15.0,30.0,55.0,POOR,FARMER_VERIFIED,0.2266666666666666,0.239,32.78,LOW_WASH_RISK,LOW,UNLABELLED,UNLABELLED,UNLABELLED,UNLABELLED,UNLABELLED
2025-11-23,3,Madurai,9.9252,78.1198,23.929166666666664,64.94583333333334,6.699999999999999,0.2271666666666666,6.7,8.0,5.3,4.6,2,3,NO_OFFICIAL_WARNING,TEMPORAL_DATE_DISTRICT_CONTEXTUAL_LINK,FARM_POINT_COORDINATES,DAILY_DERIVED_HOURLY,Maize,Co 6,35,Vegetative,Kharif,Sandy Loam,60.0,25.0,15.0,WELL_DRAINED,ESTIMATED,0.2271666666666666,0.244,26.9,LOW_WASH_RISK,LOW,UNLABELLED,UNLABELLED,UNLABELLED,UNLABELLED,UNLABELLED
2025-11-23,4,Nagapattinam,10.7656,79.8424,24.008333333333336,64.96249999999999,11.1,0.2371666666666666,13.3,19.8,16.7,4.4,1,6,NO_OFFICIAL_WARNING,TEMPORAL_DATE_DISTRICT_CONTEXTUAL_LINK,FARM_POINT_COORDINATES,DAILY_DERIVED_HOURLY,Cotton,MCU 5,65,Boll Formation,Kharif,Black Clay,20.0,20.0,60.0,POOR,LAB_VERIFIED,0.2371666666666666,0.269,36.91,LOW_WASH_RISK,MODERATE,UNLABELLED,UNLABELLED,UNLABELLED,UNLABELLED,UNLABELLED
2025-11-23,5,Coimbatore,11.0168,76.9558,24.2,65.16250000000001,11.3,0.2272499999999999,11.3,17.1,15.3,4.3,1,6,NO_OFFICIAL_WARNING,TEMPORAL_DATE_DISTRICT_CONTEXTUAL_LINK,FARM_POINT_COORDINATES,DAILY_DERIVED_HOURLY,Groundnut,TMV 7,50,Pegging,Kharif,Red Sandy,70.0,15.0,15.0,WELL_DRAINED,FARMER_VERIFIED,0.2272499999999999,0.259,34.81,LOW_WASH_RISK,LOW,UNLABELLED,UNLABELLED,UNLABELLED,UNLABELLED,UNLABELLED
2025-11-23,6,Tiruchirappalli,10.7905,78.7047,23.92083333333333,64.95,6.9,0.2339166666666666,6.9,12.7,11.7,2.9,2,6,NO_OFFICIAL_WARNING,TEMPORAL_DATE_DISTRICT_CONTEXTUAL_LINK,FARM_POINT_COORDINATES,DAILY_DERIVED_HOURLY,Banana,Grand Naine,120,Shooting,Annual,Alluvial Loam,35.0,45.0,20.0,MODERATE,LAB_VERIFIED,0.2339166666666666,0.281,32.63,LOW_WASH_RISK,LOW,UNLABELLED,UNLABELLED,UNLABELLED,UNLABELLED,UNLABELLED
2025-11-23,7,Tirunelveli,8.7139,77.7567,23.8625,65.17916666666666,2.3,0.2235,3.3,5.6,13.3,1.7,2,3,NO_OFFICIAL_WARNING,TEMPORAL_DATE_DISTRICT_CONTEXTUAL_LINK,FARM_POINT_COORDINATES,DAILY_DERIVED_HOURLY,Tomato,PKM 1,30,Vegetative,Rabi,Red Loam,45.0,35.0,20.0,MODERATE,ESTIMATED,0.2235,0.238,32.86,LOW_WASH_RISK,LOW,UNLABELLED,UNLABELLED,UNLABELLED,UNLABELLED,UNLABELLED
2025-11-23,8,Villupuram,11.9401,79.4861,24.058333333333334,65.02499999999999,2.6,0.2241666666666666,9.7,13.0,13.0,4.0,2,5,NO_OFFICIAL_WARNING,TEMPORAL_DATE_DISTRICT_CONTEXTUAL_LINK,FARM_POINT_COORDINATES,DAILY_DERIVED_HOURLY,Sugarcane,Co 86032,150,Grand Growth,Annual,Clay Loam,30.0,35.0,35.0,MODERATE,LAB_VERIFIED,0.2241666666666666,0.248,32.69,LOW_WASH_RISK,LOW,UNLABELLED,UNLABELLED,UNLABELLED,UNLABELLED,UNLABELLED
2025-11-23,9,Erode,11.341,77.7172,24.008333333333336,65.14999999999999,3.4000000000000004,0.2216666666666666,3.4,3.8,7.9,2.1,1,3,NO_OFFICIAL_WARNING,TEMPORAL_DATE_DISTRICT_CONTEXTUAL_LINK,FARM_POINT_COORDINATES,DAILY_DERIVED_HOURLY,Chilli,K1,40,Flowering,Rabi,Black Soil,30.0,25.0,45.0,POOR,FARMER_VERIFIED,0.2216666666666666,0.244,28.41,LOW_WASH_RISK,LOW,UNLABELLED,UNLABELLED,UNLABELLED,UNLABELLED,UNLABELLED
2025-11-23,10,Tiruvarur,10.7708,79.6373,23.7375,64.94583333333334,2.8,0.2211666666666666,2.8,3.5,5.0,2.8,1,1,NO_OFFICIAL_WARNING,TEMPORAL_DATE_DISTRICT_CONTEXTUAL_LINK,FARM_POINT_COORDINATES,DAILY_DERIVED_HOURLY,Pulses,Vamban 3,25,Vegetative,Rabi,Loamy Sand,65.0,20.0,15.0,WELL_DRAINED,ESTIMATED,0.2211666666666666,0.274,26.07,LOW_WASH_RISK,LOW,UNLABELLED,UNLABELLED,UNLABELLED,UNLABELLED,UNLABELLED
2025-11-24,1,Thanjavur,10.787,79.1378,23.95,64.91666666666667,7.7,0.2229583333333333,7.7,23.6,25.1,4.4,3,5,NO_OFFICIAL_WARNING,TEMPORAL_DATE_DISTRICT_CONTEXTUAL_LINK,FARM_POINT_COORDINATES,DAILY_DERIVED_HOURLY,Paddy,CR1009 Sub1,45,Tillering,Samba,Clay Loam,25.0,35.0,40.0,POOR,LAB_VERIFIED,0.2229583333333333,0.256,42.12,LOW_WASH_RISK,MODERATE,UNLABELLED,UNLABELLED,UNLABELLED,UNLABELLED,UNLABELLED
2025-11-24,2,Cuddalore,11.748,79.7714,24.0625,64.8125,13.7,0.2329999999999999,14.7,18.4,7.1,3.8,3,7,NO_OFFICIAL_WARNING,TEMPORAL_DATE_DISTRICT_CONTEXTUAL_LINK,FARM_POINT_COORDINATES,DAILY_DERIVED_HOURLY,Paddy,ADT 45,80,Flowering,Samba,Clay,15.0,30.0,55.0,POOR,FARMER_VERIFIED,0.2329999999999999,0.248,28.91,LOW_WASH_RISK,MODERATE,UNLABELLED,UNLABELLED,UNLABELLED,UNLABELLED,UNLABELLED
2025-11-24,3,Madurai,9.9252,78.1198,23.995833333333334,64.9375,1.5,0.2284166666666666,6.8,8.2,8.0,4.6,1,3,NO_OFFICIAL_WARNING,TEMPORAL_DATE_DISTRICT_CONTEXTUAL_LINK,FARM_POINT_COORDINATES,DAILY_DERIVED_HOURLY,Maize,Co 6,35,Vegetative,Kharif,Sandy Loam,60.0,25.0,15.0,WELL_DRAINED,ESTIMATED,0.2284166666666666,0.269,29.16,LOW_WASH_RISK,LOW,UNLABELLED,UNLABELLED,UNLABELLED,UNLABELLED,UNLABELLED
2025-11-24,4,Nagapattinam,10.7656,79.8424,24.175,65.03333333333333,2.5,0.2262916666666666,12.1,21.5,19.8,3.3,1,6,NO_OFFICIAL_WARNING,TEMPORAL_DATE_DISTRICT_CONTEXTUAL_LINK,FARM_POINT_COORDINATES,DAILY_DERIVED_HOURLY,Cotton,MCU 5,65,Boll Formation,Kharif,Black Clay,20.0,20.0,60.0,POOR,LAB_VERIFIED,0.2262916666666666,0.267,38.27,LOW_WASH_RISK,MODERATE,UNLABELLED,UNLABELLED,UNLABELLED,UNLABELLED,UNLABELLED
2025-11-24,5,Coimbatore,11.0168,76.9558,24.008333333333336,64.83333333333333,2.7,0.226875,11.5,15.0,17.1,4.3,1,7,NO_OFFICIAL_WARNING,TEMPORAL_DATE_DISTRICT_CONTEXTUAL_LINK,FARM_POINT_COORDINATES,DAILY_DERIVED_HOURLY,Groundnut,TMV 7,50,Pegging,Kharif,Red Sandy,70.0,15.0,15.0,WELL_DRAINED,FARMER_VERIFIED,0.226875,0.276,36.2,LOW_WASH_RISK,LOW,UNLABELLED,UNLABELLED,UNLABELLED,UNLABELLED,UNLABELLED
2025-11-24,6,Tiruchirappalli,10.7905,78.7047,24.15,64.83333333333333,18.9,0.2349583333333333,18.9,25.8,12.7,7.2,1,8,NO_OFFICIAL_WARNING,TEMPORAL_DATE_DISTRICT_CONTEXTUAL_LINK,FARM_POINT_COORDINATES,DAILY_DERIVED_HOURLY,Banana,Grand Naine,120,Shooting,Annual,Alluvial Loam,35.0,45.0,20.0,MODERATE,LAB_VERIFIED,0.2349583333333333,0.261,33.53,LOW_WASH_RISK,MODERATE,UNLABELLED,UNLABELLED,UNLABELLED,UNLABELLED,UNLABELLED
2025-11-24,7,Tirunelveli,8.7139,77.7567,23.945833333333336,65.17916666666666,8.6,0.2292916666666666,8.6,10.9,5.6,4.1,2,4,NO_OFFICIAL_WARNING,TEMPORAL_DATE_DISTRICT_CONTEXTUAL_LINK,FARM_POINT_COORDINATES,DAILY_DERIVED_HOURLY,Tomato,PKM 1,30,Vegetative,Rabi,Red Loam,45.0,35.0,20.0,MODERATE,ESTIMATED,0.2292916666666666,0.283,27.35,LOW_WASH_RISK,LOW,UNLABELLED,UNLABELLED,UNLABELLED,UNLABELLED,UNLABELLED
2025-11-24,8,Villupuram,11.9401,79.4861,24.0125,65.21249999999999,6.7,0.2295,6.7,11.0,13.0,3.7,1,3,NO_OFFICIAL_WARNING,TEMPORAL_DATE_DISTRICT_CONTEXTUAL_LINK,FARM_POINT_COORDINATES,DAILY_DERIVED_HOURLY,Sugarcane,Co 86032,150,Grand Growth,Annual,Clay Loam,30.0,35.0,35.0,MODERATE,LAB_VERIFIED,0.2295,0.243,33.22,LOW_WASH_RISK,LOW,UNLABELLED,UNLABELLED,UNLABELLED,UNLABELLED,UNLABELLED
2025-11-24,9,Erode,11.341,77.7172,23.929166666666664,65.17916666666666,8.2,0.2299583333333333,11.1,11.9,3.8,5.1,2,5,NO_OFFICIAL_WARNING,TEMPORAL_DATE_DISTRICT_CONTEXTUAL_LINK,FARM_POINT_COORDINATES,DAILY_DERIVED_HOURLY,Chilli,K1,40,Flowering,Rabi,Black Soil,30.0,25.0,45.0,POOR,FARMER_VERIFIED,0.2299583333333333,0.267,26.0,LOW_WASH_RISK,LOW,UNLABELLED,UNLABELLED,UNLABELLED,UNLABELLED,UNLABELLED
2025-11-24,10,Tiruvarur,10.7708,79.6373,23.9,64.9875,2.0,0.227125,4.8,4.8,3.5,2.8,1,3,NO_OFFICIAL_WARNING,TEMPORAL_DATE_DISTRICT_CONTEXTUAL_LINK,FARM_POINT_COORDINATES,DAILY_DERIVED_HOURLY,Pulses,Vamban 3,25,Vegetative,Rabi,Loamy Sand,65.0,20.0,15.0,WELL_DRAINED,ESTIMATED,0.227125,0.282,25.48,LOW_WASH_RISK,LOW,UNLABELLED,UNLABELLED,UNLABELLED,UNLABELLED,UNLABELLED
2025-11-25,1,Thanjavur,10.787,79.1378,24.02083333333333,64.8875,10.0,0.2342499999999999,17.2,19.1,23.6,6.4,2,7,NO_OFFICIAL_WARNING,TEMPORAL_DATE_DISTRICT_CONTEXTUAL_LINK,FARM_POINT_COORDINATES,DAILY_DERIVED_HOURLY,Paddy,CR1009 Sub1,45,Tillering,Samba,Clay Loam,25.0,35.0,40.0,POOR,LAB_VERIFIED,0.2342499999999999,0.28,42.07,LOW_WASH_RISK,MODERATE,UNLABELLED,UNLABELLED,UNLABELLED,UNLABELLED,UNLABELLED
2025-11-25,2,Cuddalore,11.748,79.7714,24.025,64.85833333333333,3.8,0.2287916666666666,13.7,18.4,18.4,3.8,1,7,NO_OFFICIAL_WARNING,TEMPORAL_DATE_DISTRICT_CONTEXTUAL_LINK,FARM_POINT_COORDINATES,DAILY_DERIVED_HOURLY,Paddy,ADT 45,80,Flowering,Samba,Clay,15.0,30.0,55.0,POOR,FARMER_VERIFIED,0.2287916666666666,0.247,37.42,LOW_WASH_RISK,MODERATE,UNLABELLED,UNLABELLED,UNLABELLED,UNLABELLED,UNLABELLED
2025-11-25,3,Madurai,9.9252,78.1198,24.016666666666666,64.97500000000001,7.1,0.224875,8.5,12.5,8.2,2.8,2,6,NO_OFFICIAL_WARNING,TEMPORAL_DATE_DISTRICT_CONTEXTUAL_LINK,FARM_POINT_COORDINATES,DAILY_DERIVED_HOURLY,Maize,Co 6,35,Vegetative,Kharif,Sandy Loam,60.0,25.0,15.0,WELL_DRAINED,ESTIMATED,0.224875,0.26,28.97,LOW_WASH_RISK,LOW,UNLABELLED,UNLABELLED,UNLABELLED,UNLABELLED,UNLABELLED
2025-11-25,4,Nagapattinam,10.7656,79.8424,24.15,65.20416666666667,1.3,0.2262499999999999,2.5,13.6,21.5,1.0,1,3,NO_OFFICIAL_WARNING,TEMPORAL_DATE_DISTRICT_CONTEXTUAL_LINK,FARM_POINT_COORDINATES,DAILY_DERIVED_HOURLY,Cotton,MCU 5,65,Boll Formation,Kharif,Black Clay,20.0,20.0,60.0,POOR,LAB_VERIFIED,0.2262499999999999,0.28,39.61,LOW_WASH_RISK,MODERATE,UNLABELLED,UNLABELLED,UNLABELLED,UNLABELLED,UNLABELLED
2025-11-25,5,Coimbatore,11.0168,76.9558,23.95,65.3625,0.1,0.2225833333333333,2.7,14.0,15.0,2.2,0,3,NO_OFFICIAL_WARNING,TEMPORAL_DATE_DISTRICT_CONTEXTUAL_LINK,FARM_POINT_COORDINATES,DAILY_DERIVED_HOURLY,Groundnut,TMV 7,50,Pegging,Kharif,Red Sandy,70.0,15.0,15.0,WELL_DRAINED,FARMER_VERIFIED,0.2225833333333333,0.248,34.11,LOW_WASH_RISK,LOW,UNLABELLED,UNLABELLED,UNLABELLED,UNLABELLED,UNLABELLED
2025-11-25,6,Tiruchirappalli,10.7905,78.7047,24.225,65.17083333333333,9.2,0.2257083333333333,21.4,31.0,25.8,7.2,1,6,NO_OFFICIAL_WARNING,TEMPORAL_DATE_DISTRICT_CONTEXTUAL_LINK,FARM_POINT_COORDINATES,DAILY_DERIVED_HOURLY,Banana,Grand Naine,120,Shooting,Annual,Alluvial Loam,35.0,45.0,20.0,MODERATE,LAB_VERIFIED,0.2257083333333333,0.241,42.95,MODERATE_WASH_RISK,MODERATE,UNLABELLED,UNLABELLED,UNLABELLED,UNLABELLED,UNLABELLED
2025-11-25,7,Tirunelveli,8.7139,77.7567,24.1125,64.83333333333333,1.2000000000000002,0.2259166666666666,9.4,11.5,10.9,4.1,1,5,NO_OFFICIAL_WARNING,TEMPORAL_DATE_DISTRICT_CONTEXTUAL_LINK,FARM_POINT_COORDINATES,DAILY_DERIVED_HOURLY,Tomato,PKM 1,30,Vegetative,Rabi,Red Loam,45.0,35.0,20.0,MODERATE,ESTIMATED,0.2259166666666666,0.282,31.2,LOW_WASH_RISK,LOW,UNLABELLED,UNLABELLED,UNLABELLED,UNLABELLED,UNLABELLED
2025-11-25,8,Villupuram,11.9401,79.4861,23.90833333333333,65.02916666666667,0.1,0.22475,6.7,9.3,11.0,3.7,0,3,NO_OFFICIAL_WARNING,TEMPORAL_DATE_DISTRICT_CONTEXTUAL_LINK,FARM_POINT_COORDINATES,DAILY_DERIVED_HOURLY,Sugarcane,Co 86032,150,Grand Growth,Annual,Clay Loam,30.0,35.0,35.0,MODERATE,LAB_VERIFIED,0.22475,0.249,31.16,LOW_WASH_RISK,LOW,UNLABELLED,UNLABELLED,UNLABELLED,UNLABELLED,UNLABELLED
2025-11-25,9,Erode,11.341,77.7172,23.804166666666664,64.63333333333334,2.3,0.2241666666666666,8.2,11.6,11.9,5.1,1,3,NO_OFFICIAL_WARNING,TEMPORAL_DATE_DISTRICT_CONTEXTUAL_LINK,FARM_POINT_COORDINATES,DAILY_DERIVED_HOURLY,Chilli,K1,40,Flowering,Rabi,Black Soil,30.0,25.0,45.0,POOR,FARMER_VERIFIED,0.2241666666666666,0.254,31.82,LOW_WASH_RISK,MODERATE,UNLABELLED,UNLABELLED,UNLABELLED,UNLABELLED,UNLABELLED
2025-11-25,10,Tiruvarur,10.7708,79.6373,24.075,64.98333333333333,1.6,0.2235416666666666,3.0,6.4,4.8,1.5,1,2,NO_OFFICIAL_WARNING,TEMPORAL_DATE_DISTRICT_CONTEXTUAL_LINK,FARM_POINT_COORDINATES,DAILY_DERIVED_HOURLY,Pulses,Vamban 3,25,Vegetative,Rabi,Loamy Sand,65.0,20.0,15.0,WELL_DRAINED,ESTIMATED,0.2235416666666666,0.278,26.15,LOW_WASH_RISK,LOW,UNLABELLED,UNLABELLED,UNLABELLED,UNLABELLED,UNLABELLED
2025-11-26,1,Thanjavur,10.787,79.1378,24.016666666666666,65.19583333333334,1.1,0.2225,10.0,18.3,19.1,6.4,1,4,NO_OFFICIAL_WARNING,TEMPORAL_DATE_DISTRICT_CONTEXTUAL_LINK,FARM_POINT_COORDINATES,DAILY_DERIVED_HOURLY,Paddy,CR1009 Sub1,45,Tillering,Samba,Clay Loam,25.0,35.0,40.0,POOR,LAB_VERIFIED,0.2225,0.265,37.34,LOW_WASH_RISK,MODERATE,UNLABELLED,UNLABELLED,UNLABELLED,UNLABELLED,UNLABELLED
2025-11-26,2,Cuddalore,11.748,79.7714,24.079166666666666,65.09583333333333,4.8,0.2257083333333333,7.1,17.5,18.4,1.9,1,5,NO_OFFICIAL_WARNING,TEMPORAL_DATE_DISTRICT_CONTEXTUAL_LINK,FARM_POINT_COORDINATES,DAILY_DERIVED_HOURLY,Paddy,ADT 45,80,Flowering,Samba,Clay,15.0,30.0,55.0,POOR,FARMER_VERIFIED,0.2257083333333333,0.258,37.11,LOW_WASH_RISK,MODERATE,UNLABELLED,UNLABELLED,UNLABELLED,UNLABELLED,UNLABELLED
2025-11-26,3,Madurai,9.9252,78.1198,23.829166666666666,64.90416666666667,0.4,0.222625,7.1,8.9,12.5,2.8,1,5,NO_OFFICIAL_WARNING,TEMPORAL_DATE_DISTRICT_CONTEXTUAL_LINK,FARM_POINT_COORDINATES,DAILY_DERIVED_HOURLY,Maize,Co 6,35,Vegetative,Kharif,Sandy Loam,60.0,25.0,15.0,WELL_DRAINED,ESTIMATED,0.222625,0.269,32.14,LOW_WASH_RISK,LOW,UNLABELLED,UNLABELLED,UNLABELLED,UNLABELLED,UNLABELLED
2025-11-26,4,Nagapattinam,10.7656,79.8424,24.166666666666668,64.66250000000001,5.4,0.2202499999999999,5.8,7.5,13.6,2.5,1,4,NO_OFFICIAL_WARNING,TEMPORAL_DATE_DISTRICT_CONTEXTUAL_LINK,FARM_POINT_COORDINATES,DAILY_DERIVED_HOURLY,Cotton,MCU 5,65,Boll Formation,Kharif,Black Clay,20.0,20.0,60.0,POOR,LAB_VERIFIED,0.2202499999999999,0.237,32.77,LOW_WASH_RISK,LOW,UNLABELLED,UNLABELLED,UNLABELLED,UNLABELLED,UNLABELLED
2025-11-26,5,Coimbatore,11.0168,76.9558,24.133333333333336,65.17083333333333,4.7,0.2217916666666667,4.8,6.9,14.0,2.3,2,4,NO_OFFICIAL_WARNING,TEMPORAL_DATE_DISTRICT_CONTEXTUAL_LINK,FARM_POINT_COORDINATES,DAILY_DERIVED_HOURLY,Groundnut,TMV 7,50,Pegging,Kharif,Red Sandy,70.0,15.0,15.0,WELL_DRAINED,FARMER_VERIFIED,0.2217916666666667,0.243,33.24,LOW_WASH_RISK,LOW,UNLABELLED,UNLABELLED,UNLABELLED,UNLABELLED,UNLABELLED
2025-11-26,6,Tiruchirappalli,10.7905,78.7047,24.0375,64.87916666666666,4.2,0.2288333333333333,10.9,28.1,31.0,6.3,2,6,NO_OFFICIAL_WARNING,TEMPORAL_DATE_DISTRICT_CONTEXTUAL_LINK,FARM_POINT_COORDINATES,DAILY_DERIVED_HOURLY,Banana,Grand Naine,120,Shooting,Annual,Alluvial Loam,35.0,45.0,20.0,MODERATE,LAB_VERIFIED,0.2288333333333333,0.277,47.37,LOW_WASH_RISK,MODERATE,UNLABELLED,UNLABELLED,UNLABELLED,UNLABELLED,UNLABELLED
2025-11-26,7,Tirunelveli,8.7139,77.7567,23.879166666666663,65.08333333333333,0.4,0.2272083333333333,1.2,10.0,11.5,0.8,1,3,NO_OFFICIAL_WARNING,TEMPORAL_DATE_DISTRICT_CONTEXTUAL_LINK,FARM_POINT_COORDINATES,DAILY_DERIVED_HOURLY,Tomato,PKM 1,30,Vegetative,Rabi,Red Loam,45.0,35.0,20.0,MODERATE,ESTIMATED,0.2272083333333333,0.265,31.81,LOW_WASH_RISK,LOW,UNLABELLED,UNLABELLED,UNLABELLED,UNLABELLED,UNLABELLED
2025-11-26,8,Villupuram,11.9401,79.4861,24.054166666666664,65.05833333333334,7.2,0.2264166666666666,7.3,12.8,9.3,5.7,2,4,NO_OFFICIAL_WARNING,TEMPORAL_DATE_DISTRICT_CONTEXTUAL_LINK,FARM_POINT_COORDINATES,DAILY_DERIVED_HOURLY,Sugarcane,Co 86032,150,Grand Growth,Annual,Clay Loam,30.0,35.0,35.0,MODERATE,LAB_VERIFIED,0.2264166666666666,0.279,29.99,LOW_WASH_RISK,LOW,UNLABELLED,UNLABELLED,UNLABELLED,UNLABELLED,UNLABELLED
2025-11-26,9,Erode,11.341,77.7172,23.870833333333334,64.97083333333333,1.5,0.2229583333333333,2.4,10.5,11.6,1.4,1,3,NO_OFFICIAL_WARNING,TEMPORAL_DATE_DISTRICT_CONTEXTUAL_LINK,FARM_POINT_COORDINATES,DAILY_DERIVED_HOURLY,Chilli,K1,40,Flowering,Rabi,Black Soil,30.0,25.0,45.0,POOR,FARMER_VERIFIED,0.2229583333333333,0.254,31.46,LOW_WASH_RISK,LOW,UNLABELLED,UNLABELLED,UNLABELLED,UNLABELLED,UNLABELLED
2025-11-26,10,Tiruvarur,10.7708,79.6373,24.14583333333333,65.03333333333333,6.2,0.2289583333333333,6.2,8.2,6.4,2.4,3,6,NO_OFFICIAL_WARNING,TEMPORAL_DATE_DISTRICT_CONTEXTUAL_LINK,FARM_POINT_COORDINATES,DAILY_DERIVED_HOURLY,Pulses,Vamban 3,25,Vegetative,Rabi,Loamy Sand,65.0,20.0,15.0,WELL_DRAINED,ESTIMATED,0.2289583333333333,0.262,27.95,LOW_WASH_RISK,LOW,UNLABELLED,UNLABELLED,UNLABELLED,UNLABELLED,UNLABELLED
2025-11-27,1,Thanjavur,10.787,79.1378,23.90833333333333,65.05416666666666,10.3,0.2329166666666666,10.3,12.1,18.3,4.1,1,5,NO_OFFICIAL_WARNING,TEMPORAL_DATE_DISTRICT_CONTEXTUAL_LINK,FARM_POINT_COORDINATES,DAILY_DERIVED_HOURLY,Paddy,CR1009 Sub1,45,Tillering,Samba,Clay Loam,25.0,35.0,40.0,POOR,LAB_VERIFIED,0.2329166666666666,0.264,37.75,LOW_WASH_RISK,MODERATE,UNLABELLED,UNLABELLED,UNLABELLED,UNLABELLED,UNLABELLED
2025-11-27,2,Cuddalore,11.748,79.7714,23.8875,64.89583333333333,2.0,0.2255833333333333,5.4,9.2,17.5,1.8,1,4,NO_OFFICIAL_WARNING,TEMPORAL_DATE_DISTRICT_CONTEXTUAL_LINK,FARM_POINT_COORDINATES,DAILY_DERIVED_HOURLY,Paddy,ADT 45,80,Flowering,Samba,Clay,15.0,30.0,55.0,POOR,FARMER_VERIFIED,0.2255833333333333,0.278,36.38,LOW_WASH_RISK,MODERATE,UNLABELLED,UNLABELLED,UNLABELLED,UNLABELLED,UNLABELLED
2025-11-27,3,Madurai,9.9252,78.1198,24.141666666666666,65.10833333333333,1.2,0.2239583333333333,1.5,7.5,8.9,0.7,1,3,NO_OFFICIAL_WARNING,TEMPORAL_DATE_DISTRICT_CONTEXTUAL_LINK,FARM_POINT_COORDINATES,DAILY_DERIVED_HOURLY,Maize,Co 6,35,Vegetative,Kharif,Sandy Loam,60.0,25.0,15.0,WELL_DRAINED,ESTIMATED,0.2239583333333333,0.243,29.43,LOW_WASH_RISK,LOW,UNLABELLED,UNLABELLED,UNLABELLED,UNLABELLED,UNLABELLED
2025-11-27,4,Nagapattinam,10.7656,79.8424,24.004166666666663,64.8625,5.6,0.2269166666666666,6.1,11.0,7.5,1.9,1,4,NO_OFFICIAL_WARNING,TEMPORAL_DATE_DISTRICT_CONTEXTUAL_LINK,FARM_POINT_COORDINATES,DAILY_DERIVED_HOURLY,Cotton,MCU 5,65,Boll Formation,Kharif,Black Clay,20.0,20.0,60.0,POOR,LAB_VERIFIED,0.2269166666666666,0.283,28.62,LOW_WASH_RISK,LOW,UNLABELLED,UNLABELLED,UNLABELLED,UNLABELLED,UNLABELLED
2025-11-27,5,Coimbatore,11.0168,76.9558,24.02916666666667,65.05,3.7,0.2211666666666666,7.4,8.5,6.9,2.3,2,7,NO_OFFICIAL_WARNING,TEMPORAL_DATE_DISTRICT_CONTEXTUAL_LINK,FARM_POINT_COORDINATES,DAILY_DERIVED_HOURLY,Groundnut,TMV 7,50,Pegging,Kharif,Red Sandy,70.0,15.0,15.0,WELL_DRAINED,FARMER_VERIFIED,0.2211666666666666,0.237,27.57,LOW_WASH_RISK,LOW,UNLABELLED,UNLABELLED,UNLABELLED,UNLABELLED,UNLABELLED
2025-11-27,6,Tiruchirappalli,10.7905,78.7047,23.9375,65.10000000000001,4.1,0.2228333333333333,6.9,16.1,28.1,2.0,3,8,NO_OFFICIAL_WARNING,TEMPORAL_DATE_DISTRICT_CONTEXTUAL_LINK,FARM_POINT_COORDINATES,DAILY_DERIVED_HOURLY,Banana,Grand Naine,120,Shooting,Annual,Alluvial Loam,35.0,45.0,20.0,MODERATE,LAB_VERIFIED,0.2228333333333333,0.258,44.48,LOW_WASH_RISK,LOW,UNLABELLED,UNLABELLED,UNLABELLED,UNLABELLED,UNLABELLED
2025-11-27,7,Tirunelveli,8.7139,77.7567,23.991666666666664,64.99166666666666,2.9,0.2326666666666666,2.9,3.3,10.0,1.5,1,3,NO_OFFICIAL_WARNING,TEMPORAL_DATE_DISTRICT_CONTEXTUAL_LINK,FARM_POINT_COORDINATES,DAILY_DERIVED_HOURLY,Tomato,PKM 1,30,Vegetative,Rabi,Red Loam,45.0,35.0,20.0,MODERATE,ESTIMATED,0.2326666666666666,0.253,31.17,LOW_WASH_RISK,LOW,UNLABELLED,UNLABELLED,UNLABELLED,UNLABELLED,UNLABELLED
2025-11-27,8,Villupuram,11.9401,79.4861,24.15416666666667,64.3625,0.0,0.226125,7.2,7.3,12.8,5.7,0,4,NO_OFFICIAL_WARNING,TEMPORAL_DATE_DISTRICT_CONTEXTUAL_LINK,FARM_POINT_COORDINATES,DAILY_DERIVED_HOURLY,Sugarcane,Co 86032,150,Grand Growth,Annual,Clay Loam,30.0,35.0,35.0,MODERATE,LAB_VERIFIED,0.226125,0.274,32.72,LOW_WASH_RISK,LOW,UNLABELLED,UNLABELLED,UNLABELLED,UNLABELLED,UNLABELLED
2025-11-27,9,Erode,11.341,77.7172,24.1,65.3125,7.6,0.2331666666666666,9.0,9.1,10.5,3.5,1,4,NO_OFFICIAL_WARNING,TEMPORAL_DATE_DISTRICT_CONTEXTUAL_LINK,FARM_POINT_COORDINATES,DAILY_DERIVED_HOURLY,Chilli,K1,40,Flowering,Rabi,Black Soil,30.0,25.0,45.0,POOR,FARMER_VERIFIED,0.2331666666666666,0.261,31.61,LOW_WASH_RISK,LOW,UNLABELLED,UNLABELLED,UNLABELLED,UNLABELLED,UNLABELLED
2025-11-27,10,Tiruvarur,10.7708,79.6373,24.1375,64.92916666666666,5.5,0.230375,9.6,11.7,8.2,3.4,2,7,NO_OFFICIAL_WARNING,TEMPORAL_DATE_DISTRICT_CONTEXTUAL_LINK,FARM_POINT_COORDINATES,DAILY_DERIVED_HOURLY,Pulses,Vamban 3,25,Vegetative,Rabi,Loamy Sand,65.0,20.0,15.0,WELL_DRAINED,ESTIMATED,0.230375,0.283,29.52,LOW_WASH_RISK,LOW,UNLABELLED,UNLABELLED,UNLABELLED,UNLABELLED,UNLABELLED
2025-11-28,1,Thanjavur,10.787,79.1378,24.041666666666668,64.92916666666666,1.4,0.2287083333333333,10.3,11.7,12.1,4.1,1,5,NO_OFFICIAL_WARNING,TEMPORAL_DATE_DISTRICT_CONTEXTUAL_LINK,FARM_POINT_COORDINATES,DAILY_DERIVED_HOURLY,Paddy,CR1009 Sub1,45,Tillering,Samba,Clay Loam,25.0,35.0,40.0,POOR,LAB_VERIFIED,0.2287083333333333,0.259,32.43,LOW_WASH_RISK,MODERATE,UNLABELLED,UNLABELLED,UNLABELLED,UNLABELLED,UNLABELLED
2025-11-28,2,Cuddalore,11.748,79.7714,23.916666666666668,64.77083333333333,0.1,0.2213333333333333,2.0,6.8,9.2,1.4,0,2,NO_OFFICIAL_WARNING,TEMPORAL_DATE_DISTRICT_CONTEXTUAL_LINK,FARM_POINT_COORDINATES,DAILY_DERIVED_HOURLY,Paddy,ADT 45,80,Flowering,Samba,Clay,15.0,30.0,55.0,POOR,FARMER_VERIFIED,0.2213333333333333,0.234,29.4,LOW_WASH_RISK,LOW,UNLABELLED,UNLABELLED,UNLABELLED,UNLABELLED,UNLABELLED
2025-11-28,3,Madurai,9.9252,78.1198,23.84583333333333,65.23333333333333,3.3000000000000003,0.2239583333333333,4.3,4.7,7.5,3.1,1,3,NO_OFFICIAL_WARNING,TEMPORAL_DATE_DISTRICT_CONTEXTUAL_LINK,FARM_POINT_COORDINATES,DAILY_DERIVED_HOURLY,Maize,Co 6,35,Vegetative,Kharif,Sandy Loam,60.0,25.0,15.0,WELL_DRAINED,ESTIMATED,0.2239583333333333,0.239,28.32,LOW_WASH_RISK,LOW,UNLABELLED,UNLABELLED,UNLABELLED,UNLABELLED,UNLABELLED
2025-11-28,4,Nagapattinam,10.7656,79.8424,24.133333333333336,65.0125,3.4000000000000004,0.2266666666666666,5.9,11.0,11.0,2.1,1,4,NO_OFFICIAL_WARNING,TEMPORAL_DATE_DISTRICT_CONTEXTUAL_LINK,FARM_POINT_COORDINATES,DAILY_DERIVED_HOURLY,Cotton,MCU 5,65,Boll Formation,Kharif,Black Clay,20.0,20.0,60.0,POOR,LAB_VERIFIED,0.2266666666666666,0.283,31.36,LOW_WASH_RISK,MODERATE,UNLABELLED,UNLABELLED,UNLABELLED,UNLABELLED,UNLABELLED
2025-11-28,5,Coimbatore,11.0168,76.9558,24.0,65.29583333333333,0.8,0.2210416666666666,3.8,9.2,8.5,1.0,1,5,NO_OFFICIAL_WARNING,TEMPORAL_DATE_DISTRICT_CONTEXTUAL_LINK,FARM_POINT_COORDINATES,DAILY_DERIVED_HOURLY,Groundnut,TMV 7,50,Pegging,Kharif,Red Sandy,70.0,15.0,15.0,WELL_DRAINED,FARMER_VERIFIED,0.2210416666666666,0.242,28.82,LOW_WASH_RISK,LOW,UNLABELLED,UNLABELLED,UNLABELLED,UNLABELLED,UNLABELLED
2025-11-28,6,Tiruchirappalli,10.7905,78.7047,24.058333333333334,64.56666666666666,3.0,0.2260833333333333,4.1,8.4,16.1,2.0,1,5,NO_OFFICIAL_WARNING,TEMPORAL_DATE_DISTRICT_CONTEXTUAL_LINK,FARM_POINT_COORDINATES,DAILY_DERIVED_HOURLY,Banana,Grand Naine,120,Shooting,Annual,Alluvial Loam,35.0,45.0,20.0,MODERATE,LAB_VERIFIED,0.2260833333333333,0.257,35.33,LOW_WASH_RISK,LOW,UNLABELLED,UNLABELLED,UNLABELLED,UNLABELLED,UNLABELLED
2025-11-28,7,Tirunelveli,8.7139,77.7567,23.84166666666667,64.85833333333333,3.1,0.2300416666666666,4.5,6.0,3.3,1.5,1,3,NO_OFFICIAL_WARNING,TEMPORAL_DATE_DISTRICT_CONTEXTUAL_LINK,FARM_POINT_COORDINATES,DAILY_DERIVED_HOURLY,Tomato,PKM 1,30,Vegetative,Rabi,Red Loam,45.0,35.0,20.0,MODERATE,ESTIMATED,0.2300416666666666,0.271,25.61,LOW_WASH_RISK,LOW,UNLABELLED,UNLABELLED,UNLABELLED,UNLABELLED,UNLABELLED
2025-11-28,8,Villupuram,11.9401,79.4861,24.04583333333333,64.80416666666666,7.7,0.227625,7.7,7.7,7.3,7.4,2,2,NO_OFFICIAL_WARNING,TEMPORAL_DATE_DISTRICT_CONTEXTUAL_LINK,FARM_POINT_COORDINATES,DAILY_DERIVED_HOURLY,Sugarcane,Co 86032,150,Grand Growth,Annual,Clay Loam,30.0,35.0,35.0,MODERATE,LAB_VERIFIED,0.227625,0.262,28.53,LOW_WASH_RISK,LOW,UNLABELLED,UNLABELLED,UNLABELLED,UNLABELLED,UNLABELLED
2025-11-28,9,Erode,11.341,77.7172,24.03333333333333,64.95833333333333,5.6,0.2245,10.6,14.4,9.1,3.5,2,6,NO_OFFICIAL_WARNING,TEMPORAL_DATE_DISTRICT_CONTEXTUAL_LINK,FARM_POINT_COORDINATES,DAILY_DERIVED_HOURLY,Chilli,K1,40,Flowering,Rabi,Black Soil,30.0,25.0,45.0,POOR,FARMER_VERIFIED,0.2245,0.249,29.64,LOW_WASH_RISK,MODERATE,UNLABELLED,UNLABELLED,UNLABELLED,UNLABELLED,UNLABELLED
2025-11-28,10,Tiruvarur,10.7708,79.6373,24.0125,65.03750000000001,7.2,0.2249583333333333,8.7,12.7,11.7,3.7,3,8,NO_OFFICIAL_WARNING,TEMPORAL_DATE_DISTRICT_CONTEXTUAL_LINK,FARM_POINT_COORDINATES,DAILY_DERIVED_HOURLY,Pulses,Vamban 3,25,Vegetative,Rabi,Loamy Sand,65.0,20.0,15.0,WELL_DRAINED,ESTIMATED,0.2249583333333333,0.259,31.74,LOW_WASH_RISK,LOW,UNLABELLED,UNLABELLED,UNLABELLED,UNLABELLED,UNLABELLED
2025-11-29,1,Thanjavur,10.787,79.1378,23.8375,64.97916666666667,4.1,0.2232083333333333,4.9,11.7,11.7,2.6,2,4,NO_OFFICIAL_WARNING,TEMPORAL_DATE_DISTRICT_CONTEXTUAL_LINK,FARM_POINT_COORDINATES,DAILY_DERIVED_HOURLY,Paddy,CR1009 Sub1,45,Tillering,Samba,Clay Loam,25.0,35.0,40.0,POOR,LAB_VERIFIED,0.2232083333333333,0.253,31.56,LOW_WASH_RISK,MODERATE,UNLABELLED,UNLABELLED,UNLABELLED,UNLABELLED,UNLABELLED
2025-11-29,2,Cuddalore,11.748,79.7714,24.0625,64.74583333333334,7.399999999999999,0.2254166666666666,7.5,8.9,6.8,4.1,1,2,NO_OFFICIAL_WARNING,TEMPORAL_DATE_DISTRICT_CONTEXTUAL_LINK,FARM_POINT_COORDINATES,DAILY_DERIVED_HOURLY,Paddy,ADT 45,80,Flowering,Samba,Clay,15.0,30.0,55.0,POOR,FARMER_VERIFIED,0.2254166666666666,0.253,27.91,LOW_WASH_RISK,LOW,UNLABELLED,UNLABELLED,UNLABELLED,UNLABELLED,UNLABELLED
2025-11-29,3,Madurai,9.9252,78.1198,23.979166666666668,64.47916666666667,11.7,0.2332499999999999,11.7,15.3,4.7,6.3,1,4,NO_OFFICIAL_WARNING,TEMPORAL_DATE_DISTRICT_CONTEXTUAL_LINK,FARM_POINT_COORDINATES,DAILY_DERIVED_HOURLY,Maize,Co 6,35,Vegetative,Kharif,Sandy Loam,60.0,25.0,15.0,WELL_DRAINED,ESTIMATED,0.2332499999999999,0.291,27.04,LOW_WASH_RISK,LOW,UNLABELLED,UNLABELLED,UNLABELLED,UNLABELLED,UNLABELLED
2025-11-29,4,Nagapattinam,10.7656,79.8424,24.15416666666667,64.77083333333333,1.7,0.2217916666666667,3.4,9.0,11.0,2.1,1,3,NO_OFFICIAL_WARNING,TEMPORAL_DATE_DISTRICT_CONTEXTUAL_LINK,FARM_POINT_COORDINATES,DAILY_DERIVED_HOURLY,Cotton,MCU 5,65,Boll Formation,Kharif,Black Clay,20.0,20.0,60.0,POOR,LAB_VERIFIED,0.2217916666666667,0.242,30.87,LOW_WASH_RISK,LOW,UNLABELLED,UNLABELLED,UNLABELLED,UNLABELLED,UNLABELLED
2025-11-29,5,Coimbatore,11.0168,76.9558,24.070833333333336,65.075,8.9,0.2310833333333333,8.9,9.7,9.2,3.1,1,4,NO_OFFICIAL_WARNING,TEMPORAL_DATE_DISTRICT_CONTEXTUAL_LINK,FARM_POINT_COORDINATES,DAILY_DERIVED_HOURLY,Groundnut,TMV 7,50,Pegging,Kharif,Red Sandy,70.0,15.0,15.0,WELL_DRAINED,FARMER_VERIFIED,0.2310833333333333,0.288,30.38,LOW_WASH_RISK,LOW,UNLABELLED,UNLABELLED,UNLABELLED,UNLABELLED,UNLABELLED
2025-11-29,6,Tiruchirappalli,10.7905,78.7047,23.9625,64.77083333333333,5.2,0.2240416666666666,5.6,8.2,8.4,3.7,1,3,NO_OFFICIAL_WARNING,TEMPORAL_DATE_DISTRICT_CONTEXTUAL_LINK,FARM_POINT_COORDINATES,DAILY_DERIVED_HOURLY,Banana,Grand Naine,120,Shooting,Annual,Alluvial Loam,35.0,45.0,20.0,MODERATE,LAB_VERIFIED,0.2240416666666666,0.277,29.04,LOW_WASH_RISK,LOW,UNLABELLED,UNLABELLED,UNLABELLED,UNLABELLED,UNLABELLED
2025-11-29,7,Tirunelveli,8.7139,77.7567,24.14583333333333,64.97916666666667,4.9,0.2335,6.2,9.4,6.0,3.0,2,4,NO_OFFICIAL_WARNING,TEMPORAL_DATE_DISTRICT_CONTEXTUAL_LINK,FARM_POINT_COORDINATES,DAILY_DERIVED_HOURLY,Tomato,PKM 1,30,Vegetative,Rabi,Red Loam,45.0,35.0,20.0,MODERATE,ESTIMATED,0.2335,0.271,28.09,LOW_WASH_RISK,LOW,UNLABELLED,UNLABELLED,UNLABELLED,UNLABELLED,UNLABELLED
2025-11-29,8,Villupuram,11.9401,79.4861,24.02916666666667,65.39999999999999,2.7,0.2250833333333333,10.4,10.4,7.7,7.4,1,5,NO_OFFICIAL_WARNING,TEMPORAL_DATE_DISTRICT_CONTEXTUAL_LINK,FARM_POINT_COORDINATES,DAILY_DERIVED_HOURLY,Sugarcane,Co 86032,150,Grand Growth,Annual,Clay Loam,30.0,35.0,35.0,MODERATE,LAB_VERIFIED,0.2250833333333333,0.262,28.59,LOW_WASH_RISK,LOW,UNLABELLED,UNLABELLED,UNLABELLED,UNLABELLED,UNLABELLED
2025-11-29,9,Erode,11.341,77.7172,23.77916666666667,64.55,4.8,0.2225416666666666,6.6,14.8,14.4,2.4,1,6,NO_OFFICIAL_WARNING,TEMPORAL_DATE_DISTRICT_CONTEXTUAL_LINK,FARM_POINT_COORDINATES,DAILY_DERIVED_HOURLY,Chilli,K1,40,Flowering,Rabi,Black Soil,30.0,25.0,45.0,POOR,FARMER_VERIFIED,0.2225416666666666,0.268,33.63,LOW_WASH_RISK,MODERATE,UNLABELLED,UNLABELLED,UNLABELLED,UNLABELLED,UNLABELLED
2025-11-29,10,Tiruvarur,10.7708,79.6373,24.041666666666668,64.83333333333333,0.2,0.223375,6.8,12.7,12.7,3.7,1,6,NO_OFFICIAL_WARNING,TEMPORAL_DATE_DISTRICT_CONTEXTUAL_LINK,FARM_POINT_COORDINATES,DAILY_DERIVED_HOURLY,Pulses,Vamban 3,25,Vegetative,Rabi,Loamy Sand,65.0,20.0,15.0,WELL_DRAINED,ESTIMATED,0.223375,0.245,32.37,LOW_WASH_RISK,LOW,UNLABELLED,UNLABELLED,UNLABELLED,UNLABELLED,UNLABELLED
