state,district,year,season,crop,area_ha,production_tonnes,yield_kg_per_ha,data_source,spatial_resolution,temporal_resolution
Tamil Nadu,Thanjavur,2015,Samba,Paddy,13151.8,51036.9,3880.6,GOI_OPEN_GOVERNMENT_DATA_APY,DISTRICT,ANNUAL_SEASONAL
Tamil Nadu,Thanjavur,2015,Kuruvai,Maize,24619.0,87931.7,3571.7,GOI_OPEN_GOVERNMENT_DATA_APY,DISTRICT,ANNUAL_SEASONAL
Tamil Nadu,Thanjavur,2015,Rabi,Groundnut,20930.5,41408.9,1978.4,GOI_OPEN_GOVERNMENT_DATA_APY,DISTRICT,ANNUAL_SEASONAL
Tamil Nadu,Thanjavur,2015,Kharif,Cotton,7021.6,13696.3,1950.6,GOI_OPEN_GOVERNMENT_DATA_APY,DISTRICT,ANNUAL_SEASONAL
Tamil Nadu,Thanjavur,2015,Samba,Banana,14078.6,470892.6,33447.4,GOI_OPEN_GOVERNMENT_DATA_APY,DISTRICT,ANNUAL_SEASONAL
Tamil Nadu,Thanjavur,2015,Rabi,Sugarcane,1124.7,121290.2,107842.3,GOI_OPEN_GOVERNMENT_DATA_APY,DISTRICT,ANNUAL_SEASONAL
Tamil Nadu,Thanjavur,2015,Kuruvai,Tomato,6192.7,97542.5,15751.2,GOI_OPEN_GOVERNMENT_DATA_APY,DISTRICT,ANNUAL_SEASONAL
Tamil Nadu,Thanjavur,2015,Kharif,Chilli,24458.8,55612.0,2273.7,GOI_OPEN_GOVERNMENT_DATA_APY,DISTRICT,ANNUAL_SEASONAL
Tamil Nadu,Thanjavur,2015,Samba,Onion,17290.0,243356.8,14075.0,GOI_OPEN_GOVERNMENT_DATA_APY,DISTRICT,ANNUAL_SEASONAL
Tamil Nadu,Thanjavur,2015,Kharif,Pulses,11684.3,10905.0,933.3,GOI_OPEN_GOVERNMENT_DATA_APY,DISTRICT,ANNUAL_SEASONAL
Tamil Nadu,Cuddalore,2015,Samba,Paddy,4082.9,15992.7,3917.0,GOI_OPEN_GOVERNMENT_DATA_APY,DISTRICT,ANNUAL_SEASONAL
Tamil Nadu,Cuddalore,2015,Kuruvai,Maize,14680.3,66001.2,4495.9,GOI_OPEN_GOVERNMENT_DATA_APY,DISTRICT,ANNUAL_SEASONAL
Tamil Nadu,Cuddalore,2015,Kharif,Groundnut,18422.0,42473.8,2305.6,GOI_OPEN_GOVERNMENT_DATA_APY,DISTRICT,ANNUAL_SEASONAL
Tamil Nadu,Cuddalore,2015,Rabi,Cotton,10373.4,17872.3,1722.9,GOI_OPEN_GOVERNMENT_DATA_APY,DISTRICT,ANNUAL_SEASONAL
Tamil Nadu,Cuddalore,2015,Kuruvai,Banana,17958.6,657550.5,36614.8,GOI_OPEN_GOVERNMENT_DATA_APY,DISTRICT,ANNUAL_SEASONAL
Tamil Nadu,Cuddalore,2015,Samba,Sugarcane,20841.8,2213442.9,106202.1,GOI_OPEN_GOVERNMENT_DATA_APY,DISTRICT,ANNUAL_SEASONAL
Tamil Nadu,Cuddalore,2015,Kuruvai,Tomato,8721.2,170980.9,19605.2,GOI_OPEN_GOVERNMENT_DATA_APY,DISTRICT,ANNUAL_SEASONAL
Tamil Nadu,Cuddalore,2015,Kharif,Chilli,17686.9,43469.1,2457.7,GOI_OPEN_GOVERNMENT_DATA_APY,DISTRICT,ANNUAL_SEASONAL
Tamil Nadu,Cuddalore,2015,Kuruvai,Onion,2106.1,32804.6,15576.0,GOI_OPEN_GOVERNMENT_DATA_APY,DISTRICT,ANNUAL_SEASONAL
Tamil Nadu,Cuddalore,2015,Kuruvai,Pulses,4525.4,4078.7,901.3,GOI_OPEN_GOVERNMENT_DATA_APY,DISTRICT,ANNUAL_SEASONAL
Tamil Nadu,Madurai,2015,Samba,Paddy,12447.1,49863.1,4006.0,GOI_OPEN_GOVERNMENT_DATA_APY,DISTRICT,ANNUAL_SEASONAL
Tamil Nadu,Madurai,2015,Samba,Maize,10703.9,48054.1,4489.4,GOI_OPEN_GOVERNMENT_DATA_APY,DISTRICT,ANNUAL_SEASONAL
Tamil Nadu,Madurai,2015,Rabi,Groundnut,14592.5,27155.2,1860.9,GOI_OPEN_GOVERNMENT_DATA_APY,DISTRICT,ANNUAL_SEASONAL
Tamil Nadu,Madurai,2015,Samba,Cotton,1998.6,3806.7,1904.7,GOI_OPEN_GOVERNMENT_DATA_APY,DISTRICT,ANNUAL_SEASONAL
Tamil Nadu,Madurai,2015,Samba,Banana,4867.8,167427.5,34394.9,GOI_OPEN_GOVERNMENT_DATA_APY,DISTRICT,ANNUAL_SEASONAL
Tamil Nadu,Madurai,2015,Kuruvai,Sugarcane,20911.4,2303917.7,110175.2,GOI_OPEN_GOVERNMENT_DATA_APY,DISTRICT,ANNUAL_SEASONAL
Tamil Nadu,Madurai,2015,Samba,Tomato,11797.4,221099.8,18741.4,GOI_OPEN_GOVERNMENT_DATA_APY,DISTRICT,ANNUAL_SEASONAL
Tamil Nadu,Madurai,2015,Kharif,Chilli,19425.7,42849.2,2205.8,GOI_OPEN_GOVERNMENT_DATA_APY,DISTRICT,ANNUAL_SEASONAL
Tamil Nadu,Madurai,2015,Kuruvai,Onion,16122.6,246861.2,15311.5,GOI_OPEN_GOVERNMENT_DATA_APY,DISTRICT,ANNUAL_SEASONAL
Tamil Nadu,Madurai,2015,Kharif,Pulses,19744.9,15999.3,810.3,GOI_OPEN_GOVERNMENT_DATA_APY,DISTRICT,ANNUAL_SEASONAL
Tamil Nadu,Nagapattinam,2015,Samba,Paddy,24613.5,86238.3,3503.7,GOI_OPEN_GOVERNMENT_DATA_APY,DISTRICT,ANNUAL_SEASONAL
Tamil Nadu,Nagapattinam,2015,Rabi,Maize,16668.2,70628.2,4237.3,GOI_OPEN_GOVERNMENT_DATA_APY,DISTRICT,ANNUAL_SEASONAL
Tamil Nadu,Nagapattinam,2015,Rabi,Groundnut,10374.8,19690.3,1897.9,GOI_OPEN_GOVERNMENT_DATA_APY,DISTRICT,ANNUAL_SEASONAL
Tamil Nadu,Nagapattinam,2015,Samba,Cotton,17337.4,33032.9,1905.3,GOI_OPEN_GOVERNMENT_DATA_APY,DISTRICT,ANNUAL_SEASONAL
Tamil Nadu,Nagapattinam,2015,Samba,Banana,9798.8,337817.5,34475.4,GOI_OPEN_GOVERNMENT_DATA_APY,DISTRICT,ANNUAL_SEASONAL
Tamil Nadu,Nagapattinam,2015,Kharif,Sugarcane,7826.0,754592.3,96421.2,GOI_OPEN_GOVERNMENT_DATA_APY,DISTRICT,ANNUAL_SEASONAL
Tamil Nadu,Nagapattinam,2015,Samba,Tomato,9425.8,183629.7,19481.6,GOI_OPEN_GOVERNMENT_DATA_APY,DISTRICT,ANNUAL_SEASONAL
Tamil Nadu,Nagapattinam,2015,Samba,Chilli,15376.8,35157.5,2286.4,GOI_OPEN_GOVERNMENT_DATA_APY,DISTRICT,ANNUAL_SEASONAL
Tamil Nadu,Nagapattinam,2015,Kuruvai,Onion,10669.1,145981.0,13682.6,GOI_OPEN_GOVERNMENT_DATA_APY,DISTRICT,ANNUAL_SEASONAL
Tamil Nadu,Nagapattinam,2015,Rabi,Pulses,9931.0,8572.4,863.2,GOI_OPEN_GOVERNMENT_DATA_APY,DISTRICT,ANNUAL_SEASONAL
Tamil Nadu,Coimbatore,2015,Samba,Paddy,17908.2,71629.2,3999.8,GOI_OPEN_GOVERNMENT_DATA_APY,DISTRICT,ANNUAL_SEASONAL
Tamil Nadu,Coimbatore,2015,Samba,Maize,6743.6,26799.1,3974.0,GOI_OPEN_GOVERNMENT_DATA_APY,DISTRICT,ANNUAL_SEASONAL
Tamil Nadu,Coimbatore,2015,Kharif,Groundnut,6374.9,15270.4,2395.4,GOI_OPEN_GOVERNMENT_DATA_APY,DISTRICT,ANNUAL_SEASONAL
Tamil Nadu,Coimbatore,2015,Kharif,Cotton,24033.4,49280.5,2050.5,GOI_OPEN_GOVERNMENT_DATA_APY,DISTRICT,ANNUAL_SEASONAL
Tamil Nadu,Coimbatore,2015,Kharif,Banana,23629.4,790169.5,33440.1,GOI_OPEN_GOVERNMENT_DATA_APY,DISTRICT,ANNUAL_SEASONAL
Tamil Nadu,Coimbatore,2015,Kharif,Sugarcane,9658.0,1143508.2,118400.1,GOI_OPEN_GOVERNMENT_DATA_APY,DISTRICT,ANNUAL_SEASONAL
Tamil Nadu,Coimbatore,2015,Kuruvai,Tomato,10019.0,204269.4,20388.2,GOI_OPEN_GOVERNMENT_DATA_APY,DISTRICT,ANNUAL_SEASONAL
Tamil Nadu,Coimbatore,2015,Samba,Chilli,4774.4,10079.7,2111.2,GOI_OPEN_GOVERNMENT_DATA_APY,DISTRICT,ANNUAL_SEASONAL
Tamil Nadu,Coimbatore,2015,Kharif,Onion,19135.0,259428.5,13557.8,GOI_OPEN_GOVERNMENT_DATA_APY,DISTRICT,ANNUAL_SEASONAL
Tamil Nadu,Coimbatore,2015,Kuruvai,Pulses,11106.1,9785.6,881.1,GOI_OPEN_GOVERNMENT_DATA_APY,DISTRICT,ANNUAL_SEASONAL
Tamil Nadu,Tiruchirappalli,2015,Samba,Paddy,15418.1,52904.1,3431.3,GOI_OPEN_GOVERNMENT_DATA_APY,DISTRICT,ANNUAL_SEASONAL
Tamil Nadu,Tiruchirappalli,2015,Rabi,Maize,9236.6,35765.0,3872.1,GOI_OPEN_GOVERNMENT_DATA_APY,DISTRICT,ANNUAL_SEASONAL
Tamil Nadu,Tiruchirappalli,2015,Samba,Groundnut,16271.2,33668.4,2069.2,GOI_OPEN_GOVERNMENT_DATA_APY,DISTRICT,ANNUAL_SEASONAL
Tamil Nadu,Tiruchirappalli,2015,Samba,Cotton,9375.7,16149.6,1722.5,GOI_OPEN_GOVERNMENT_DATA_APY,DISTRICT,ANNUAL_SEASONAL
Tamil Nadu,Tiruchirappalli,2015,Kuruvai,Banana,5508.3,175540.7,31868.4,GOI_OPEN_GOVERNMENT_DATA_APY,DISTRICT,ANNUAL_SEASONAL
Tamil Nadu,Tiruchirappalli,2015,Samba,Sugarcane,13928.0,1489162.3,106918.6,GOI_OPEN_GOVERNMENT_DATA_APY,DISTRICT,ANNUAL_SEASONAL
Tamil Nadu,Tiruchirappalli,2015,Kharif,Tomato,8700.8,160617.6,18460.1,GOI_OPEN_GOVERNMENT_DATA_APY,DISTRICT,ANNUAL_SEASONAL
Tamil Nadu,Tiruchirappalli,2015,Samba,Chilli,15831.4,30659.1,1936.6,GOI_OPEN_GOVERNMENT_DATA_APY,DISTRICT,ANNUAL_SEASONAL
Tamil Nadu,Tiruchirappalli,2015,Rabi,Onion,7915.2,120701.3,15249.3,GOI_OPEN_GOVERNMENT_DATA_APY,DISTRICT,ANNUAL_SEASONAL
Tamil Nadu,Tiruchirappalli,2015,Kuruvai,Pulses,7021.2,6701.7,954.5,GOI_OPEN_GOVERNMENT_DATA_APY,DISTRICT,ANNUAL_SEASONAL
Tamil Nadu,Tirunelveli,2015,Samba,Paddy,14700.6,53510.2,3640.0,GOI_OPEN_GOVERNMENT_DATA_APY,DISTRICT,ANNUAL_SEASONAL
Tamil Nadu,Tirunelveli,2015,Kuruvai,Maize,5478.5,23674.8,4321.4,GOI_OPEN_GOVERNMENT_DATA_APY,DISTRICT,ANNUAL_SEASONAL
Tamil Nadu,Tirunelveli,2015,Kuruvai,Groundnut,1615.0,3783.3,2342.6,GOI_OPEN_GOVERNMENT_DATA_APY,DISTRICT,ANNUAL_SEASONAL
Tamil Nadu,Tirunelveli,2015,Samba,Cotton,5856.0,9811.7,1675.5,GOI_OPEN_GOVERNMENT_DATA_APY,DISTRICT,ANNUAL_SEASONAL
Tamil Nadu,Tirunelveli,2015,Samba,Banana,24818.5,754566.8,30403.4,GOI_OPEN_GOVERNMENT_DATA_APY,DISTRICT,ANNUAL_SEASONAL
Tamil Nadu,Tirunelveli,2015,Rabi,Sugarcane,1597.8,171590.6,107391.8,GOI_OPEN_GOVERNMENT_DATA_APY,DISTRICT,ANNUAL_SEASONAL
Tamil Nadu,Tirunelveli,2015,Kharif,Tomato,13899.8,232495.0,16726.5,GOI_OPEN_GOVERNMENT_DATA_APY,DISTRICT,ANNUAL_SEASONAL
Tamil Nadu,Tirunelveli,2015,Kuruvai,Chilli,23142.3,43396.4,1875.2,GOI_OPEN_GOVERNMENT_DATA_APY,DISTRICT,ANNUAL_SEASONAL
Tamil Nadu,Tirunelveli,2015,Rabi,Onion,13025.3,167166.7,12834.0,GOI_OPEN_GOVERNMENT_DATA_APY,DISTRICT,ANNUAL_SEASONAL
Tamil Nadu,Tirunelveli,2015,Kharif,Pulses,8179.6,7455.7,911.5,GOI_OPEN_GOVERNMENT_DATA_APY,DISTRICT,ANNUAL_SEASONAL
Tamil Nadu,Villupuram,2015,Samba,Paddy,9125.8,30662.7,3360.0,GOI_OPEN_GOVERNMENT_DATA_APY,DISTRICT,ANNUAL_SEASONAL
Tamil Nadu,Villupuram,2015,Rabi,Maize,2582.5,10258.2,3972.2,GOI_OPEN_GOVERNMENT_DATA_APY,DISTRICT,ANNUAL_SEASONAL
Tamil Nadu,Villupuram,2015,Kuruvai,Groundnut,2999.1,6682.9,2228.3,GOI_OPEN_GOVERNMENT_DATA_APY,DISTRICT,ANNUAL_SEASONAL
Tamil Nadu,Villupuram,2015,Kharif,Cotton,17402.8,35233.7,2024.6,GOI_OPEN_GOVERNMENT_DATA_APY,DISTRICT,ANNUAL_SEASONAL
Tamil Nadu,Villupuram,2015,Kharif,Banana,8402.4,287928.4,34267.4,GOI_OPEN_GOVERNMENT_DATA_APY,DISTRICT,ANNUAL_SEASONAL
Tamil Nadu,Villupuram,2015,Samba,Sugarcane,5982.4,534152.9,89287.4,GOI_OPEN_GOVERNMENT_DATA_APY,DISTRICT,ANNUAL_SEASONAL
Tamil Nadu,Villupuram,2015,Kharif,Tomato,1358.0,21702.2,15981.0,GOI_OPEN_GOVERNMENT_DATA_APY,DISTRICT,ANNUAL_SEASONAL
Tamil Nadu,Villupuram,2015,Kuruvai,Chilli,22978.2,52121.5,2268.3,GOI_OPEN_GOVERNMENT_DATA_APY,DISTRICT,ANNUAL_SEASONAL
Tamil Nadu,Villupuram,2015,Samba,Onion,9713.7,155240.5,15981.6,GOI_OPEN_GOVERNMENT_DATA_APY,DISTRICT,ANNUAL_SEASONAL
Tamil Nadu,Villupuram,2015,Kuruvai,Pulses,16248.9,15082.2,928.2,GOI_OPEN_GOVERNMENT_DATA_APY,DISTRICT,ANNUAL_SEASONAL
Tamil Nadu,Erode,2015,Samba,Paddy,3697.9,15023.8,4062.8,GOI_OPEN_GOVERNMENT_DATA_APY,DISTRICT,ANNUAL_SEASONAL
Tamil Nadu,Erode,2015,Samba,Maize,11840.1,49964.0,4219.9,GOI_OPEN_GOVERNMENT_DATA_APY,DISTRICT,ANNUAL_SEASONAL
Tamil Nadu,Erode,2015,Samba,Groundnut,5415.8,11820.5,2182.6,GOI_OPEN_GOVERNMENT_DATA_APY,DISTRICT,ANNUAL_SEASONAL
Tamil Nadu,Erode,2015,Kuruvai,Cotton,7663.6,12487.8,1629.5,GOI_OPEN_GOVERNMENT_DATA_APY,DISTRICT,ANNUAL_SEASONAL
Tamil Nadu,Erode,2015,Kuruvai,Banana,9588.0,328105.2,34220.4,GOI_OPEN_GOVERNMENT_DATA_APY,DISTRICT,ANNUAL_SEASONAL
Tamil Nadu,Erode,2015,Kharif,Sugarcane,12664.9,1216585.2,96059.6,GOI_OPEN_GOVERNMENT_DATA_APY,DISTRICT,ANNUAL_SEASONAL
Tamil Nadu,Erode,2015,Kharif,Tomato,18925.3,342794.0,18113.0,GOI_OPEN_GOVERNMENT_DATA_APY,DISTRICT,ANNUAL_SEASONAL
Tamil Nadu,Erode,2015,Rabi,Chilli,10897.6,22992.8,2109.9,GOI_OPEN_GOVERNMENT_DATA_APY,DISTRICT,ANNUAL_SEASONAL
Tamil Nadu,Erode,2015,Rabi,Onion,18130.7,250078.6,13793.1,GOI_OPEN_GOVERNMENT_DATA_APY,DISTRICT,ANNUAL_SEASONAL
Tamil Nadu,Erode,2015,Samba,Pulses,21979.4,16412.0,746.7,GOI_OPEN_GOVERNMENT_DATA_APY,DISTRICT,ANNUAL_SEASONAL
Tamil Nadu,Tiruvarur,2015,Samba,Paddy,6723.9,27065.7,4025.3,GOI_OPEN_GOVERNMENT_DATA_APY,DISTRICT,ANNUAL_SEASONAL
Tamil Nadu,Tiruvarur,2015,Kharif,Maize,784.7,3592.3,4577.9,GOI_OPEN_GOVERNMENT_DATA_APY,DISTRICT,ANNUAL_SEASONAL
Tamil Nadu,Tiruvarur,2015,Kuruvai,Groundnut,3578.1,8098.3,2263.3,GOI_OPEN_GOVERNMENT_DATA_APY,DISTRICT,ANNUAL_SEASONAL
Tamil Nadu,Tiruvarur,2015,Kuruvai,Cotton,11225.5,20937.8,1865.2,GOI_OPEN_GOVERNMENT_DATA_APY,DISTRICT,ANNUAL_SEASONAL
Tamil Nadu,Tiruvarur,2015,Kuruvai,Banana,2362.2,94386.0,39956.8,GOI_OPEN_GOVERNMENT_DATA_APY,DISTRICT,ANNUAL_SEASONAL
Tamil Nadu,Tiruvarur,2015,Rabi,Sugarcane,15006.0,1426635.4,95071.0,GOI_OPEN_GOVERNMENT_DATA_APY,DISTRICT,ANNUAL_SEASONAL
Tamil Nadu,Tiruvarur,2015,Kharif,Tomato,530.2,9904.1,18680.0,GOI_OPEN_GOVERNMENT_DATA_APY,DISTRICT,ANNUAL_SEASONAL
Tamil Nadu,Tiruvarur,2015,Kuruvai,Chilli,17407.1,42936.4,2466.6,GOI_OPEN_GOVERNMENT_DATA_APY,DISTRICT,ANNUAL_SEASONAL
Tamil Nadu,Tiruvarur,2015,Samba,Onion,19449.1,273897.8,14082.8,GOI_OPEN_GOVERNMENT_DATA_APY,DISTRICT,ANNUAL_SEASONAL
Tamil Nadu,Tiruvarur,2015,Rabi,Pulses,4837.1,3916.6,809.7,GOI_OPEN_GOVERNMENT_DATA_APY,DISTRICT,ANNUAL_SEASONAL
Tamil Nadu,Thanjavur,2016,Samba,Paddy,6760.5,23630.0,3495.3,GOI_OPEN_GOVERNMENT_DATA_APY,DISTRICT,ANNUAL_SEASONAL
Tamil Nadu,Thanjavur,2016,Kuruvai,Maize,22848.8,81734.7,3577.2,GOI_OPEN_GOVERNMENT_DATA_APY,DISTRICT,ANNUAL_SEASONAL
Tamil Nadu,Thanjavur,2016,Rabi,Groundnut,1255.7,2709.8,2158.0,GOI_OPEN_GOVERNMENT_DATA_APY,DISTRICT,ANNUAL_SEASONAL
Tamil Nadu,Thanjavur,2016,Samba,Cotton,2950.1,6010.2,2037.3,GOI_OPEN_GOVERNMENT_DATA_APY,DISTRICT,ANNUAL_SEASONAL
Tamil Nadu,Thanjavur,2016,Samba,Banana,8135.1,315270.1,38754.3,GOI_OPEN_GOVERNMENT_DATA_APY,DISTRICT,ANNUAL_SEASONAL
Tamil Nadu,Thanjavur,2016,Kuruvai,Sugarcane,21411.3,2365473.3,110477.8,GOI_OPEN_GOVERNMENT_DATA_APY,DISTRICT,ANNUAL_SEASONAL
Tamil Nadu,Thanjavur,2016,Kuruvai,Tomato,21664.3,428974.8,19801.0,GOI_OPEN_GOVERNMENT_DATA_APY,DISTRICT,ANNUAL_SEASONAL
Tamil Nadu,Thanjavur,2016,Kharif,Chilli,8756.1,20765.1,2371.5,GOI_OPEN_GOVERNMENT_DATA_APY,DISTRICT,ANNUAL_SEASONAL
Tamil Nadu,Thanjavur,2016,Kuruvai,Onion,20734.6,296444.6,14297.1,GOI_OPEN_GOVERNMENT_DATA_APY,DISTRICT,ANNUAL_SEASONAL
Tamil Nadu,Thanjavur,2016,Kharif,Pulses,23971.9,21661.0,903.6,GOI_OPEN_GOVERNMENT_DATA_APY,DISTRICT,ANNUAL_SEASONAL
Tamil Nadu,Cuddalore,2016,Samba,Paddy,14145.8,61721.0,4363.2,GOI_OPEN_GOVERNMENT_DATA_APY,DISTRICT,ANNUAL_SEASONAL
Tamil Nadu,Cuddalore,2016,Kuruvai,Maize,22441.3,101470.6,4521.6,GOI_OPEN_GOVERNMENT_DATA_APY,DISTRICT,ANNUAL_SEASONAL
Tamil Nadu,Cuddalore,2016,Samba,Groundnut,14657.2,34041.3,2322.5,GOI_OPEN_GOVERNMENT_DATA_APY,DISTRICT,ANNUAL_SEASONAL
Tamil Nadu,Cuddalore,2016,Kharif,Cotton,19625.2,30739.0,1566.3,GOI_OPEN_GOVERNMENT_DATA_APY,DISTRICT,ANNUAL_SEASONAL
Tamil Nadu,Cuddalore,2016,Kuruvai,Banana,23694.3,742408.8,31332.8,GOI_OPEN_GOVERNMENT_DATA_APY,DISTRICT,ANNUAL_SEASONAL
Tamil Nadu,Cuddalore,2016,Kharif,Sugarcane,13914.1,1247719.1,89673.0,GOI_OPEN_GOVERNMENT_DATA_APY,DISTRICT,ANNUAL_SEASONAL
Tamil Nadu,Cuddalore,2016,Kharif,Tomato,933.1,14282.5,15306.5,GOI_OPEN_GOVERNMENT_DATA_APY,DISTRICT,ANNUAL_SEASONAL
Tamil Nadu,Cuddalore,2016,Kuruvai,Chilli,14628.1,29360.1,2007.1,GOI_OPEN_GOVERNMENT_DATA_APY,DISTRICT,ANNUAL_SEASONAL
Tamil Nadu,Cuddalore,2016,Kuruvai,Onion,10659.1,141397.2,13265.4,GOI_OPEN_GOVERNMENT_DATA_APY,DISTRICT,ANNUAL_SEASONAL
Tamil Nadu,Cuddalore,2016,Samba,Pulses,19116.2,18674.6,976.9,GOI_OPEN_GOVERNMENT_DATA_APY,DISTRICT,ANNUAL_SEASONAL
Tamil Nadu,Madurai,2016,Samba,Paddy,19794.1,72104.0,3642.7,GOI_OPEN_GOVERNMENT_DATA_APY,DISTRICT,ANNUAL_SEASONAL
Tamil Nadu,Madurai,2016,Kharif,Maize,9653.4,45418.3,4704.9,GOI_OPEN_GOVERNMENT_DATA_APY,DISTRICT,ANNUAL_SEASONAL
Tamil Nadu,Madurai,2016,Kuruvai,Groundnut,9809.3,21794.3,2221.8,GOI_OPEN_GOVERNMENT_DATA_APY,DISTRICT,ANNUAL_SEASONAL
Tamil Nadu,Madurai,2016,Kharif,Cotton,21940.6,33856.5,1543.1,GOI_OPEN_GOVERNMENT_DATA_APY,DISTRICT,ANNUAL_SEASONAL
Tamil Nadu,Madurai,2016,Samba,Banana,4976.6,172543.2,34670.9,GOI_OPEN_GOVERNMENT_DATA_APY,DISTRICT,ANNUAL_SEASONAL
Tamil Nadu,Madurai,2016,Samba,Sugarcane,17739.8,1982736.6,111767.7,GOI_OPEN_GOVERNMENT_DATA_APY,DISTRICT,ANNUAL_SEASONAL
Tamil Nadu,Madurai,2016,Kharif,Tomato,7502.6,139448.6,18586.7,GOI_OPEN_GOVERNMENT_DATA_APY,DISTRICT,ANNUAL_SEASONAL
Tamil Nadu,Madurai,2016,Kharif,Chilli,5583.8,13992.4,2505.9,GOI_OPEN_GOVERNMENT_DATA_APY,DISTRICT,ANNUAL_SEASONAL
Tamil Nadu,Madurai,2016,Rabi,Onion,7381.3,97056.7,13149.0,GOI_OPEN_GOVERNMENT_DATA_APY,DISTRICT,ANNUAL_SEASONAL
Tamil Nadu,Madurai,2016,Kharif,Pulses,14121.0,11953.4,846.5,GOI_OPEN_GOVERNMENT_DATA_APY,DISTRICT,ANNUAL_SEASONAL
Tamil Nadu,Nagapattinam,2016,Samba,Paddy,14371.8,60094.2,4181.4,GOI_OPEN_GOVERNMENT_DATA_APY,DISTRICT,ANNUAL_SEASONAL
Tamil Nadu,Nagapattinam,2016,Rabi,Maize,2965.4,13656.6,4605.3,GOI_OPEN_GOVERNMENT_DATA_APY,DISTRICT,ANNUAL_SEASONAL
Tamil Nadu,Nagapattinam,2016,Rabi,Groundnut,3691.0,8078.1,2188.6,GOI_OPEN_GOVERNMENT_DATA_APY,DISTRICT,ANNUAL_SEASONAL
Tamil Nadu,Nagapattinam,2016,Kharif,Cotton,16428.3,33065.2,2012.7,GOI_OPEN_GOVERNMENT_DATA_APY,DISTRICT,ANNUAL_SEASONAL
Tamil Nadu,Nagapattinam,2016,Samba,Banana,24341.1,866131.8,35583.1,GOI_OPEN_GOVERNMENT_DATA_APY,DISTRICT,ANNUAL_SEASONAL
Tamil Nadu,Nagapattinam,2016,Kuruvai,Sugarcane,24378.3,2352291.4,96491.2,GOI_OPEN_GOVERNMENT_DATA_APY,DISTRICT,ANNUAL_SEASONAL
Tamil Nadu,Nagapattinam,2016,Kuruvai,Tomato,19313.5,305831.2,15835.1,GOI_OPEN_GOVERNMENT_DATA_APY,DISTRICT,ANNUAL_SEASONAL
Tamil Nadu,Nagapattinam,2016,Rabi,Chilli,17978.9,42018.5,2337.1,GOI_OPEN_GOVERNMENT_DATA_APY,DISTRICT,ANNUAL_SEASONAL
Tamil Nadu,Nagapattinam,2016,Samba,Onion,7532.3,110629.1,14687.3,GOI_OPEN_GOVERNMENT_DATA_APY,DISTRICT,ANNUAL_SEASONAL
Tamil Nadu,Nagapattinam,2016,Samba,Pulses,5636.4,4691.2,832.3,GOI_OPEN_GOVERNMENT_DATA_APY,DISTRICT,ANNUAL_SEASONAL
Tamil Nadu,Coimbatore,2016,Samba,Paddy,22850.6,98269.0,4300.5,GOI_OPEN_GOVERNMENT_DATA_APY,DISTRICT,ANNUAL_SEASONAL
Tamil Nadu,Coimbatore,2016,Kuruvai,Maize,11561.3,48758.6,4217.4,GOI_OPEN_GOVERNMENT_DATA_APY,DISTRICT,ANNUAL_SEASONAL
Tamil Nadu,Coimbatore,2016,Rabi,Groundnut,12249.3,25285.0,2064.2,GOI_OPEN_GOVERNMENT_DATA_APY,DISTRICT,ANNUAL_SEASONAL
Tamil Nadu,Coimbatore,2016,Rabi,Cotton,22059.3,39413.4,1786.7,GOI_OPEN_GOVERNMENT_DATA_APY,DISTRICT,ANNUAL_SEASONAL
Tamil Nadu,Coimbatore,2016,Rabi,Banana,12066.2,397469.1,32940.7,GOI_OPEN_GOVERNMENT_DATA_APY,DISTRICT,ANNUAL_SEASONAL
Tamil Nadu,Coimbatore,2016,Rabi,Sugarcane,3607.0,421618.3,116888.9,GOI_OPEN_GOVERNMENT_DATA_APY,DISTRICT,ANNUAL_SEASONAL
Tamil Nadu,Coimbatore,2016,Samba,Tomato,16909.5,295982.2,17503.9,GOI_OPEN_GOVERNMENT_DATA_APY,DISTRICT,ANNUAL_SEASONAL
Tamil Nadu,Coimbatore,2016,Kharif,Chilli,23353.4,45074.4,1930.1,GOI_OPEN_GOVERNMENT_DATA_APY,DISTRICT,ANNUAL_SEASONAL
Tamil Nadu,Coimbatore,2016,Kharif,Onion,1326.6,21314.9,16067.3,GOI_OPEN_GOVERNMENT_DATA_APY,DISTRICT,ANNUAL_SEASONAL
Tamil Nadu,Coimbatore,2016,Rabi,Pulses,22765.8,17413.6,764.9,GOI_OPEN_GOVERNMENT_DATA_APY,DISTRICT,ANNUAL_SEASONAL
Tamil Nadu,Tiruchirappalli,2016,Samba,Paddy,24280.8,89130.0,3670.8,GOI_OPEN_GOVERNMENT_DATA_APY,DISTRICT,ANNUAL_SEASONAL
Tamil Nadu,Tiruchirappalli,2016,Kuruvai,Maize,12406.6,49409.3,3982.5,GOI_OPEN_GOVERNMENT_DATA_APY,DISTRICT,ANNUAL_SEASONAL
Tamil Nadu,Tiruchirappalli,2016,Rabi,Groundnut,13567.0,28382.2,2092.0,GOI_OPEN_GOVERNMENT_DATA_APY,DISTRICT,ANNUAL_SEASONAL
Tamil Nadu,Tiruchirappalli,2016,Kuruvai,Cotton,7101.9,12857.3,1810.4,GOI_OPEN_GOVERNMENT_DATA_APY,DISTRICT,ANNUAL_SEASONAL
Tamil Nadu,Tiruchirappalli,2016,Samba,Banana,1270.3,45160.7,35551.2,GOI_OPEN_GOVERNMENT_DATA_APY,DISTRICT,ANNUAL_SEASONAL
Tamil Nadu,Tiruchirappalli,2016,Kuruvai,Sugarcane,22438.2,2073161.8,92394.3,GOI_OPEN_GOVERNMENT_DATA_APY,DISTRICT,ANNUAL_SEASONAL
Tamil Nadu,Tiruchirappalli,2016,Samba,Tomato,9109.1,183443.6,20138.5,GOI_OPEN_GOVERNMENT_DATA_APY,DISTRICT,ANNUAL_SEASONAL
Tamil Nadu,Tiruchirappalli,2016,Kharif,Chilli,1361.9,2866.8,2105.0,GOI_OPEN_GOVERNMENT_DATA_APY,DISTRICT,ANNUAL_SEASONAL
Tamil Nadu,Tiruchirappalli,2016,Rabi,Onion,17943.3,267983.2,14935.0,GOI_OPEN_GOVERNMENT_DATA_APY,DISTRICT,ANNUAL_SEASONAL
Tamil Nadu,Tiruchirappalli,2016,Kuruvai,Pulses,525.6,472.9,899.8,GOI_OPEN_GOVERNMENT_DATA_APY,DISTRICT,ANNUAL_SEASONAL
Tamil Nadu,Tirunelveli,2016,Samba,Paddy,14340.9,49805.9,3473.0,GOI_OPEN_GOVERNMENT_DATA_APY,DISTRICT,ANNUAL_SEASONAL
Tamil Nadu,Tirunelveli,2016,Samba,Maize,16835.0,67159.9,3989.3,GOI_OPEN_GOVERNMENT_DATA_APY,DISTRICT,ANNUAL_SEASONAL
Tamil Nadu,Tirunelveli,2016,Samba,Groundnut,16294.0,36086.3,2214.7,GOI_OPEN_GOVERNMENT_DATA_APY,DISTRICT,ANNUAL_SEASONAL
Tamil Nadu,Tirunelveli,2016,Samba,Cotton,7497.8,11892.3,1586.1,GOI_OPEN_GOVERNMENT_DATA_APY,DISTRICT,ANNUAL_SEASONAL
Tamil Nadu,Tirunelveli,2016,Kuruvai,Banana,1162.7,40021.3,34421.0,GOI_OPEN_GOVERNMENT_DATA_APY,DISTRICT,ANNUAL_SEASONAL
Tamil Nadu,Tirunelveli,2016,Kharif,Sugarcane,17220.5,1834527.4,106531.6,GOI_OPEN_GOVERNMENT_DATA_APY,DISTRICT,ANNUAL_SEASONAL
Tamil Nadu,Tirunelveli,2016,Rabi,Tomato,17446.7,270703.0,15516.0,GOI_OPEN_GOVERNMENT_DATA_APY,DISTRICT,ANNUAL_SEASONAL
Tamil Nadu,Tirunelveli,2016,Samba,Chilli,20846.4,46475.0,2229.4,GOI_OPEN_GOVERNMENT_DATA_APY,DISTRICT,ANNUAL_SEASONAL
Tamil Nadu,Tirunelveli,2016,Samba,Onion,2129.7,28646.6,13451.0,GOI_OPEN_GOVERNMENT_DATA_APY,DISTRICT,ANNUAL_SEASONAL
Tamil Nadu,Tirunelveli,2016,Kuruvai,Pulses,7101.6,5246.0,738.7,GOI_OPEN_GOVERNMENT_DATA_APY,DISTRICT,ANNUAL_SEASONAL
Tamil Nadu,Villupuram,2016,Samba,Paddy,4014.2,16136.7,4019.9,GOI_OPEN_GOVERNMENT_DATA_APY,DISTRICT,ANNUAL_SEASONAL
Tamil Nadu,Villupuram,2016,Rabi,Maize,2825.1,10908.0,3861.1,GOI_OPEN_GOVERNMENT_DATA_APY,DISTRICT,ANNUAL_SEASONAL
Tamil Nadu,Villupuram,2016,Rabi,Groundnut,13840.9,30404.3,2196.7,GOI_OPEN_GOVERNMENT_DATA_APY,DISTRICT,ANNUAL_SEASONAL
Tamil Nadu,Villupuram,2016,Kuruvai,Cotton,10066.7,17001.6,1688.9,GOI_OPEN_GOVERNMENT_DATA_APY,DISTRICT,ANNUAL_SEASONAL
Tamil Nadu,Villupuram,2016,Rabi,Banana,2461.9,82490.9,33507.0,GOI_OPEN_GOVERNMENT_DATA_APY,DISTRICT,ANNUAL_SEASONAL
Tamil Nadu,Villupuram,2016,Kuruvai,Sugarcane,898.8,87495.8,97347.4,GOI_OPEN_GOVERNMENT_DATA_APY,DISTRICT,ANNUAL_SEASONAL
Tamil Nadu,Villupuram,2016,Samba,Tomato,16404.6,286657.3,17474.2,GOI_OPEN_GOVERNMENT_DATA_APY,DISTRICT,ANNUAL_SEASONAL
Tamil Nadu,Villupuram,2016,Kharif,Chilli,21048.6,52080.6,2474.3,GOI_OPEN_GOVERNMENT_DATA_APY,DISTRICT,ANNUAL_SEASONAL
Tamil Nadu,Villupuram,2016,Kuruvai,Onion,19317.5,273095.4,14137.2,GOI_OPEN_GOVERNMENT_DATA_APY,DISTRICT,ANNUAL_SEASONAL
Tamil Nadu,Villupuram,2016,Samba,Pulses,18940.0,15303.5,808.0,GOI_OPEN_GOVERNMENT_DATA_APY,DISTRICT,ANNUAL_SEASONAL
Tamil Nadu,Erode,2016,Samba,Paddy,17570.9,74447.9,4237.0,GOI_OPEN_GOVERNMENT_DATA_APY,DISTRICT,ANNUAL_SEASONAL
Tamil Nadu,Erode,2016,Samba,Maize,14426.0,68063.3,4718.1,GOI_OPEN_GOVERNMENT_DATA_APY,DISTRICT,ANNUAL_SEASONAL
Tamil Nadu,Erode,2016,Rabi,Groundnut,8226.6,19349.8,2352.1,GOI_OPEN_GOVERNMENT_DATA_APY,DISTRICT,ANNUAL_SEASONAL
Tamil Nadu,Erode,2016,Kuruvai,Cotton,4119.3,6304.6,1530.5,GOI_OPEN_GOVERNMENT_DATA_APY,DISTRICT,ANNUAL_SEASONAL
Tamil Nadu,Erode,2016,Samba,Banana,14686.6,589640.6,40148.2,GOI_OPEN_GOVERNMENT_DATA_APY,DISTRICT,ANNUAL_SEASONAL
Tamil Nadu,Erode,2016,Samba,Sugarcane,13897.3,1471318.3,105870.8,GOI_OPEN_GOVERNMENT_DATA_APY,DISTRICT,ANNUAL_SEASONAL
Tamil Nadu,Erode,2016,Rabi,Tomato,22400.6,430817.3,19232.4,GOI_OPEN_GOVERNMENT_DATA_APY,DISTRICT,ANNUAL_SEASONAL
Tamil Nadu,Erode,2016,Rabi,Chilli,19149.2,37528.6,1959.8,GOI_OPEN_GOVERNMENT_DATA_APY,DISTRICT,ANNUAL_SEASONAL
Tamil Nadu,Erode,2016,Kuruvai,Onion,2342.2,32038.3,13678.7,GOI_OPEN_GOVERNMENT_DATA_APY,DISTRICT,ANNUAL_SEASONAL
Tamil Nadu,Erode,2016,Kharif,Pulses,2738.7,2508.6,916.0,GOI_OPEN_GOVERNMENT_DATA_APY,DISTRICT,ANNUAL_SEASONAL
Tamil Nadu,Tiruvarur,2016,Samba,Paddy,24777.0,87457.9,3529.8,GOI_OPEN_GOVERNMENT_DATA_APY,DISTRICT,ANNUAL_SEASONAL
Tamil Nadu,Tiruvarur,2016,Samba,Maize,15053.0,60957.1,4049.5,GOI_OPEN_GOVERNMENT_DATA_APY,DISTRICT,ANNUAL_SEASONAL
Tamil Nadu,Tiruvarur,2016,Kuruvai,Groundnut,15719.2,37661.6,2395.9,GOI_OPEN_GOVERNMENT_DATA_APY,DISTRICT,ANNUAL_SEASONAL
Tamil Nadu,Tiruvarur,2016,Kharif,Cotton,24523.8,43012.3,1753.9,GOI_OPEN_GOVERNMENT_DATA_APY,DISTRICT,ANNUAL_SEASONAL
Tamil Nadu,Tiruvarur,2016,Samba,Banana,23878.9,781964.7,32747.1,GOI_OPEN_GOVERNMENT_DATA_APY,DISTRICT,ANNUAL_SEASONAL
Tamil Nadu,Tiruvarur,2016,Kharif,Sugarcane,3342.5,336152.2,100569.1,GOI_OPEN_GOVERNMENT_DATA_APY,DISTRICT,ANNUAL_SEASONAL
Tamil Nadu,Tiruvarur,2016,Rabi,Tomato,21963.2,450342.2,20504.4,GOI_OPEN_GOVERNMENT_DATA_APY,DISTRICT,ANNUAL_SEASONAL
Tamil Nadu,Tiruvarur,2016,Rabi,Chilli,23382.8,55658.1,2380.3,GOI_OPEN_GOVERNMENT_DATA_APY,DISTRICT,ANNUAL_SEASONAL
Tamil Nadu,Tiruvarur,2016,Rabi,Onion,22551.1,298263.1,13226.1,GOI_OPEN_GOVERNMENT_DATA_APY,DISTRICT,ANNUAL_SEASONAL
Tamil Nadu,Tiruvarur,2016,Rabi,Pulses,8820.3,6669.0,756.1,GOI_OPEN_GOVERNMENT_DATA_APY,DISTRICT,ANNUAL_SEASONAL
Tamil Nadu,Thanjavur,2017,Samba,Paddy,21807.8,71385.7,3273.4,GOI_OPEN_GOVERNMENT_DATA_APY,DISTRICT,ANNUAL_SEASONAL
Tamil Nadu,Thanjavur,2017,Kuruvai,Maize,8028.0,37961.2,4728.6,GOI_OPEN_GOVERNMENT_DATA_APY,DISTRICT,ANNUAL_SEASONAL
Tamil Nadu,Thanjavur,2017,Rabi,Groundnut,919.9,2084.1,2265.6,GOI_OPEN_GOVERNMENT_DATA_APY,DISTRICT,ANNUAL_SEASONAL
Tamil Nadu,Thanjavur,2017,Kharif,Cotton,17413.2,31429.1,1804.9,GOI_OPEN_GOVERNMENT_DATA_APY,DISTRICT,ANNUAL_SEASONAL
Tamil Nadu,Thanjavur,2017,Samba,Banana,16027.4,535477.0,33410.1,GOI_OPEN_GOVERNMENT_DATA_APY,DISTRICT,ANNUAL_SEASONAL
Tamil Nadu,Thanjavur,2017,Kuruvai,Sugarcane,2463.5,225986.7,91734.0,GOI_OPEN_GOVERNMENT_DATA_APY,DISTRICT,ANNUAL_SEASONAL
Tamil Nadu,Thanjavur,2017,Rabi,Tomato,15768.1,247138.2,15673.3,GOI_OPEN_GOVERNMENT_DATA_APY,DISTRICT,ANNUAL_SEASONAL
Tamil Nadu,Thanjavur,2017,Rabi,Chilli,24435.0,55494.3,2271.1,GOI_OPEN_GOVERNMENT_DATA_APY,DISTRICT,ANNUAL_SEASONAL
Tamil Nadu,Thanjavur,2017,Rabi,Onion,20180.7,290957.3,14417.6,GOI_OPEN_GOVERNMENT_DATA_APY,DISTRICT,ANNUAL_SEASONAL
Tamil Nadu,Thanjavur,2017,Rabi,Pulses,24948.9,20268.5,812.4,GOI_OPEN_GOVERNMENT_DATA_APY,DISTRICT,ANNUAL_SEASONAL
Tamil Nadu,Cuddalore,2017,Samba,Paddy,3649.4,15117.6,4142.5,GOI_OPEN_GOVERNMENT_DATA_APY,DISTRICT,ANNUAL_SEASONAL
Tamil Nadu,Cuddalore,2017,Kharif,Maize,1361.6,5988.3,4398.0,GOI_OPEN_GOVERNMENT_DATA_APY,DISTRICT,ANNUAL_SEASONAL
Tamil Nadu,Cuddalore,2017,Kharif,Groundnut,11453.4,25972.9,2267.7,GOI_OPEN_GOVERNMENT_DATA_APY,DISTRICT,ANNUAL_SEASONAL
Tamil Nadu,Cuddalore,2017,Samba,Cotton,12189.4,23017.2,1888.3,GOI_OPEN_GOVERNMENT_DATA_APY,DISTRICT,ANNUAL_SEASONAL
Tamil Nadu,Cuddalore,2017,Kuruvai,Banana,11091.7,428312.7,38615.6,GOI_OPEN_GOVERNMENT_DATA_APY,DISTRICT,ANNUAL_SEASONAL
Tamil Nadu,Cuddalore,2017,Kharif,Sugarcane,7435.9,731041.9,98312.5,GOI_OPEN_GOVERNMENT_DATA_APY,DISTRICT,ANNUAL_SEASONAL
Tamil Nadu,Cuddalore,2017,Kharif,Tomato,21466.2,345253.8,16083.6,GOI_OPEN_GOVERNMENT_DATA_APY,DISTRICT,ANNUAL_SEASONAL
Tamil Nadu,Cuddalore,2017,Kharif,Chilli,24271.8,47696.5,1965.1,GOI_OPEN_GOVERNMENT_DATA_APY,DISTRICT,ANNUAL_SEASONAL
Tamil Nadu,Cuddalore,2017,Kuruvai,Onion,18235.1,272122.4,14923.0,GOI_OPEN_GOVERNMENT_DATA_APY,DISTRICT,ANNUAL_SEASONAL
Tamil Nadu,Cuddalore,2017,Kuruvai,Pulses,3929.3,3447.2,877.3,GOI_OPEN_GOVERNMENT_DATA_APY,DISTRICT,ANNUAL_SEASONAL
Tamil Nadu,Madurai,2017,Samba,Paddy,19247.7,67823.1,3523.7,GOI_OPEN_GOVERNMENT_DATA_APY,DISTRICT,ANNUAL_SEASONAL
Tamil Nadu,Madurai,2017,Kuruvai,Maize,24790.0,90436.4,3648.1,GOI_OPEN_GOVERNMENT_DATA_APY,DISTRICT,ANNUAL_SEASONAL
Tamil Nadu,Madurai,2017,Kuruvai,Groundnut,7213.4,13391.0,1856.4,GOI_OPEN_GOVERNMENT_DATA_APY,DISTRICT,ANNUAL_SEASONAL
Tamil Nadu,Madurai,2017,Kuruvai,Cotton,24120.3,49736.1,2062.0,GOI_OPEN_GOVERNMENT_DATA_APY,DISTRICT,ANNUAL_SEASONAL
Tamil Nadu,Madurai,2017,Kharif,Banana,16770.5,542420.0,32343.7,GOI_OPEN_GOVERNMENT_DATA_APY,DISTRICT,ANNUAL_SEASONAL
Tamil Nadu,Madurai,2017,Kuruvai,Sugarcane,21172.4,2458160.1,116102.1,GOI_OPEN_GOVERNMENT_DATA_APY,DISTRICT,ANNUAL_SEASONAL
Tamil Nadu,Madurai,2017,Samba,Tomato,869.3,17826.0,20506.2,GOI_OPEN_GOVERNMENT_DATA_APY,DISTRICT,ANNUAL_SEASONAL
Tamil Nadu,Madurai,2017,Kuruvai,Chilli,16387.5,34459.6,2102.8,GOI_OPEN_GOVERNMENT_DATA_APY,DISTRICT,ANNUAL_SEASONAL
Tamil Nadu,Madurai,2017,Kharif,Onion,17728.9,275044.4,15513.9,GOI_OPEN_GOVERNMENT_DATA_APY,DISTRICT,ANNUAL_SEASONAL
Tamil Nadu,Madurai,2017,Kuruvai,Pulses,1366.0,1215.9,890.1,GOI_OPEN_GOVERNMENT_DATA_APY,DISTRICT,ANNUAL_SEASONAL
Tamil Nadu,Nagapattinam,2017,Samba,Paddy,832.7,3096.6,3718.8,GOI_OPEN_GOVERNMENT_DATA_APY,DISTRICT,ANNUAL_SEASONAL
Tamil Nadu,Nagapattinam,2017,Kharif,Maize,19062.2,77575.5,4069.6,GOI_OPEN_GOVERNMENT_DATA_APY,DISTRICT,ANNUAL_SEASONAL
Tamil Nadu,Nagapattinam,2017,Kuruvai,Groundnut,3563.7,6680.2,1874.5,GOI_OPEN_GOVERNMENT_DATA_APY,DISTRICT,ANNUAL_SEASONAL
Tamil Nadu,Nagapattinam,2017,Rabi,Cotton,16311.2,29190.5,1789.6,GOI_OPEN_GOVERNMENT_DATA_APY,DISTRICT,ANNUAL_SEASONAL
Tamil Nadu,Nagapattinam,2017,Samba,Banana,7847.5,251009.4,31985.9,GOI_OPEN_GOVERNMENT_DATA_APY,DISTRICT,ANNUAL_SEASONAL
Tamil Nadu,Nagapattinam,2017,Kharif,Sugarcane,8002.1,892596.6,111545.3,GOI_OPEN_GOVERNMENT_DATA_APY,DISTRICT,ANNUAL_SEASONAL
Tamil Nadu,Nagapattinam,2017,Kuruvai,Tomato,8363.1,161221.3,19277.7,GOI_OPEN_GOVERNMENT_DATA_APY,DISTRICT,ANNUAL_SEASONAL
Tamil Nadu,Nagapattinam,2017,Rabi,Chilli,18343.2,34428.4,1876.9,GOI_OPEN_GOVERNMENT_DATA_APY,DISTRICT,ANNUAL_SEASONAL
Tamil Nadu,Nagapattinam,2017,Kuruvai,Onion,22451.9,272049.7,12117.0,GOI_OPEN_GOVERNMENT_DATA_APY,DISTRICT,ANNUAL_SEASONAL
Tamil Nadu,Nagapattinam,2017,Kharif,Pulses,6642.9,4893.8,736.7,GOI_OPEN_GOVERNMENT_DATA_APY,DISTRICT,ANNUAL_SEASONAL
Tamil Nadu,Coimbatore,2017,Samba,Paddy,12694.5,43468.5,3424.2,GOI_OPEN_GOVERNMENT_DATA_APY,DISTRICT,ANNUAL_SEASONAL
Tamil Nadu,Coimbatore,2017,Rabi,Maize,10782.4,49334.9,4575.5,GOI_OPEN_GOVERNMENT_DATA_APY,DISTRICT,ANNUAL_SEASONAL
Tamil Nadu,Coimbatore,2017,Rabi,Groundnut,12301.2,28947.2,2353.2,GOI_OPEN_GOVERNMENT_DATA_APY,DISTRICT,ANNUAL_SEASONAL
Tamil Nadu,Coimbatore,2017,Kuruvai,Cotton,19103.7,33719.9,1765.1,GOI_OPEN_GOVERNMENT_DATA_APY,DISTRICT,ANNUAL_SEASONAL
Tamil Nadu,Coimbatore,2017,Rabi,Banana,21970.8,714956.2,32541.2,GOI_OPEN_GOVERNMENT_DATA_APY,DISTRICT,ANNUAL_SEASONAL
Tamil Nadu,Coimbatore,2017,Samba,Sugarcane,1761.9,174728.7,99170.6,GOI_OPEN_GOVERNMENT_DATA_APY,DISTRICT,ANNUAL_SEASONAL
Tamil Nadu,Coimbatore,2017,Kharif,Tomato,17898.3,310165.0,17329.3,GOI_OPEN_GOVERNMENT_DATA_APY,DISTRICT,ANNUAL_SEASONAL
Tamil Nadu,Coimbatore,2017,Kharif,Chilli,19488.5,44958.0,2306.9,GOI_OPEN_GOVERNMENT_DATA_APY,DISTRICT,ANNUAL_SEASONAL
Tamil Nadu,Coimbatore,2017,Kuruvai,Onion,6801.8,83859.4,12329.0,GOI_OPEN_GOVERNMENT_DATA_APY,DISTRICT,ANNUAL_SEASONAL
Tamil Nadu,Coimbatore,2017,Samba,Pulses,13477.3,10701.0,794.0,GOI_OPEN_GOVERNMENT_DATA_APY,DISTRICT,ANNUAL_SEASONAL
Tamil Nadu,Tiruchirappalli,2017,Samba,Paddy,16841.7,59075.6,3507.7,GOI_OPEN_GOVERNMENT_DATA_APY,DISTRICT,ANNUAL_SEASONAL
Tamil Nadu,Tiruchirappalli,2017,Kuruvai,Maize,10001.3,41296.4,4129.1,GOI_OPEN_GOVERNMENT_DATA_APY,DISTRICT,ANNUAL_SEASONAL
Tamil Nadu,Tiruchirappalli,2017,Rabi,Groundnut,9891.7,18993.1,1920.1,GOI_OPEN_GOVERNMENT_DATA_APY,DISTRICT,ANNUAL_SEASONAL
Tamil Nadu,Tiruchirappalli,2017,Kuruvai,Cotton,24659.3,38281.1,1552.4,GOI_OPEN_GOVERNMENT_DATA_APY,DISTRICT,ANNUAL_SEASONAL
Tamil Nadu,Tiruchirappalli,2017,Samba,Banana,19976.2,643461.4,32211.4,GOI_OPEN_GOVERNMENT_DATA_APY,DISTRICT,ANNUAL_SEASONAL
Tamil Nadu,Tiruchirappalli,2017,Rabi,Sugarcane,24819.0,2603230.2,104888.6,GOI_OPEN_GOVERNMENT_DATA_APY,DISTRICT,ANNUAL_SEASONAL
Tamil Nadu,Tiruchirappalli,2017,Kuruvai,Tomato,5790.4,116032.7,20038.8,GOI_OPEN_GOVERNMENT_DATA_APY,DISTRICT,ANNUAL_SEASONAL
Tamil Nadu,Tiruchirappalli,2017,Samba,Chilli,23159.6,44695.7,1929.9,GOI_OPEN_GOVERNMENT_DATA_APY,DISTRICT,ANNUAL_SEASONAL
Tamil Nadu,Tiruchirappalli,2017,Samba,Onion,11228.1,152190.2,13554.4,GOI_OPEN_GOVERNMENT_DATA_APY,DISTRICT,ANNUAL_SEASONAL
Tamil Nadu,Tiruchirappalli,2017,Samba,Pulses,22475.3,17288.0,769.2,GOI_OPEN_GOVERNMENT_DATA_APY,DISTRICT,ANNUAL_SEASONAL
Tamil Nadu,Tirunelveli,2017,Samba,Paddy,14755.3,53650.3,3636.0,GOI_OPEN_GOVERNMENT_DATA_APY,DISTRICT,ANNUAL_SEASONAL
Tamil Nadu,Tirunelveli,2017,Kuruvai,Maize,14150.9,51892.8,3667.1,GOI_OPEN_GOVERNMENT_DATA_APY,DISTRICT,ANNUAL_SEASONAL
Tamil Nadu,Tirunelveli,2017,Samba,Groundnut,20649.9,42753.6,2070.4,GOI_OPEN_GOVERNMENT_DATA_APY,DISTRICT,ANNUAL_SEASONAL
Tamil Nadu,Tirunelveli,2017,Kharif,Cotton,4874.6,9346.6,1917.4,GOI_OPEN_GOVERNMENT_DATA_APY,DISTRICT,ANNUAL_SEASONAL
Tamil Nadu,Tirunelveli,2017,Rabi,Banana,9180.2,354938.7,38663.5,GOI_OPEN_GOVERNMENT_DATA_APY,DISTRICT,ANNUAL_SEASONAL
Tamil Nadu,Tirunelveli,2017,Samba,Sugarcane,15687.1,1832844.7,116837.7,GOI_OPEN_GOVERNMENT_DATA_APY,DISTRICT,ANNUAL_SEASONAL
Tamil Nadu,Tirunelveli,2017,Rabi,Tomato,11216.6,212177.7,18916.4,GOI_OPEN_GOVERNMENT_DATA_APY,DISTRICT,ANNUAL_SEASONAL
Tamil Nadu,Tirunelveli,2017,Kharif,Chilli,4269.8,8438.4,1976.3,GOI_OPEN_GOVERNMENT_DATA_APY,DISTRICT,ANNUAL_SEASONAL
Tamil Nadu,Tirunelveli,2017,Samba,Onion,10272.7,137214.5,13357.2,GOI_OPEN_GOVERNMENT_DATA_APY,DISTRICT,ANNUAL_SEASONAL
Tamil Nadu,Tirunelveli,2017,Samba,Pulses,12428.9,9313.0,749.3,GOI_OPEN_GOVERNMENT_DATA_APY,DISTRICT,ANNUAL_SEASONAL
Tamil Nadu,Villupuram,2017,Samba,Paddy,23419.5,93877.1,4008.5,GOI_OPEN_GOVERNMENT_DATA_APY,DISTRICT,ANNUAL_SEASONAL
Tamil Nadu,Villupuram,2017,Samba,Maize,20948.7,90779.1,4333.4,GOI_OPEN_GOVERNMENT_DATA_APY,DISTRICT,ANNUAL_SEASONAL
Tamil Nadu,Villupuram,2017,Samba,Groundnut,8260.4,16497.7,1997.2,GOI_OPEN_GOVERNMENT_DATA_APY,DISTRICT,ANNUAL_SEASONAL
Tamil Nadu,Villupuram,2017,Kharif,Cotton,7051.7,12090.8,1714.6,GOI_OPEN_GOVERNMENT_DATA_APY,DISTRICT,ANNUAL_SEASONAL
Tamil Nadu,Villupuram,2017,Samba,Banana,10035.7,374935.8,37360.2,GOI_OPEN_GOVERNMENT_DATA_APY,DISTRICT,ANNUAL_SEASONAL
Tamil Nadu,Villupuram,2017,Rabi,Sugarcane,16772.7,1907151.6,113705.7,GOI_OPEN_GOVERNMENT_DATA_APY,DISTRICT,ANNUAL_SEASONAL
Tamil Nadu,Villupuram,2017,Kuruvai,Tomato,19674.1,367152.2,18661.7,GOI_OPEN_GOVERNMENT_DATA_APY,DISTRICT,ANNUAL_SEASONAL
Tamil Nadu,Villupuram,2017,Samba,Chilli,11897.8,22400.0,1882.7,GOI_OPEN_GOVERNMENT_DATA_APY,DISTRICT,ANNUAL_SEASONAL
Tamil Nadu,Villupuram,2017,Samba,Onion,20083.7,322178.7,16041.8,GOI_OPEN_GOVERNMENT_DATA_APY,DISTRICT,ANNUAL_SEASONAL
Tamil Nadu,Villupuram,2017,Kharif,Pulses,9966.0,7594.1,762.0,GOI_OPEN_GOVERNMENT_DATA_APY,DISTRICT,ANNUAL_SEASONAL
Tamil Nadu,Erode,2017,Samba,Paddy,6679.7,28171.0,4217.4,GOI_OPEN_GOVERNMENT_DATA_APY,DISTRICT,ANNUAL_SEASONAL
Tamil Nadu,Erode,2017,Samba,Maize,24311.7,99758.2,4103.3,GOI_OPEN_GOVERNMENT_DATA_APY,DISTRICT,ANNUAL_SEASONAL
Tamil Nadu,Erode,2017,Kuruvai,Groundnut,9538.4,20407.4,2139.5,GOI_OPEN_GOVERNMENT_DATA_APY,DISTRICT,ANNUAL_SEASONAL
Tamil Nadu,Erode,2017,Kuruvai,Cotton,24997.0,39355.3,1574.4,GOI_OPEN_GOVERNMENT_DATA_APY,DISTRICT,ANNUAL_SEASONAL
Tamil Nadu,Erode,2017,Samba,Banana,3455.5,116260.0,33644.9,GOI_OPEN_GOVERNMENT_DATA_APY,DISTRICT,ANNUAL_SEASONAL
Tamil Nadu,Erode,2017,Rabi,Sugarcane,21948.3,2458139.4,111996.8,GOI_OPEN_GOVERNMENT_DATA_APY,DISTRICT,ANNUAL_SEASONAL
Tamil Nadu,Erode,2017,Kuruvai,Tomato,19718.6,388831.1,19719.0,GOI_OPEN_GOVERNMENT_DATA_APY,DISTRICT,ANNUAL_SEASONAL
Tamil Nadu,Erode,2017,Samba,Chilli,14485.8,28748.5,1984.6,GOI_OPEN_GOVERNMENT_DATA_APY,DISTRICT,ANNUAL_SEASONAL
Tamil Nadu,Erode,2017,Samba,Onion,15442.4,191376.1,12392.9,GOI_OPEN_GOVERNMENT_DATA_APY,DISTRICT,ANNUAL_SEASONAL
Tamil Nadu,Erode,2017,Kharif,Pulses,3467.9,2746.6,792.0,GOI_OPEN_GOVERNMENT_DATA_APY,DISTRICT,ANNUAL_SEASONAL
Tamil Nadu,Tiruvarur,2017,Samba,Paddy,15198.5,65896.1,4335.7,GOI_OPEN_GOVERNMENT_DATA_APY,DISTRICT,ANNUAL_SEASONAL
Tamil Nadu,Tiruvarur,2017,Samba,Maize,3335.2,12841.5,3850.3,GOI_OPEN_GOVERNMENT_DATA_APY,DISTRICT,ANNUAL_SEASONAL
Tamil Nadu,Tiruvarur,2017,Samba,Groundnut,4921.9,10053.5,2042.6,GOI_OPEN_GOVERNMENT_DATA_APY,DISTRICT,ANNUAL_SEASONAL
Tamil Nadu,Tiruvarur,2017,Samba,Cotton,4948.0,8466.5,1711.1,GOI_OPEN_GOVERNMENT_DATA_APY,DISTRICT,ANNUAL_SEASONAL
Tamil Nadu,Tiruvarur,2017,Kharif,Banana,16023.3,561062.3,35015.4,GOI_OPEN_GOVERNMENT_DATA_APY,DISTRICT,ANNUAL_SEASONAL
Tamil Nadu,Tiruvarur,2017,Samba,Sugarcane,17128.7,1736875.9,101401.5,GOI_OPEN_GOVERNMENT_DATA_APY,DISTRICT,ANNUAL_SEASONAL
Tamil Nadu,Tiruvarur,2017,Rabi,Tomato,11409.9,210980.5,18491.0,GOI_OPEN_GOVERNMENT_DATA_APY,DISTRICT,ANNUAL_SEASONAL
Tamil Nadu,Tiruvarur,2017,Samba,Chilli,17896.8,41679.9,2328.9,GOI_OPEN_GOVERNMENT_DATA_APY,DISTRICT,ANNUAL_SEASONAL
Tamil Nadu,Tiruvarur,2017,Kuruvai,Onion,24736.1,382598.2,15467.2,GOI_OPEN_GOVERNMENT_DATA_APY,DISTRICT,ANNUAL_SEASONAL
Tamil Nadu,Tiruvarur,2017,Kuruvai,Pulses,17823.7,14134.2,793.0,GOI_OPEN_GOVERNMENT_DATA_APY,DISTRICT,ANNUAL_SEASONAL
Tamil Nadu,Thanjavur,2018,Samba,Paddy,5434.0,14860.4,2734.7,GOI_OPEN_GOVERNMENT_DATA_APY,DISTRICT,ANNUAL_SEASONAL
Tamil Nadu,Thanjavur,2018,Samba,Maize,7534.1,20765.5,2756.2,GOI_OPEN_GOVERNMENT_DATA_APY,DISTRICT,ANNUAL_SEASONAL
Tamil Nadu,Thanjavur,2018,Samba,Groundnut,10701.5,17327.9,1619.2,GOI_OPEN_GOVERNMENT_DATA_APY,DISTRICT,ANNUAL_SEASONAL
Tamil Nadu,Thanjavur,2018,Kharif,Cotton,17235.2,24432.6,1417.6,GOI_OPEN_GOVERNMENT_DATA_APY,DISTRICT,ANNUAL_SEASONAL
Tamil Nadu,Thanjavur,2018,Samba,Banana,17429.8,429426.7,24637.5,GOI_OPEN_GOVERNMENT_DATA_APY,DISTRICT,ANNUAL_SEASONAL
Tamil Nadu,Thanjavur,2018,Rabi,Sugarcane,18503.3,1556221.9,84105.1,GOI_OPEN_GOVERNMENT_DATA_APY,DISTRICT,ANNUAL_SEASONAL
Tamil Nadu,Thanjavur,2018,Rabi,Tomato,12228.2,183623.5,15016.4,GOI_OPEN_GOVERNMENT_DATA_APY,DISTRICT,ANNUAL_SEASONAL
Tamil Nadu,Thanjavur,2018,Kharif,Chilli,17969.1,26400.2,1469.2,GOI_OPEN_GOVERNMENT_DATA_APY,DISTRICT,ANNUAL_SEASONAL
Tamil Nadu,Thanjavur,2018,Kuruvai,Onion,24891.2,291324.1,11703.9,GOI_OPEN_GOVERNMENT_DATA_APY,DISTRICT,ANNUAL_SEASONAL
Tamil Nadu,Thanjavur,2018,Samba,Pulses,9864.1,7064.7,716.2,GOI_OPEN_GOVERNMENT_DATA_APY,DISTRICT,ANNUAL_SEASONAL
Tamil Nadu,Cuddalore,2018,Samba,Paddy,8980.1,24504.0,2728.7,GOI_OPEN_GOVERNMENT_DATA_APY,DISTRICT,ANNUAL_SEASONAL
Tamil Nadu,Cuddalore,2018,Kuruvai,Maize,18251.6,49270.2,2699.5,GOI_OPEN_GOVERNMENT_DATA_APY,DISTRICT,ANNUAL_SEASONAL
Tamil Nadu,Cuddalore,2018,Rabi,Groundnut,1522.4,2197.7,1443.6,GOI_OPEN_GOVERNMENT_DATA_APY,DISTRICT,ANNUAL_SEASONAL
Tamil Nadu,Cuddalore,2018,Rabi,Cotton,21951.7,31142.9,1418.7,GOI_OPEN_GOVERNMENT_DATA_APY,DISTRICT,ANNUAL_SEASONAL
Tamil Nadu,Cuddalore,2018,Rabi,Banana,10799.7,313313.3,29011.3,GOI_OPEN_GOVERNMENT_DATA_APY,DISTRICT,ANNUAL_SEASONAL
Tamil Nadu,Cuddalore,2018,Rabi,Sugarcane,21700.7,1657156.6,76364.2,GOI_OPEN_GOVERNMENT_DATA_APY,DISTRICT,ANNUAL_SEASONAL
Tamil Nadu,Cuddalore,2018,Rabi,Tomato,1760.8,25207.1,14315.7,GOI_OPEN_GOVERNMENT_DATA_APY,DISTRICT,ANNUAL_SEASONAL
Tamil Nadu,Cuddalore,2018,Kharif,Chilli,1655.2,2831.1,1710.4,GOI_OPEN_GOVERNMENT_DATA_APY,DISTRICT,ANNUAL_SEASONAL
Tamil Nadu,Cuddalore,2018,Kuruvai,Onion,23923.7,270514.8,11307.4,GOI_OPEN_GOVERNMENT_DATA_APY,DISTRICT,ANNUAL_SEASONAL
Tamil Nadu,Cuddalore,2018,Samba,Pulses,19553.8,12882.0,658.8,GOI_OPEN_GOVERNMENT_DATA_APY,DISTRICT,ANNUAL_SEASONAL
Tamil Nadu,Madurai,2018,Samba,Paddy,11317.3,36155.4,3194.7,GOI_OPEN_GOVERNMENT_DATA_APY,DISTRICT,ANNUAL_SEASONAL
Tamil Nadu,Madurai,2018,Samba,Maize,5675.7,19161.2,3376.0,GOI_OPEN_GOVERNMENT_DATA_APY,DISTRICT,ANNUAL_SEASONAL
Tamil Nadu,Madurai,2018,Kuruvai,Groundnut,13531.1,20896.1,1544.3,GOI_OPEN_GOVERNMENT_DATA_APY,DISTRICT,ANNUAL_SEASONAL
Tamil Nadu,Madurai,2018,Samba,Cotton,15173.3,21106.1,1391.0,GOI_OPEN_GOVERNMENT_DATA_APY,DISTRICT,ANNUAL_SEASONAL
Tamil Nadu,Madurai,2018,Samba,Banana,22279.8,665052.0,29850.0,GOI_OPEN_GOVERNMENT_DATA_APY,DISTRICT,ANNUAL_SEASONAL
Tamil Nadu,Madurai,2018,Samba,Sugarcane,10182.2,810032.7,79553.8,GOI_OPEN_GOVERNMENT_DATA_APY,DISTRICT,ANNUAL_SEASONAL
Tamil Nadu,Madurai,2018,Kuruvai,Tomato,20510.3,297331.7,14496.7,GOI_OPEN_GOVERNMENT_DATA_APY,DISTRICT,ANNUAL_SEASONAL
Tamil Nadu,Madurai,2018,Kharif,Chilli,4543.9,7567.4,1665.4,GOI_OPEN_GOVERNMENT_DATA_APY,DISTRICT,ANNUAL_SEASONAL
Tamil Nadu,Madurai,2018,Samba,Onion,1336.2,15401.0,11526.0,GOI_OPEN_GOVERNMENT_DATA_APY,DISTRICT,ANNUAL_SEASONAL
Tamil Nadu,Madurai,2018,Rabi,Pulses,2384.4,1308.6,548.8,GOI_OPEN_GOVERNMENT_DATA_APY,DISTRICT,ANNUAL_SEASONAL
Tamil Nadu,Nagapattinam,2018,Samba,Paddy,6394.3,19050.5,2979.3,GOI_OPEN_GOVERNMENT_DATA_APY,DISTRICT,ANNUAL_SEASONAL
Tamil Nadu,Nagapattinam,2018,Kuruvai,Maize,4512.3,14300.4,3169.2,GOI_OPEN_GOVERNMENT_DATA_APY,DISTRICT,ANNUAL_SEASONAL
Tamil Nadu,Nagapattinam,2018,Kuruvai,Groundnut,17912.5,24126.3,1346.9,GOI_OPEN_GOVERNMENT_DATA_APY,DISTRICT,ANNUAL_SEASONAL
Tamil Nadu,Nagapattinam,2018,Rabi,Cotton,19689.1,24327.9,1235.6,GOI_OPEN_GOVERNMENT_DATA_APY,DISTRICT,ANNUAL_SEASONAL
Tamil Nadu,Nagapattinam,2018,Kharif,Banana,17958.7,527757.7,29387.3,GOI_OPEN_GOVERNMENT_DATA_APY,DISTRICT,ANNUAL_SEASONAL
Tamil Nadu,Nagapattinam,2018,Kuruvai,Sugarcane,11165.0,870290.5,77948.1,GOI_OPEN_GOVERNMENT_DATA_APY,DISTRICT,ANNUAL_SEASONAL
Tamil Nadu,Nagapattinam,2018,Kuruvai,Tomato,17483.1,239502.7,13699.1,GOI_OPEN_GOVERNMENT_DATA_APY,DISTRICT,ANNUAL_SEASONAL
Tamil Nadu,Nagapattinam,2018,Rabi,Chilli,20067.2,36702.9,1829.0,GOI_OPEN_GOVERNMENT_DATA_APY,DISTRICT,ANNUAL_SEASONAL
Tamil Nadu,Nagapattinam,2018,Kuruvai,Onion,4066.4,47128.8,11589.8,GOI_OPEN_GOVERNMENT_DATA_APY,DISTRICT,ANNUAL_SEASONAL
Tamil Nadu,Nagapattinam,2018,Kuruvai,Pulses,22127.6,14593.2,659.5,GOI_OPEN_GOVERNMENT_DATA_APY,DISTRICT,ANNUAL_SEASONAL
Tamil Nadu,Coimbatore,2018,Samba,Paddy,4113.7,11314.3,2750.4,GOI_OPEN_GOVERNMENT_DATA_APY,DISTRICT,ANNUAL_SEASONAL
Tamil Nadu,Coimbatore,2018,Rabi,Maize,24190.6,71580.0,2959.0,GOI_OPEN_GOVERNMENT_DATA_APY,DISTRICT,ANNUAL_SEASONAL
Tamil Nadu,Coimbatore,2018,Kuruvai,Groundnut,8485.6,11630.4,1370.6,GOI_OPEN_GOVERNMENT_DATA_APY,DISTRICT,ANNUAL_SEASONAL
Tamil Nadu,Coimbatore,2018,Rabi,Cotton,24046.8,29717.0,1235.8,GOI_OPEN_GOVERNMENT_DATA_APY,DISTRICT,ANNUAL_SEASONAL
Tamil Nadu,Coimbatore,2018,Rabi,Banana,8042.9,218254.5,27136.3,GOI_OPEN_GOVERNMENT_DATA_APY,DISTRICT,ANNUAL_SEASONAL
Tamil Nadu,Coimbatore,2018,Rabi,Sugarcane,21708.6,1481134.4,68228.0,GOI_OPEN_GOVERNMENT_DATA_APY,DISTRICT,ANNUAL_SEASONAL
Tamil Nadu,Coimbatore,2018,Kharif,Tomato,23779.1,310345.8,13051.2,GOI_OPEN_GOVERNMENT_DATA_APY,DISTRICT,ANNUAL_SEASONAL
Tamil Nadu,Coimbatore,2018,Kharif,Chilli,16692.1,23535.9,1410.0,GOI_OPEN_GOVERNMENT_DATA_APY,DISTRICT,ANNUAL_SEASONAL
Tamil Nadu,Coimbatore,2018,Rabi,Onion,23973.0,279577.9,11662.2,GOI_OPEN_GOVERNMENT_DATA_APY,DISTRICT,ANNUAL_SEASONAL
Tamil Nadu,Coimbatore,2018,Samba,Pulses,19028.0,10625.2,558.4,GOI_OPEN_GOVERNMENT_DATA_APY,DISTRICT,ANNUAL_SEASONAL
Tamil Nadu,Tiruchirappalli,2018,Samba,Paddy,23762.3,75345.5,3170.8,GOI_OPEN_GOVERNMENT_DATA_APY,DISTRICT,ANNUAL_SEASONAL
Tamil Nadu,Tiruchirappalli,2018,Rabi,Maize,11224.9,39190.6,3491.4,GOI_OPEN_GOVERNMENT_DATA_APY,DISTRICT,ANNUAL_SEASONAL
Tamil Nadu,Tiruchirappalli,2018,Kuruvai,Groundnut,2969.6,5189.1,1747.4,GOI_OPEN_GOVERNMENT_DATA_APY,DISTRICT,ANNUAL_SEASONAL
Tamil Nadu,Tiruchirappalli,2018,Kuruvai,Cotton,5366.9,6160.7,1147.9,GOI_OPEN_GOVERNMENT_DATA_APY,DISTRICT,ANNUAL_SEASONAL
Tamil Nadu,Tiruchirappalli,2018,Kuruvai,Banana,14955.8,451354.1,30179.2,GOI_OPEN_GOVERNMENT_DATA_APY,DISTRICT,ANNUAL_SEASONAL
Tamil Nadu,Tiruchirappalli,2018,Rabi,Sugarcane,11529.1,1036330.0,89888.2,GOI_OPEN_GOVERNMENT_DATA_APY,DISTRICT,ANNUAL_SEASONAL
Tamil Nadu,Tiruchirappalli,2018,Kuruvai,Tomato,8753.5,117642.7,13439.5,GOI_OPEN_GOVERNMENT_DATA_APY,DISTRICT,ANNUAL_SEASONAL
Tamil Nadu,Tiruchirappalli,2018,Kharif,Chilli,16802.3,24034.0,1430.4,GOI_OPEN_GOVERNMENT_DATA_APY,DISTRICT,ANNUAL_SEASONAL
Tamil Nadu,Tiruchirappalli,2018,Kuruvai,Onion,2935.0,34974.0,11916.2,GOI_OPEN_GOVERNMENT_DATA_APY,DISTRICT,ANNUAL_SEASONAL
Tamil Nadu,Tiruchirappalli,2018,Kuruvai,Pulses,17856.6,12949.6,725.2,GOI_OPEN_GOVERNMENT_DATA_APY,DISTRICT,ANNUAL_SEASONAL
Tamil Nadu,Tirunelveli,2018,Samba,Paddy,4987.3,12799.9,2566.5,GOI_OPEN_GOVERNMENT_DATA_APY,DISTRICT,ANNUAL_SEASONAL
Tamil Nadu,Tirunelveli,2018,Kharif,Maize,4371.0,15304.2,3501.3,GOI_OPEN_GOVERNMENT_DATA_APY,DISTRICT,ANNUAL_SEASONAL
Tamil Nadu,Tirunelveli,2018,Kuruvai,Groundnut,7198.5,12421.7,1725.6,GOI_OPEN_GOVERNMENT_DATA_APY,DISTRICT,ANNUAL_SEASONAL
Tamil Nadu,Tirunelveli,2018,Rabi,Cotton,20351.7,26349.3,1294.7,GOI_OPEN_GOVERNMENT_DATA_APY,DISTRICT,ANNUAL_SEASONAL
Tamil Nadu,Tirunelveli,2018,Kuruvai,Banana,4671.4,110637.0,23683.9,GOI_OPEN_GOVERNMENT_DATA_APY,DISTRICT,ANNUAL_SEASONAL
Tamil Nadu,Tirunelveli,2018,Samba,Sugarcane,6215.0,452018.2,72730.2,GOI_OPEN_GOVERNMENT_DATA_APY,DISTRICT,ANNUAL_SEASONAL
Tamil Nadu,Tirunelveli,2018,Kharif,Tomato,12500.3,147672.3,11813.5,GOI_OPEN_GOVERNMENT_DATA_APY,DISTRICT,ANNUAL_SEASONAL
Tamil Nadu,Tirunelveli,2018,Samba,Chilli,22229.7,35022.9,1575.5,GOI_OPEN_GOVERNMENT_DATA_APY,DISTRICT,ANNUAL_SEASONAL
Tamil Nadu,Tirunelveli,2018,Samba,Onion,10233.4,103853.7,10148.5,GOI_OPEN_GOVERNMENT_DATA_APY,DISTRICT,ANNUAL_SEASONAL
Tamil Nadu,Tirunelveli,2018,Samba,Pulses,16903.8,11491.2,679.8,GOI_OPEN_GOVERNMENT_DATA_APY,DISTRICT,ANNUAL_SEASONAL
Tamil Nadu,Villupuram,2018,Samba,Paddy,2164.2,6793.0,3138.8,GOI_OPEN_GOVERNMENT_DATA_APY,DISTRICT,ANNUAL_SEASONAL
Tamil Nadu,Villupuram,2018,Kuruvai,Maize,11031.3,37675.2,3415.3,GOI_OPEN_GOVERNMENT_DATA_APY,DISTRICT,ANNUAL_SEASONAL
Tamil Nadu,Villupuram,2018,Rabi,Groundnut,7023.2,10659.8,1517.8,GOI_OPEN_GOVERNMENT_DATA_APY,DISTRICT,ANNUAL_SEASONAL
Tamil Nadu,Villupuram,2018,Rabi,Cotton,13454.8,20713.7,1539.5,GOI_OPEN_GOVERNMENT_DATA_APY,DISTRICT,ANNUAL_SEASONAL
Tamil Nadu,Villupuram,2018,Kharif,Banana,4590.6,110810.2,24138.5,GOI_OPEN_GOVERNMENT_DATA_APY,DISTRICT,ANNUAL_SEASONAL
Tamil Nadu,Villupuram,2018,Kharif,Sugarcane,13579.6,925284.1,68137.8,GOI_OPEN_GOVERNMENT_DATA_APY,DISTRICT,ANNUAL_SEASONAL
Tamil Nadu,Villupuram,2018,Kharif,Tomato,13026.3,176215.9,13527.7,GOI_OPEN_GOVERNMENT_DATA_APY,DISTRICT,ANNUAL_SEASONAL
Tamil Nadu,Villupuram,2018,Kharif,Chilli,7478.9,12062.7,1612.9,GOI_OPEN_GOVERNMENT_DATA_APY,DISTRICT,ANNUAL_SEASONAL
Tamil Nadu,Villupuram,2018,Kuruvai,Onion,11804.9,135833.1,11506.5,GOI_OPEN_GOVERNMENT_DATA_APY,DISTRICT,ANNUAL_SEASONAL
Tamil Nadu,Villupuram,2018,Rabi,Pulses,10156.0,7096.0,698.7,GOI_OPEN_GOVERNMENT_DATA_APY,DISTRICT,ANNUAL_SEASONAL
Tamil Nadu,Erode,2018,Samba,Paddy,24778.0,72721.0,2934.9,GOI_OPEN_GOVERNMENT_DATA_APY,DISTRICT,ANNUAL_SEASONAL
Tamil Nadu,Erode,2018,Rabi,Maize,1128.9,3688.2,3267.1,GOI_OPEN_GOVERNMENT_DATA_APY,DISTRICT,ANNUAL_SEASONAL
Tamil Nadu,Erode,2018,Rabi,Groundnut,6641.2,10003.6,1506.3,GOI_OPEN_GOVERNMENT_DATA_APY,DISTRICT,ANNUAL_SEASONAL
Tamil Nadu,Erode,2018,Kuruvai,Cotton,23100.0,29283.9,1267.7,GOI_OPEN_GOVERNMENT_DATA_APY,DISTRICT,ANNUAL_SEASONAL
Tamil Nadu,Erode,2018,Kharif,Banana,21200.8,490987.2,23158.9,GOI_OPEN_GOVERNMENT_DATA_APY,DISTRICT,ANNUAL_SEASONAL
Tamil Nadu,Erode,2018,Kharif,Sugarcane,13948.4,1009462.4,72371.2,GOI_OPEN_GOVERNMENT_DATA_APY,DISTRICT,ANNUAL_SEASONAL
Tamil Nadu,Erode,2018,Kuruvai,Tomato,14140.2,188165.1,13307.1,GOI_OPEN_GOVERNMENT_DATA_APY,DISTRICT,ANNUAL_SEASONAL
Tamil Nadu,Erode,2018,Kharif,Chilli,14898.7,26078.7,1750.4,GOI_OPEN_GOVERNMENT_DATA_APY,DISTRICT,ANNUAL_SEASONAL
Tamil Nadu,Erode,2018,Kuruvai,Onion,8443.4,90621.3,10732.8,GOI_OPEN_GOVERNMENT_DATA_APY,DISTRICT,ANNUAL_SEASONAL
Tamil Nadu,Erode,2018,Kuruvai,Pulses,4976.1,3195.7,642.2,GOI_OPEN_GOVERNMENT_DATA_APY,DISTRICT,ANNUAL_SEASONAL
Tamil Nadu,Tiruvarur,2018,Samba,Paddy,7028.0,18988.3,2701.8,GOI_OPEN_GOVERNMENT_DATA_APY,DISTRICT,ANNUAL_SEASONAL
Tamil Nadu,Tiruvarur,2018,Kharif,Maize,5497.8,17296.6,3146.1,GOI_OPEN_GOVERNMENT_DATA_APY,DISTRICT,ANNUAL_SEASONAL
Tamil Nadu,Tiruvarur,2018,Kharif,Groundnut,20458.5,30460.7,1488.9,GOI_OPEN_GOVERNMENT_DATA_APY,DISTRICT,ANNUAL_SEASONAL
Tamil Nadu,Tiruvarur,2018,Kharif,Cotton,16346.0,21651.9,1324.6,GOI_OPEN_GOVERNMENT_DATA_APY,DISTRICT,ANNUAL_SEASONAL
Tamil Nadu,Tiruvarur,2018,Kuruvai,Banana,4812.9,139251.6,28933.0,GOI_OPEN_GOVERNMENT_DATA_APY,DISTRICT,ANNUAL_SEASONAL
Tamil Nadu,Tiruvarur,2018,Kharif,Sugarcane,10272.4,803524.6,78221.7,GOI_OPEN_GOVERNMENT_DATA_APY,DISTRICT,ANNUAL_SEASONAL
Tamil Nadu,Tiruvarur,2018,Samba,Tomato,19320.1,282697.5,14632.3,GOI_OPEN_GOVERNMENT_DATA_APY,DISTRICT,ANNUAL_SEASONAL
Tamil Nadu,Tiruvarur,2018,Samba,Chilli,23940.9,38822.6,1621.6,GOI_OPEN_GOVERNMENT_DATA_APY,DISTRICT,ANNUAL_SEASONAL
Tamil Nadu,Tiruvarur,2018,Samba,Onion,18392.0,194580.0,10579.6,GOI_OPEN_GOVERNMENT_DATA_APY,DISTRICT,ANNUAL_SEASONAL
Tamil Nadu,Tiruvarur,2018,Kuruvai,Pulses,580.7,377.7,650.5,GOI_OPEN_GOVERNMENT_DATA_APY,DISTRICT,ANNUAL_SEASONAL
Tamil Nadu,Thanjavur,2019,Samba,Paddy,23954.4,81143.1,3387.4,GOI_OPEN_GOVERNMENT_DATA_APY,DISTRICT,ANNUAL_SEASONAL
Tamil Nadu,Thanjavur,2019,Kharif,Maize,5060.4,22834.5,4512.4,GOI_OPEN_GOVERNMENT_DATA_APY,DISTRICT,ANNUAL_SEASONAL
Tamil Nadu,Thanjavur,2019,Kharif,Groundnut,10071.2,18206.7,1807.8,GOI_OPEN_GOVERNMENT_DATA_APY,DISTRICT,ANNUAL_SEASONAL
Tamil Nadu,Thanjavur,2019,Kuruvai,Cotton,16129.0,27514.5,1705.9,GOI_OPEN_GOVERNMENT_DATA_APY,DISTRICT,ANNUAL_SEASONAL
Tamil Nadu,Thanjavur,2019,Kharif,Banana,21174.9,761424.0,35958.8,GOI_OPEN_GOVERNMENT_DATA_APY,DISTRICT,ANNUAL_SEASONAL
Tamil Nadu,Thanjavur,2019,Samba,Sugarcane,10924.2,1127811.1,103239.7,GOI_OPEN_GOVERNMENT_DATA_APY,DISTRICT,ANNUAL_SEASONAL
Tamil Nadu,Thanjavur,2019,Samba,Tomato,4209.9,72302.1,17174.3,GOI_OPEN_GOVERNMENT_DATA_APY,DISTRICT,ANNUAL_SEASONAL
Tamil Nadu,Thanjavur,2019,Rabi,Chilli,2702.1,5162.1,1910.4,GOI_OPEN_GOVERNMENT_DATA_APY,DISTRICT,ANNUAL_SEASONAL
Tamil Nadu,Thanjavur,2019,Samba,Onion,19310.7,305819.7,15836.8,GOI_OPEN_GOVERNMENT_DATA_APY,DISTRICT,ANNUAL_SEASONAL
Tamil Nadu,Thanjavur,2019,Kharif,Pulses,3038.7,2836.3,933.4,GOI_OPEN_GOVERNMENT_DATA_APY,DISTRICT,ANNUAL_SEASONAL
Tamil Nadu,Cuddalore,2019,Samba,Paddy,13323.5,52851.7,3966.8,GOI_OPEN_GOVERNMENT_DATA_APY,DISTRICT,ANNUAL_SEASONAL
Tamil Nadu,Cuddalore,2019,Rabi,Maize,12793.6,50872.5,3976.4,GOI_OPEN_GOVERNMENT_DATA_APY,DISTRICT,ANNUAL_SEASONAL
Tamil Nadu,Cuddalore,2019,Samba,Groundnut,7851.8,18755.6,2388.7,GOI_OPEN_GOVERNMENT_DATA_APY,DISTRICT,ANNUAL_SEASONAL
Tamil Nadu,Cuddalore,2019,Kharif,Cotton,21806.0,39379.5,1805.9,GOI_OPEN_GOVERNMENT_DATA_APY,DISTRICT,ANNUAL_SEASONAL
Tamil Nadu,Cuddalore,2019,Rabi,Banana,4017.5,128207.7,31912.3,GOI_OPEN_GOVERNMENT_DATA_APY,DISTRICT,ANNUAL_SEASONAL
Tamil Nadu,Cuddalore,2019,Kharif,Sugarcane,21430.7,2131263.8,99449.1,GOI_OPEN_GOVERNMENT_DATA_APY,DISTRICT,ANNUAL_SEASONAL
Tamil Nadu,Cuddalore,2019,Kuruvai,Tomato,5742.0,117783.9,20512.7,GOI_OPEN_GOVERNMENT_DATA_APY,DISTRICT,ANNUAL_SEASONAL
Tamil Nadu,Cuddalore,2019,Kuruvai,Chilli,22910.2,50739.2,2214.7,GOI_OPEN_GOVERNMENT_DATA_APY,DISTRICT,ANNUAL_SEASONAL
Tamil Nadu,Cuddalore,2019,Kuruvai,Onion,2820.4,37491.3,13292.9,GOI_OPEN_GOVERNMENT_DATA_APY,DISTRICT,ANNUAL_SEASONAL
Tamil Nadu,Cuddalore,2019,Kharif,Pulses,3050.6,2453.6,804.3,GOI_OPEN_GOVERNMENT_DATA_APY,DISTRICT,ANNUAL_SEASONAL
Tamil Nadu,Madurai,2019,Samba,Paddy,20257.1,69927.5,3452.0,GOI_OPEN_GOVERNMENT_DATA_APY,DISTRICT,ANNUAL_SEASONAL
Tamil Nadu,Madurai,2019,Samba,Maize,17138.9,78597.3,4585.9,GOI_OPEN_GOVERNMENT_DATA_APY,DISTRICT,ANNUAL_SEASONAL
Tamil Nadu,Madurai,2019,Kharif,Groundnut,20364.4,47601.8,2337.5,GOI_OPEN_GOVERNMENT_DATA_APY,DISTRICT,ANNUAL_SEASONAL
Tamil Nadu,Madurai,2019,Kharif,Cotton,8481.2,15189.8,1791.0,GOI_OPEN_GOVERNMENT_DATA_APY,DISTRICT,ANNUAL_SEASONAL
Tamil Nadu,Madurai,2019,Kuruvai,Banana,12568.9,433311.6,34474.9,GOI_OPEN_GOVERNMENT_DATA_APY,DISTRICT,ANNUAL_SEASONAL
Tamil Nadu,Madurai,2019,Kharif,Sugarcane,21310.5,2013656.8,94491.3,GOI_OPEN_GOVERNMENT_DATA_APY,DISTRICT,ANNUAL_SEASONAL
Tamil Nadu,Madurai,2019,Samba,Tomato,23593.8,391053.1,16574.4,GOI_OPEN_GOVERNMENT_DATA_APY,DISTRICT,ANNUAL_SEASONAL
Tamil Nadu,Madurai,2019,Kharif,Chilli,9626.9,18734.9,1946.1,GOI_OPEN_GOVERNMENT_DATA_APY,DISTRICT,ANNUAL_SEASONAL
Tamil Nadu,Madurai,2019,Kuruvai,Onion,23488.1,371910.6,15834.0,GOI_OPEN_GOVERNMENT_DATA_APY,DISTRICT,ANNUAL_SEASONAL
Tamil Nadu,Madurai,2019,Kharif,Pulses,883.9,808.0,914.1,GOI_OPEN_GOVERNMENT_DATA_APY,DISTRICT,ANNUAL_SEASONAL
Tamil Nadu,Nagapattinam,2019,Samba,Paddy,21904.1,75008.4,3424.4,GOI_OPEN_GOVERNMENT_DATA_APY,DISTRICT,ANNUAL_SEASONAL
Tamil Nadu,Nagapattinam,2019,Rabi,Maize,10823.6,39891.5,3685.6,GOI_OPEN_GOVERNMENT_DATA_APY,DISTRICT,ANNUAL_SEASONAL
Tamil Nadu,Nagapattinam,2019,Kharif,Groundnut,12467.4,28460.6,2282.8,GOI_OPEN_GOVERNMENT_DATA_APY,DISTRICT,ANNUAL_SEASONAL
Tamil Nadu,Nagapattinam,2019,Rabi,Cotton,11523.7,20705.8,1796.8,GOI_OPEN_GOVERNMENT_DATA_APY,DISTRICT,ANNUAL_SEASONAL
Tamil Nadu,Nagapattinam,2019,Kharif,Banana,5756.9,198131.8,34416.4,GOI_OPEN_GOVERNMENT_DATA_APY,DISTRICT,ANNUAL_SEASONAL
Tamil Nadu,Nagapattinam,2019,Samba,Sugarcane,16751.4,1884085.2,112473.3,GOI_OPEN_GOVERNMENT_DATA_APY,DISTRICT,ANNUAL_SEASONAL
Tamil Nadu,Nagapattinam,2019,Kuruvai,Tomato,23575.4,392282.9,16639.5,GOI_OPEN_GOVERNMENT_DATA_APY,DISTRICT,ANNUAL_SEASONAL
Tamil Nadu,Nagapattinam,2019,Samba,Chilli,7040.5,13530.4,1921.8,GOI_OPEN_GOVERNMENT_DATA_APY,DISTRICT,ANNUAL_SEASONAL
Tamil Nadu,Nagapattinam,2019,Kuruvai,Onion,15428.2,209224.9,13561.2,GOI_OPEN_GOVERNMENT_DATA_APY,DISTRICT,ANNUAL_SEASONAL
Tamil Nadu,Nagapattinam,2019,Kharif,Pulses,12964.8,10121.6,780.7,GOI_OPEN_GOVERNMENT_DATA_APY,DISTRICT,ANNUAL_SEASONAL
Tamil Nadu,Coimbatore,2019,Samba,Paddy,18710.6,81454.7,4353.4,GOI_OPEN_GOVERNMENT_DATA_APY,DISTRICT,ANNUAL_SEASONAL
Tamil Nadu,Coimbatore,2019,Kuruvai,Maize,2975.8,11552.4,3882.1,GOI_OPEN_GOVERNMENT_DATA_APY,DISTRICT,ANNUAL_SEASONAL
Tamil Nadu,Coimbatore,2019,Kharif,Groundnut,2030.7,4102.6,2020.3,GOI_OPEN_GOVERNMENT_DATA_APY,DISTRICT,ANNUAL_SEASONAL
Tamil Nadu,Coimbatore,2019,Kharif,Cotton,20220.1,41313.7,2043.2,GOI_OPEN_GOVERNMENT_DATA_APY,DISTRICT,ANNUAL_SEASONAL
Tamil Nadu,Coimbatore,2019,Kuruvai,Banana,19437.4,736642.5,37898.2,GOI_OPEN_GOVERNMENT_DATA_APY,DISTRICT,ANNUAL_SEASONAL
Tamil Nadu,Coimbatore,2019,Kuruvai,Sugarcane,1889.9,205153.9,108552.8,GOI_OPEN_GOVERNMENT_DATA_APY,DISTRICT,ANNUAL_SEASONAL
Tamil Nadu,Coimbatore,2019,Samba,Tomato,20874.7,390747.2,18718.7,GOI_OPEN_GOVERNMENT_DATA_APY,DISTRICT,ANNUAL_SEASONAL
Tamil Nadu,Coimbatore,2019,Kharif,Chilli,20480.7,45547.0,2223.9,GOI_OPEN_GOVERNMENT_DATA_APY,DISTRICT,ANNUAL_SEASONAL
Tamil Nadu,Coimbatore,2019,Kharif,Onion,3758.9,54907.8,14607.4,GOI_OPEN_GOVERNMENT_DATA_APY,DISTRICT,ANNUAL_SEASONAL
Tamil Nadu,Coimbatore,2019,Samba,Pulses,17383.4,14927.1,858.7,GOI_OPEN_GOVERNMENT_DATA_APY,DISTRICT,ANNUAL_SEASONAL
Tamil Nadu,Tiruchirappalli,2019,Samba,Paddy,21596.1,78322.6,3626.7,GOI_OPEN_GOVERNMENT_DATA_APY,DISTRICT,ANNUAL_SEASONAL
Tamil Nadu,Tiruchirappalli,2019,Kuruvai,Maize,7132.4,28409.8,3983.2,GOI_OPEN_GOVERNMENT_DATA_APY,DISTRICT,ANNUAL_SEASONAL
Tamil Nadu,Tiruchirappalli,2019,Kuruvai,Groundnut,21349.2,39577.1,1853.8,GOI_OPEN_GOVERNMENT_DATA_APY,DISTRICT,ANNUAL_SEASONAL
Tamil Nadu,Tiruchirappalli,2019,Kharif,Cotton,14196.1,24427.2,1720.7,GOI_OPEN_GOVERNMENT_DATA_APY,DISTRICT,ANNUAL_SEASONAL
Tamil Nadu,Tiruchirappalli,2019,Kharif,Banana,4778.7,159649.2,33408.5,GOI_OPEN_GOVERNMENT_DATA_APY,DISTRICT,ANNUAL_SEASONAL
Tamil Nadu,Tiruchirappalli,2019,Rabi,Sugarcane,23273.3,2221950.8,95472.1,GOI_OPEN_GOVERNMENT_DATA_APY,DISTRICT,ANNUAL_SEASONAL
Tamil Nadu,Tiruchirappalli,2019,Rabi,Tomato,20311.8,418744.0,20615.8,GOI_OPEN_GOVERNMENT_DATA_APY,DISTRICT,ANNUAL_SEASONAL
Tamil Nadu,Tiruchirappalli,2019,Samba,Chilli,9713.2,19119.5,1968.4,GOI_OPEN_GOVERNMENT_DATA_APY,DISTRICT,ANNUAL_SEASONAL
Tamil Nadu,Tiruchirappalli,2019,Kharif,Onion,23734.9,333712.7,14060.0,GOI_OPEN_GOVERNMENT_DATA_APY,DISTRICT,ANNUAL_SEASONAL
Tamil Nadu,Tiruchirappalli,2019,Rabi,Pulses,21933.1,20722.4,944.8,GOI_OPEN_GOVERNMENT_DATA_APY,DISTRICT,ANNUAL_SEASONAL
Tamil Nadu,Tirunelveli,2019,Samba,Paddy,3277.3,12699.9,3875.1,GOI_OPEN_GOVERNMENT_DATA_APY,DISTRICT,ANNUAL_SEASONAL
Tamil Nadu,Tirunelveli,2019,Kuruvai,Maize,20720.0,95077.9,4588.7,GOI_OPEN_GOVERNMENT_DATA_APY,DISTRICT,ANNUAL_SEASONAL
Tamil Nadu,Tirunelveli,2019,Kharif,Groundnut,22103.1,48549.5,2196.5,GOI_OPEN_GOVERNMENT_DATA_APY,DISTRICT,ANNUAL_SEASONAL
Tamil Nadu,Tirunelveli,2019,Kharif,Cotton,9651.8,16265.2,1685.2,GOI_OPEN_GOVERNMENT_DATA_APY,DISTRICT,ANNUAL_SEASONAL
Tamil Nadu,Tirunelveli,2019,Kuruvai,Banana,9049.0,296549.3,32771.5,GOI_OPEN_GOVERNMENT_DATA_APY,DISTRICT,ANNUAL_SEASONAL
Tamil Nadu,Tirunelveli,2019,Kuruvai,Sugarcane,10312.0,937751.6,90937.9,GOI_OPEN_GOVERNMENT_DATA_APY,DISTRICT,ANNUAL_SEASONAL
Tamil Nadu,Tirunelveli,2019,Samba,Tomato,10794.6,165424.0,15324.7,GOI_OPEN_GOVERNMENT_DATA_APY,DISTRICT,ANNUAL_SEASONAL
Tamil Nadu,Tirunelveli,2019,Kharif,Chilli,16003.1,33448.1,2090.1,GOI_OPEN_GOVERNMENT_DATA_APY,DISTRICT,ANNUAL_SEASONAL
Tamil Nadu,Tirunelveli,2019,Samba,Onion,2988.8,39187.7,13111.5,GOI_OPEN_GOVERNMENT_DATA_APY,DISTRICT,ANNUAL_SEASONAL
Tamil Nadu,Tirunelveli,2019,Rabi,Pulses,7227.5,6158.6,852.1,GOI_OPEN_GOVERNMENT_DATA_APY,DISTRICT,ANNUAL_SEASONAL
Tamil Nadu,Villupuram,2019,Samba,Paddy,5767.3,24140.2,4185.7,GOI_OPEN_GOVERNMENT_DATA_APY,DISTRICT,ANNUAL_SEASONAL
Tamil Nadu,Villupuram,2019,Kuruvai,Maize,21868.6,103016.4,4710.7,GOI_OPEN_GOVERNMENT_DATA_APY,DISTRICT,ANNUAL_SEASONAL
Tamil Nadu,Villupuram,2019,Kharif,Groundnut,12057.7,22305.5,1849.9,GOI_OPEN_GOVERNMENT_DATA_APY,DISTRICT,ANNUAL_SEASONAL
Tamil Nadu,Villupuram,2019,Kharif,Cotton,19338.0,36705.5,1898.1,GOI_OPEN_GOVERNMENT_DATA_APY,DISTRICT,ANNUAL_SEASONAL
Tamil Nadu,Villupuram,2019,Kuruvai,Banana,11326.1,416262.5,36752.5,GOI_OPEN_GOVERNMENT_DATA_APY,DISTRICT,ANNUAL_SEASONAL
Tamil Nadu,Villupuram,2019,Kuruvai,Sugarcane,18160.3,1964029.2,108149.6,GOI_OPEN_GOVERNMENT_DATA_APY,DISTRICT,ANNUAL_SEASONAL
Tamil Nadu,Villupuram,2019,Kuruvai,Tomato,11530.4,195652.4,16968.4,GOI_OPEN_GOVERNMENT_DATA_APY,DISTRICT,ANNUAL_SEASONAL
Tamil Nadu,Villupuram,2019,Kharif,Chilli,24074.8,54028.7,2244.2,GOI_OPEN_GOVERNMENT_DATA_APY,DISTRICT,ANNUAL_SEASONAL
Tamil Nadu,Villupuram,2019,Kharif,Onion,17202.4,224790.6,13067.4,GOI_OPEN_GOVERNMENT_DATA_APY,DISTRICT,ANNUAL_SEASONAL
Tamil Nadu,Villupuram,2019,Rabi,Pulses,19863.8,15374.6,774.0,GOI_OPEN_GOVERNMENT_DATA_APY,DISTRICT,ANNUAL_SEASONAL
Tamil Nadu,Erode,2019,Samba,Paddy,12028.6,41178.7,3423.4,GOI_OPEN_GOVERNMENT_DATA_APY,DISTRICT,ANNUAL_SEASONAL
Tamil Nadu,Erode,2019,Kuruvai,Maize,5901.3,21609.4,3661.8,GOI_OPEN_GOVERNMENT_DATA_APY,DISTRICT,ANNUAL_SEASONAL
Tamil Nadu,Erode,2019,Samba,Groundnut,14460.0,33642.6,2326.6,GOI_OPEN_GOVERNMENT_DATA_APY,DISTRICT,ANNUAL_SEASONAL
Tamil Nadu,Erode,2019,Kharif,Cotton,15357.3,30568.7,1990.5,GOI_OPEN_GOVERNMENT_DATA_APY,DISTRICT,ANNUAL_SEASONAL
Tamil Nadu,Erode,2019,Samba,Banana,15345.0,471030.1,30696.0,GOI_OPEN_GOVERNMENT_DATA_APY,DISTRICT,ANNUAL_SEASONAL
Tamil Nadu,Erode,2019,Samba,Sugarcane,17630.6,1815593.9,102979.7,GOI_OPEN_GOVERNMENT_DATA_APY,DISTRICT,ANNUAL_SEASONAL
Tamil Nadu,Erode,2019,Kuruvai,Tomato,14086.6,228253.6,16203.6,GOI_OPEN_GOVERNMENT_DATA_APY,DISTRICT,ANNUAL_SEASONAL
Tamil Nadu,Erode,2019,Samba,Chilli,2621.6,5420.4,2067.6,GOI_OPEN_GOVERNMENT_DATA_APY,DISTRICT,ANNUAL_SEASONAL
Tamil Nadu,Erode,2019,Rabi,Onion,17235.2,272690.2,15821.7,GOI_OPEN_GOVERNMENT_DATA_APY,DISTRICT,ANNUAL_SEASONAL
Tamil Nadu,Erode,2019,Rabi,Pulses,22435.8,17746.7,791.0,GOI_OPEN_GOVERNMENT_DATA_APY,DISTRICT,ANNUAL_SEASONAL
Tamil Nadu,Tiruvarur,2019,Samba,Paddy,20094.7,83863.2,4173.4,GOI_OPEN_GOVERNMENT_DATA_APY,DISTRICT,ANNUAL_SEASONAL
Tamil Nadu,Tiruvarur,2019,Samba,Maize,16191.7,65161.9,4024.4,GOI_OPEN_GOVERNMENT_DATA_APY,DISTRICT,ANNUAL_SEASONAL
Tamil Nadu,Tiruvarur,2019,Kuruvai,Groundnut,11774.0,25433.0,2160.1,GOI_OPEN_GOVERNMENT_DATA_APY,DISTRICT,ANNUAL_SEASONAL
Tamil Nadu,Tiruvarur,2019,Kharif,Cotton,23631.1,40477.7,1712.9,GOI_OPEN_GOVERNMENT_DATA_APY,DISTRICT,ANNUAL_SEASONAL
Tamil Nadu,Tiruvarur,2019,Kuruvai,Banana,9683.8,388321.3,40100.1,GOI_OPEN_GOVERNMENT_DATA_APY,DISTRICT,ANNUAL_SEASONAL
Tamil Nadu,Tiruvarur,2019,Rabi,Sugarcane,17528.3,1863466.9,106311.9,GOI_OPEN_GOVERNMENT_DATA_APY,DISTRICT,ANNUAL_SEASONAL
Tamil Nadu,Tiruvarur,2019,Kuruvai,Tomato,20131.5,330734.4,16428.7,GOI_OPEN_GOVERNMENT_DATA_APY,DISTRICT,ANNUAL_SEASONAL
Tamil Nadu,Tiruvarur,2019,Kharif,Chilli,2648.4,4960.5,1873.0,GOI_OPEN_GOVERNMENT_DATA_APY,DISTRICT,ANNUAL_SEASONAL
Tamil Nadu,Tiruvarur,2019,Kuruvai,Onion,10242.4,153667.8,15003.1,GOI_OPEN_GOVERNMENT_DATA_APY,DISTRICT,ANNUAL_SEASONAL
Tamil Nadu,Tiruvarur,2019,Rabi,Pulses,18712.4,16339.7,873.2,GOI_OPEN_GOVERNMENT_DATA_APY,DISTRICT,ANNUAL_SEASONAL
Tamil Nadu,Thanjavur,2020,Samba,Paddy,16809.4,67029.2,3987.6,GOI_OPEN_GOVERNMENT_DATA_APY,DISTRICT,ANNUAL_SEASONAL
Tamil Nadu,Thanjavur,2020,Kuruvai,Maize,5106.3,23577.8,4617.4,GOI_OPEN_GOVERNMENT_DATA_APY,DISTRICT,ANNUAL_SEASONAL
Tamil Nadu,Thanjavur,2020,Rabi,Groundnut,7625.7,16065.8,2106.8,GOI_OPEN_GOVERNMENT_DATA_APY,DISTRICT,ANNUAL_SEASONAL
Tamil Nadu,Thanjavur,2020,Rabi,Cotton,22411.7,34771.8,1551.5,GOI_OPEN_GOVERNMENT_DATA_APY,DISTRICT,ANNUAL_SEASONAL
Tamil Nadu,Thanjavur,2020,Rabi,Banana,7495.9,285668.7,38110.0,GOI_OPEN_GOVERNMENT_DATA_APY,DISTRICT,ANNUAL_SEASONAL
Tamil Nadu,Thanjavur,2020,Rabi,Sugarcane,21849.5,1985190.9,90857.5,GOI_OPEN_GOVERNMENT_DATA_APY,DISTRICT,ANNUAL_SEASONAL
Tamil Nadu,Thanjavur,2020,Kuruvai,Tomato,4182.2,70178.2,16780.2,GOI_OPEN_GOVERNMENT_DATA_APY,DISTRICT,ANNUAL_SEASONAL
Tamil Nadu,Thanjavur,2020,Kuruvai,Chilli,772.0,1772.2,2295.6,GOI_OPEN_GOVERNMENT_DATA_APY,DISTRICT,ANNUAL_SEASONAL
Tamil Nadu,Thanjavur,2020,Kuruvai,Onion,19657.1,249421.1,12688.6,GOI_OPEN_GOVERNMENT_DATA_APY,DISTRICT,ANNUAL_SEASONAL
Tamil Nadu,Thanjavur,2020,Samba,Pulses,5462.6,4541.6,831.4,GOI_OPEN_GOVERNMENT_DATA_APY,DISTRICT,ANNUAL_SEASONAL
Tamil Nadu,Cuddalore,2020,Samba,Paddy,20301.8,84863.6,4180.1,GOI_OPEN_GOVERNMENT_DATA_APY,DISTRICT,ANNUAL_SEASONAL
Tamil Nadu,Cuddalore,2020,Kuruvai,Maize,17731.4,75023.3,4231.1,GOI_OPEN_GOVERNMENT_DATA_APY,DISTRICT,ANNUAL_SEASONAL
Tamil Nadu,Cuddalore,2020,Kharif,Groundnut,23533.8,48364.3,2055.1,GOI_OPEN_GOVERNMENT_DATA_APY,DISTRICT,ANNUAL_SEASONAL
Tamil Nadu,Cuddalore,2020,Kharif,Cotton,7688.5,12841.3,1670.2,GOI_OPEN_GOVERNMENT_DATA_APY,DISTRICT,ANNUAL_SEASONAL
Tamil Nadu,Cuddalore,2020,Samba,Banana,18755.5,749514.8,39962.4,GOI_OPEN_GOVERNMENT_DATA_APY,DISTRICT,ANNUAL_SEASONAL
Tamil Nadu,Cuddalore,2020,Rabi,Sugarcane,10108.4,1032894.5,102181.8,GOI_OPEN_GOVERNMENT_DATA_APY,DISTRICT,ANNUAL_SEASONAL
Tamil Nadu,Cuddalore,2020,Kuruvai,Tomato,8641.2,168011.7,19443.1,GOI_OPEN_GOVERNMENT_DATA_APY,DISTRICT,ANNUAL_SEASONAL
Tamil Nadu,Cuddalore,2020,Samba,Chilli,16271.8,31492.4,1935.4,GOI_OPEN_GOVERNMENT_DATA_APY,DISTRICT,ANNUAL_SEASONAL
Tamil Nadu,Cuddalore,2020,Kharif,Onion,11286.8,142006.0,12581.6,GOI_OPEN_GOVERNMENT_DATA_APY,DISTRICT,ANNUAL_SEASONAL
Tamil Nadu,Cuddalore,2020,Kuruvai,Pulses,2184.1,1899.3,869.6,GOI_OPEN_GOVERNMENT_DATA_APY,DISTRICT,ANNUAL_SEASONAL
Tamil Nadu,Madurai,2020,Samba,Paddy,24257.7,85489.0,3524.2,GOI_OPEN_GOVERNMENT_DATA_APY,DISTRICT,ANNUAL_SEASONAL
Tamil Nadu,Madurai,2020,Kharif,Maize,687.9,2558.9,3719.9,GOI_OPEN_GOVERNMENT_DATA_APY,DISTRICT,ANNUAL_SEASONAL
Tamil Nadu,Madurai,2020,Samba,Groundnut,2298.3,4518.5,1966.0,GOI_OPEN_GOVERNMENT_DATA_APY,DISTRICT,ANNUAL_SEASONAL
Tamil Nadu,Madurai,2020,Samba,Cotton,7958.2,14531.7,1826.0,GOI_OPEN_GOVERNMENT_DATA_APY,DISTRICT,ANNUAL_SEASONAL
Tamil Nadu,Madurai,2020,Rabi,Banana,21203.1,674602.1,31816.2,GOI_OPEN_GOVERNMENT_DATA_APY,DISTRICT,ANNUAL_SEASONAL
Tamil Nadu,Madurai,2020,Samba,Sugarcane,3131.2,294976.6,94205.6,GOI_OPEN_GOVERNMENT_DATA_APY,DISTRICT,ANNUAL_SEASONAL
Tamil Nadu,Madurai,2020,Kharif,Tomato,12571.3,258322.6,20548.6,GOI_OPEN_GOVERNMENT_DATA_APY,DISTRICT,ANNUAL_SEASONAL
Tamil Nadu,Madurai,2020,Rabi,Chilli,8253.3,18536.9,2246.0,GOI_OPEN_GOVERNMENT_DATA_APY,DISTRICT,ANNUAL_SEASONAL
Tamil Nadu,Madurai,2020,Rabi,Onion,16389.0,239263.0,14599.0,GOI_OPEN_GOVERNMENT_DATA_APY,DISTRICT,ANNUAL_SEASONAL
Tamil Nadu,Madurai,2020,Kuruvai,Pulses,21115.1,18957.1,897.8,GOI_OPEN_GOVERNMENT_DATA_APY,DISTRICT,ANNUAL_SEASONAL
Tamil Nadu,Nagapattinam,2020,Samba,Paddy,2433.2,10096.6,4149.5,GOI_OPEN_GOVERNMENT_DATA_APY,DISTRICT,ANNUAL_SEASONAL
Tamil Nadu,Nagapattinam,2020,Kuruvai,Maize,3622.4,13951.3,3851.4,GOI_OPEN_GOVERNMENT_DATA_APY,DISTRICT,ANNUAL_SEASONAL
Tamil Nadu,Nagapattinam,2020,Rabi,Groundnut,12224.2,28862.6,2361.1,GOI_OPEN_GOVERNMENT_DATA_APY,DISTRICT,ANNUAL_SEASONAL
Tamil Nadu,Nagapattinam,2020,Kuruvai,Cotton,8797.0,14586.3,1658.1,GOI_OPEN_GOVERNMENT_DATA_APY,DISTRICT,ANNUAL_SEASONAL
Tamil Nadu,Nagapattinam,2020,Kharif,Banana,15716.4,534898.2,34034.4,GOI_OPEN_GOVERNMENT_DATA_APY,DISTRICT,ANNUAL_SEASONAL
Tamil Nadu,Nagapattinam,2020,Kuruvai,Sugarcane,3920.1,423482.1,108028.4,GOI_OPEN_GOVERNMENT_DATA_APY,DISTRICT,ANNUAL_SEASONAL
Tamil Nadu,Nagapattinam,2020,Kuruvai,Tomato,13265.6,205730.9,15508.6,GOI_OPEN_GOVERNMENT_DATA_APY,DISTRICT,ANNUAL_SEASONAL
Tamil Nadu,Nagapattinam,2020,Kharif,Chilli,2739.4,5419.9,1978.5,GOI_OPEN_GOVERNMENT_DATA_APY,DISTRICT,ANNUAL_SEASONAL
Tamil Nadu,Nagapattinam,2020,Rabi,Onion,8005.8,121348.7,15157.6,GOI_OPEN_GOVERNMENT_DATA_APY,DISTRICT,ANNUAL_SEASONAL
Tamil Nadu,Nagapattinam,2020,Kuruvai,Pulses,13604.4,12701.1,933.6,GOI_OPEN_GOVERNMENT_DATA_APY,DISTRICT,ANNUAL_SEASONAL
Tamil Nadu,Coimbatore,2020,Samba,Paddy,6226.2,23129.1,3714.8,GOI_OPEN_GOVERNMENT_DATA_APY,DISTRICT,ANNUAL_SEASONAL
Tamil Nadu,Coimbatore,2020,Rabi,Maize,11584.7,55671.4,4805.6,GOI_OPEN_GOVERNMENT_DATA_APY,DISTRICT,ANNUAL_SEASONAL
Tamil Nadu,Coimbatore,2020,Samba,Groundnut,541.4,1045.6,1931.3,GOI_OPEN_GOVERNMENT_DATA_APY,DISTRICT,ANNUAL_SEASONAL
Tamil Nadu,Coimbatore,2020,Kharif,Cotton,16856.0,27409.5,1626.1,GOI_OPEN_GOVERNMENT_DATA_APY,DISTRICT,ANNUAL_SEASONAL
Tamil Nadu,Coimbatore,2020,Samba,Banana,12336.0,467193.9,37872.4,GOI_OPEN_GOVERNMENT_DATA_APY,DISTRICT,ANNUAL_SEASONAL
Tamil Nadu,Coimbatore,2020,Kharif,Sugarcane,13719.0,1334584.3,97280.0,GOI_OPEN_GOVERNMENT_DATA_APY,DISTRICT,ANNUAL_SEASONAL
Tamil Nadu,Coimbatore,2020,Kharif,Tomato,9792.6,155076.6,15836.1,GOI_OPEN_GOVERNMENT_DATA_APY,DISTRICT,ANNUAL_SEASONAL
Tamil Nadu,Coimbatore,2020,Kuruvai,Chilli,24032.6,45056.3,1874.8,GOI_OPEN_GOVERNMENT_DATA_APY,DISTRICT,ANNUAL_SEASONAL
Tamil Nadu,Coimbatore,2020,Samba,Onion,17079.9,262395.1,15362.8,GOI_OPEN_GOVERNMENT_DATA_APY,DISTRICT,ANNUAL_SEASONAL
Tamil Nadu,Coimbatore,2020,Kuruvai,Pulses,2428.8,2067.2,851.1,GOI_OPEN_GOVERNMENT_DATA_APY,DISTRICT,ANNUAL_SEASONAL
Tamil Nadu,Tiruchirappalli,2020,Samba,Paddy,929.1,3859.0,4153.5,GOI_OPEN_GOVERNMENT_DATA_APY,DISTRICT,ANNUAL_SEASONAL
Tamil Nadu,Tiruchirappalli,2020,Samba,Maize,21061.8,87884.6,4172.7,GOI_OPEN_GOVERNMENT_DATA_APY,DISTRICT,ANNUAL_SEASONAL
Tamil Nadu,Tiruchirappalli,2020,Samba,Groundnut,23139.2,50387.9,2177.6,GOI_OPEN_GOVERNMENT_DATA_APY,DISTRICT,ANNUAL_SEASONAL
Tamil Nadu,Tiruchirappalli,2020,Samba,Cotton,21315.3,39714.7,1863.2,GOI_OPEN_GOVERNMENT_DATA_APY,DISTRICT,ANNUAL_SEASONAL
Tamil Nadu,Tiruchirappalli,2020,Kharif,Banana,16633.3,536696.7,32266.4,GOI_OPEN_GOVERNMENT_DATA_APY,DISTRICT,ANNUAL_SEASONAL
Tamil Nadu,Tiruchirappalli,2020,Kuruvai,Sugarcane,16888.0,1722243.3,101980.3,GOI_OPEN_GOVERNMENT_DATA_APY,DISTRICT,ANNUAL_SEASONAL
Tamil Nadu,Tiruchirappalli,2020,Rabi,Tomato,2620.7,51901.7,19804.5,GOI_OPEN_GOVERNMENT_DATA_APY,DISTRICT,ANNUAL_SEASONAL
Tamil Nadu,Tiruchirappalli,2020,Kharif,Chilli,6879.8,13330.3,1937.6,GOI_OPEN_GOVERNMENT_DATA_APY,DISTRICT,ANNUAL_SEASONAL
Tamil Nadu,Tiruchirappalli,2020,Kharif,Onion,6393.7,93245.1,14583.9,GOI_OPEN_GOVERNMENT_DATA_APY,DISTRICT,ANNUAL_SEASONAL
Tamil Nadu,Tiruchirappalli,2020,Kuruvai,Pulses,3965.8,3591.4,905.6,GOI_OPEN_GOVERNMENT_DATA_APY,DISTRICT,ANNUAL_SEASONAL
Tamil Nadu,Tirunelveli,2020,Samba,Paddy,9774.1,41322.9,4227.8,GOI_OPEN_GOVERNMENT_DATA_APY,DISTRICT,ANNUAL_SEASONAL
Tamil Nadu,Tirunelveli,2020,Samba,Maize,13848.9,65368.2,4720.1,GOI_OPEN_GOVERNMENT_DATA_APY,DISTRICT,ANNUAL_SEASONAL
Tamil Nadu,Tirunelveli,2020,Rabi,Groundnut,4506.3,8899.0,1974.8,GOI_OPEN_GOVERNMENT_DATA_APY,DISTRICT,ANNUAL_SEASONAL
Tamil Nadu,Tirunelveli,2020,Rabi,Cotton,8208.6,13179.7,1605.6,GOI_OPEN_GOVERNMENT_DATA_APY,DISTRICT,ANNUAL_SEASONAL
Tamil Nadu,Tirunelveli,2020,Kharif,Banana,5940.7,182235.7,30675.8,GOI_OPEN_GOVERNMENT_DATA_APY,DISTRICT,ANNUAL_SEASONAL
Tamil Nadu,Tirunelveli,2020,Kuruvai,Sugarcane,24370.2,2188928.9,89819.9,GOI_OPEN_GOVERNMENT_DATA_APY,DISTRICT,ANNUAL_SEASONAL
Tamil Nadu,Tirunelveli,2020,Kuruvai,Tomato,10011.0,177055.5,17686.1,GOI_OPEN_GOVERNMENT_DATA_APY,DISTRICT,ANNUAL_SEASONAL
Tamil Nadu,Tirunelveli,2020,Kharif,Chilli,18603.4,40665.2,2185.9,GOI_OPEN_GOVERNMENT_DATA_APY,DISTRICT,ANNUAL_SEASONAL
Tamil Nadu,Tirunelveli,2020,Rabi,Onion,18000.1,230133.1,12785.1,GOI_OPEN_GOVERNMENT_DATA_APY,DISTRICT,ANNUAL_SEASONAL
Tamil Nadu,Tirunelveli,2020,Samba,Pulses,24632.5,23373.8,948.9,GOI_OPEN_GOVERNMENT_DATA_APY,DISTRICT,ANNUAL_SEASONAL
Tamil Nadu,Villupuram,2020,Samba,Paddy,24180.6,87071.9,3600.9,GOI_OPEN_GOVERNMENT_DATA_APY,DISTRICT,ANNUAL_SEASONAL
Tamil Nadu,Villupuram,2020,Kharif,Maize,20033.2,73616.0,3674.7,GOI_OPEN_GOVERNMENT_DATA_APY,DISTRICT,ANNUAL_SEASONAL
Tamil Nadu,Villupuram,2020,Kharif,Groundnut,11529.1,26345.1,2285.1,GOI_OPEN_GOVERNMENT_DATA_APY,DISTRICT,ANNUAL_SEASONAL
Tamil Nadu,Villupuram,2020,Rabi,Cotton,21671.2,41281.5,1904.9,GOI_OPEN_GOVERNMENT_DATA_APY,DISTRICT,ANNUAL_SEASONAL
Tamil Nadu,Villupuram,2020,Kharif,Banana,5015.9,166115.6,33117.8,GOI_OPEN_GOVERNMENT_DATA_APY,DISTRICT,ANNUAL_SEASONAL
Tamil Nadu,Villupuram,2020,Samba,Sugarcane,6564.3,659212.0,100423.8,GOI_OPEN_GOVERNMENT_DATA_APY,DISTRICT,ANNUAL_SEASONAL
Tamil Nadu,Villupuram,2020,Rabi,Tomato,1927.8,39183.9,20325.7,GOI_OPEN_GOVERNMENT_DATA_APY,DISTRICT,ANNUAL_SEASONAL
Tamil Nadu,Villupuram,2020,Kharif,Chilli,24964.2,61773.9,2474.5,GOI_OPEN_GOVERNMENT_DATA_APY,DISTRICT,ANNUAL_SEASONAL
Tamil Nadu,Villupuram,2020,Rabi,Onion,15741.9,248544.1,15788.7,GOI_OPEN_GOVERNMENT_DATA_APY,DISTRICT,ANNUAL_SEASONAL
Tamil Nadu,Villupuram,2020,Rabi,Pulses,17822.6,14988.8,841.0,GOI_OPEN_GOVERNMENT_DATA_APY,DISTRICT,ANNUAL_SEASONAL
Tamil Nadu,Erode,2020,Samba,Paddy,20136.1,72608.8,3605.9,GOI_OPEN_GOVERNMENT_DATA_APY,DISTRICT,ANNUAL_SEASONAL
Tamil Nadu,Erode,2020,Kharif,Maize,9850.5,43233.8,4389.0,GOI_OPEN_GOVERNMENT_DATA_APY,DISTRICT,ANNUAL_SEASONAL
Tamil Nadu,Erode,2020,Rabi,Groundnut,17475.2,37821.6,2164.3,GOI_OPEN_GOVERNMENT_DATA_APY,DISTRICT,ANNUAL_SEASONAL
Tamil Nadu,Erode,2020,Rabi,Cotton,16157.0,29861.4,1848.2,GOI_OPEN_GOVERNMENT_DATA_APY,DISTRICT,ANNUAL_SEASONAL
Tamil Nadu,Erode,2020,Rabi,Banana,9777.8,321521.4,32882.8,GOI_OPEN_GOVERNMENT_DATA_APY,DISTRICT,ANNUAL_SEASONAL
Tamil Nadu,Erode,2020,Kuruvai,Sugarcane,8670.0,984600.7,113564.1,GOI_OPEN_GOVERNMENT_DATA_APY,DISTRICT,ANNUAL_SEASONAL
Tamil Nadu,Erode,2020,Kuruvai,Tomato,21079.6,391243.7,18560.3,GOI_OPEN_GOVERNMENT_DATA_APY,DISTRICT,ANNUAL_SEASONAL
Tamil Nadu,Erode,2020,Kharif,Chilli,8811.3,19685.3,2234.1,GOI_OPEN_GOVERNMENT_DATA_APY,DISTRICT,ANNUAL_SEASONAL
Tamil Nadu,Erode,2020,Kharif,Onion,12009.7,187742.8,15632.6,GOI_OPEN_GOVERNMENT_DATA_APY,DISTRICT,ANNUAL_SEASONAL
Tamil Nadu,Erode,2020,Samba,Pulses,2196.6,1939.8,883.1,GOI_OPEN_GOVERNMENT_DATA_APY,DISTRICT,ANNUAL_SEASONAL
Tamil Nadu,Tiruvarur,2020,Samba,Paddy,8405.4,28722.9,3417.2,GOI_OPEN_GOVERNMENT_DATA_APY,DISTRICT,ANNUAL_SEASONAL
Tamil Nadu,Tiruvarur,2020,Kuruvai,Maize,14226.5,66390.8,4666.7,GOI_OPEN_GOVERNMENT_DATA_APY,DISTRICT,ANNUAL_SEASONAL
Tamil Nadu,Tiruvarur,2020,Kharif,Groundnut,9281.6,17513.5,1886.9,GOI_OPEN_GOVERNMENT_DATA_APY,DISTRICT,ANNUAL_SEASONAL
Tamil Nadu,Tiruvarur,2020,Rabi,Cotton,20394.8,38856.2,1905.2,GOI_OPEN_GOVERNMENT_DATA_APY,DISTRICT,ANNUAL_SEASONAL
Tamil Nadu,Tiruvarur,2020,Samba,Banana,5616.6,221628.8,39459.6,GOI_OPEN_GOVERNMENT_DATA_APY,DISTRICT,ANNUAL_SEASONAL
Tamil Nadu,Tiruvarur,2020,Samba,Sugarcane,10812.5,1149098.4,106275.0,GOI_OPEN_GOVERNMENT_DATA_APY,DISTRICT,ANNUAL_SEASONAL
Tamil Nadu,Tiruvarur,2020,Kuruvai,Tomato,18596.1,291473.4,15673.9,GOI_OPEN_GOVERNMENT_DATA_APY,DISTRICT,ANNUAL_SEASONAL
Tamil Nadu,Tiruvarur,2020,Kuruvai,Chilli,1685.4,3388.5,2010.5,GOI_OPEN_GOVERNMENT_DATA_APY,DISTRICT,ANNUAL_SEASONAL
Tamil Nadu,Tiruvarur,2020,Kuruvai,Onion,17718.2,233047.5,13153.0,GOI_OPEN_GOVERNMENT_DATA_APY,DISTRICT,ANNUAL_SEASONAL
Tamil Nadu,Tiruvarur,2020,Samba,Pulses,19205.4,15836.8,824.6,GOI_OPEN_GOVERNMENT_DATA_APY,DISTRICT,ANNUAL_SEASONAL
Tamil Nadu,Thanjavur,2021,Samba,Paddy,8047.8,23803.0,2957.7,GOI_OPEN_GOVERNMENT_DATA_APY,DISTRICT,ANNUAL_SEASONAL
Tamil Nadu,Thanjavur,2021,Rabi,Maize,4321.2,12788.2,2959.4,GOI_OPEN_GOVERNMENT_DATA_APY,DISTRICT,ANNUAL_SEASONAL
Tamil Nadu,Thanjavur,2021,Kharif,Groundnut,18856.7,33036.9,1752.0,GOI_OPEN_GOVERNMENT_DATA_APY,DISTRICT,ANNUAL_SEASONAL
Tamil Nadu,Thanjavur,2021,Rabi,Cotton,13609.2,16420.9,1206.6,GOI_OPEN_GOVERNMENT_DATA_APY,DISTRICT,ANNUAL_SEASONAL
Tamil Nadu,Thanjavur,2021,Rabi,Banana,2859.0,67356.3,23559.4,GOI_OPEN_GOVERNMENT_DATA_APY,DISTRICT,ANNUAL_SEASONAL
Tamil Nadu,Thanjavur,2021,Kharif,Sugarcane,1798.4,147521.7,82029.4,GOI_OPEN_GOVERNMENT_DATA_APY,DISTRICT,ANNUAL_SEASONAL
Tamil Nadu,Thanjavur,2021,Kuruvai,Tomato,11466.0,143506.2,12515.8,GOI_OPEN_GOVERNMENT_DATA_APY,DISTRICT,ANNUAL_SEASONAL
Tamil Nadu,Thanjavur,2021,Kharif,Chilli,1780.1,2712.9,1524.0,GOI_OPEN_GOVERNMENT_DATA_APY,DISTRICT,ANNUAL_SEASONAL
Tamil Nadu,Thanjavur,2021,Rabi,Onion,20960.1,248259.8,11844.4,GOI_OPEN_GOVERNMENT_DATA_APY,DISTRICT,ANNUAL_SEASONAL
Tamil Nadu,Thanjavur,2021,Kharif,Pulses,10559.3,7245.8,686.2,GOI_OPEN_GOVERNMENT_DATA_APY,DISTRICT,ANNUAL_SEASONAL
Tamil Nadu,Cuddalore,2021,Samba,Paddy,22118.9,57095.5,2581.3,GOI_OPEN_GOVERNMENT_DATA_APY,DISTRICT,ANNUAL_SEASONAL
Tamil Nadu,Cuddalore,2021,Samba,Maize,8515.9,24965.2,2931.6,GOI_OPEN_GOVERNMENT_DATA_APY,DISTRICT,ANNUAL_SEASONAL
Tamil Nadu,Cuddalore,2021,Kuruvai,Groundnut,11882.3,19647.4,1653.5,GOI_OPEN_GOVERNMENT_DATA_APY,DISTRICT,ANNUAL_SEASONAL
Tamil Nadu,Cuddalore,2021,Samba,Cotton,3555.9,4790.9,1347.3,GOI_OPEN_GOVERNMENT_DATA_APY,DISTRICT,ANNUAL_SEASONAL
Tamil Nadu,Cuddalore,2021,Samba,Banana,10858.8,296012.0,27260.1,GOI_OPEN_GOVERNMENT_DATA_APY,DISTRICT,ANNUAL_SEASONAL
Tamil Nadu,Cuddalore,2021,Samba,Sugarcane,6027.1,449840.4,74636.3,GOI_OPEN_GOVERNMENT_DATA_APY,DISTRICT,ANNUAL_SEASONAL
Tamil Nadu,Cuddalore,2021,Rabi,Tomato,17940.8,240191.4,13388.0,GOI_OPEN_GOVERNMENT_DATA_APY,DISTRICT,ANNUAL_SEASONAL
Tamil Nadu,Cuddalore,2021,Rabi,Chilli,2673.8,4469.0,1671.4,GOI_OPEN_GOVERNMENT_DATA_APY,DISTRICT,ANNUAL_SEASONAL
Tamil Nadu,Cuddalore,2021,Rabi,Onion,15525.8,145599.4,9377.9,GOI_OPEN_GOVERNMENT_DATA_APY,DISTRICT,ANNUAL_SEASONAL
Tamil Nadu,Cuddalore,2021,Kharif,Pulses,21617.7,11933.0,552.0,GOI_OPEN_GOVERNMENT_DATA_APY,DISTRICT,ANNUAL_SEASONAL
Tamil Nadu,Madurai,2021,Samba,Paddy,3187.6,8764.0,2749.4,GOI_OPEN_GOVERNMENT_DATA_APY,DISTRICT,ANNUAL_SEASONAL
Tamil Nadu,Madurai,2021,Samba,Maize,19707.8,67962.3,3448.5,GOI_OPEN_GOVERNMENT_DATA_APY,DISTRICT,ANNUAL_SEASONAL
Tamil Nadu,Madurai,2021,Samba,Groundnut,11605.5,19533.2,1683.1,GOI_OPEN_GOVERNMENT_DATA_APY,DISTRICT,ANNUAL_SEASONAL
Tamil Nadu,Madurai,2021,Kuruvai,Cotton,6986.2,10019.6,1434.2,GOI_OPEN_GOVERNMENT_DATA_APY,DISTRICT,ANNUAL_SEASONAL
Tamil Nadu,Madurai,2021,Kharif,Banana,19437.6,455020.6,23409.3,GOI_OPEN_GOVERNMENT_DATA_APY,DISTRICT,ANNUAL_SEASONAL
Tamil Nadu,Madurai,2021,Kuruvai,Sugarcane,14385.6,1166872.1,81113.9,GOI_OPEN_GOVERNMENT_DATA_APY,DISTRICT,ANNUAL_SEASONAL
Tamil Nadu,Madurai,2021,Rabi,Tomato,16134.2,234649.4,14543.6,GOI_OPEN_GOVERNMENT_DATA_APY,DISTRICT,ANNUAL_SEASONAL
Tamil Nadu,Madurai,2021,Samba,Chilli,24044.8,36961.7,1537.2,GOI_OPEN_GOVERNMENT_DATA_APY,DISTRICT,ANNUAL_SEASONAL
Tamil Nadu,Madurai,2021,Kuruvai,Onion,18448.8,209770.2,11370.4,GOI_OPEN_GOVERNMENT_DATA_APY,DISTRICT,ANNUAL_SEASONAL
Tamil Nadu,Madurai,2021,Kharif,Pulses,3177.0,2270.0,714.5,GOI_OPEN_GOVERNMENT_DATA_APY,DISTRICT,ANNUAL_SEASONAL
Tamil Nadu,Nagapattinam,2021,Samba,Paddy,17808.5,43735.9,2455.9,GOI_OPEN_GOVERNMENT_DATA_APY,DISTRICT,ANNUAL_SEASONAL
Tamil Nadu,Nagapattinam,2021,Kharif,Maize,5442.7,17427.0,3201.9,GOI_OPEN_GOVERNMENT_DATA_APY,DISTRICT,ANNUAL_SEASONAL
Tamil Nadu,Nagapattinam,2021,Samba,Groundnut,13395.8,23630.2,1764.0,GOI_OPEN_GOVERNMENT_DATA_APY,DISTRICT,ANNUAL_SEASONAL
Tamil Nadu,Nagapattinam,2021,Rabi,Cotton,14439.0,18487.7,1280.4,GOI_OPEN_GOVERNMENT_DATA_APY,DISTRICT,ANNUAL_SEASONAL
Tamil Nadu,Nagapattinam,2021,Kharif,Banana,13251.3,335761.4,25338.0,GOI_OPEN_GOVERNMENT_DATA_APY,DISTRICT,ANNUAL_SEASONAL
Tamil Nadu,Nagapattinam,2021,Rabi,Sugarcane,6822.2,480338.1,70408.1,GOI_OPEN_GOVERNMENT_DATA_APY,DISTRICT,ANNUAL_SEASONAL
Tamil Nadu,Nagapattinam,2021,Kuruvai,Tomato,23860.3,324058.7,13581.5,GOI_OPEN_GOVERNMENT_DATA_APY,DISTRICT,ANNUAL_SEASONAL
Tamil Nadu,Nagapattinam,2021,Rabi,Chilli,20953.0,32032.9,1528.8,GOI_OPEN_GOVERNMENT_DATA_APY,DISTRICT,ANNUAL_SEASONAL
Tamil Nadu,Nagapattinam,2021,Samba,Onion,7762.3,90332.2,11637.3,GOI_OPEN_GOVERNMENT_DATA_APY,DISTRICT,ANNUAL_SEASONAL
Tamil Nadu,Nagapattinam,2021,Kharif,Pulses,19923.0,14350.5,720.3,GOI_OPEN_GOVERNMENT_DATA_APY,DISTRICT,ANNUAL_SEASONAL
Tamil Nadu,Coimbatore,2021,Samba,Paddy,2324.8,5681.6,2443.9,GOI_OPEN_GOVERNMENT_DATA_APY,DISTRICT,ANNUAL_SEASONAL
Tamil Nadu,Coimbatore,2021,Kharif,Maize,8229.0,29609.6,3598.2,GOI_OPEN_GOVERNMENT_DATA_APY,DISTRICT,ANNUAL_SEASONAL
Tamil Nadu,Coimbatore,2021,Samba,Groundnut,19539.0,30508.2,1561.4,GOI_OPEN_GOVERNMENT_DATA_APY,DISTRICT,ANNUAL_SEASONAL
Tamil Nadu,Coimbatore,2021,Kharif,Cotton,18632.1,24575.7,1319.0,GOI_OPEN_GOVERNMENT_DATA_APY,DISTRICT,ANNUAL_SEASONAL
Tamil Nadu,Coimbatore,2021,Samba,Banana,3982.8,102273.9,25678.9,GOI_OPEN_GOVERNMENT_DATA_APY,DISTRICT,ANNUAL_SEASONAL
Tamil Nadu,Coimbatore,2021,Samba,Sugarcane,24334.3,2100568.4,86321.3,GOI_OPEN_GOVERNMENT_DATA_APY,DISTRICT,ANNUAL_SEASONAL
Tamil Nadu,Coimbatore,2021,Kharif,Tomato,7333.6,111940.8,15264.1,GOI_OPEN_GOVERNMENT_DATA_APY,DISTRICT,ANNUAL_SEASONAL
Tamil Nadu,Coimbatore,2021,Samba,Chilli,17517.7,24913.7,1422.2,GOI_OPEN_GOVERNMENT_DATA_APY,DISTRICT,ANNUAL_SEASONAL
Tamil Nadu,Coimbatore,2021,Rabi,Onion,12462.3,113810.7,9132.4,GOI_OPEN_GOVERNMENT_DATA_APY,DISTRICT,ANNUAL_SEASONAL
Tamil Nadu,Coimbatore,2021,Rabi,Pulses,24322.5,13722.8,564.2,GOI_OPEN_GOVERNMENT_DATA_APY,DISTRICT,ANNUAL_SEASONAL
Tamil Nadu,Tiruchirappalli,2021,Samba,Paddy,8042.4,19492.4,2423.7,GOI_OPEN_GOVERNMENT_DATA_APY,DISTRICT,ANNUAL_SEASONAL
Tamil Nadu,Tiruchirappalli,2021,Rabi,Maize,13144.6,45973.2,3497.5,GOI_OPEN_GOVERNMENT_DATA_APY,DISTRICT,ANNUAL_SEASONAL
Tamil Nadu,Tiruchirappalli,2021,Kuruvai,Groundnut,22653.1,38374.4,1694.0,GOI_OPEN_GOVERNMENT_DATA_APY,DISTRICT,ANNUAL_SEASONAL
Tamil Nadu,Tiruchirappalli,2021,Rabi,Cotton,11251.3,14769.6,1312.7,GOI_OPEN_GOVERNMENT_DATA_APY,DISTRICT,ANNUAL_SEASONAL
Tamil Nadu,Tiruchirappalli,2021,Rabi,Banana,6445.9,149817.5,23242.3,GOI_OPEN_GOVERNMENT_DATA_APY,DISTRICT,ANNUAL_SEASONAL
Tamil Nadu,Tiruchirappalli,2021,Rabi,Sugarcane,3449.2,247506.7,71757.7,GOI_OPEN_GOVERNMENT_DATA_APY,DISTRICT,ANNUAL_SEASONAL
Tamil Nadu,Tiruchirappalli,2021,Samba,Tomato,18647.3,273550.3,14669.7,GOI_OPEN_GOVERNMENT_DATA_APY,DISTRICT,ANNUAL_SEASONAL
Tamil Nadu,Tiruchirappalli,2021,Kuruvai,Chilli,8170.8,14663.3,1794.6,GOI_OPEN_GOVERNMENT_DATA_APY,DISTRICT,ANNUAL_SEASONAL
Tamil Nadu,Tiruchirappalli,2021,Kharif,Onion,9934.0,112493.6,11324.1,GOI_OPEN_GOVERNMENT_DATA_APY,DISTRICT,ANNUAL_SEASONAL
Tamil Nadu,Tiruchirappalli,2021,Samba,Pulses,18809.1,12084.8,642.5,GOI_OPEN_GOVERNMENT_DATA_APY,DISTRICT,ANNUAL_SEASONAL
Tamil Nadu,Tirunelveli,2021,Samba,Paddy,6167.2,15537.6,2519.4,GOI_OPEN_GOVERNMENT_DATA_APY,DISTRICT,ANNUAL_SEASONAL
Tamil Nadu,Tirunelveli,2021,Samba,Maize,21321.7,60566.4,2840.6,GOI_OPEN_GOVERNMENT_DATA_APY,DISTRICT,ANNUAL_SEASONAL
Tamil Nadu,Tirunelveli,2021,Samba,Groundnut,15946.1,25706.7,1612.1,GOI_OPEN_GOVERNMENT_DATA_APY,DISTRICT,ANNUAL_SEASONAL
Tamil Nadu,Tirunelveli,2021,Rabi,Cotton,22850.2,29776.1,1303.1,GOI_OPEN_GOVERNMENT_DATA_APY,DISTRICT,ANNUAL_SEASONAL
Tamil Nadu,Tirunelveli,2021,Kharif,Banana,17438.7,470820.5,26998.6,GOI_OPEN_GOVERNMENT_DATA_APY,DISTRICT,ANNUAL_SEASONAL
Tamil Nadu,Tirunelveli,2021,Rabi,Sugarcane,16048.8,1414773.9,88154.5,GOI_OPEN_GOVERNMENT_DATA_APY,DISTRICT,ANNUAL_SEASONAL
Tamil Nadu,Tirunelveli,2021,Kuruvai,Tomato,3952.0,49922.5,12632.2,GOI_OPEN_GOVERNMENT_DATA_APY,DISTRICT,ANNUAL_SEASONAL
Tamil Nadu,Tirunelveli,2021,Kharif,Chilli,14505.6,21188.3,1460.7,GOI_OPEN_GOVERNMENT_DATA_APY,DISTRICT,ANNUAL_SEASONAL
Tamil Nadu,Tirunelveli,2021,Kuruvai,Onion,24335.9,290424.6,11934.0,GOI_OPEN_GOVERNMENT_DATA_APY,DISTRICT,ANNUAL_SEASONAL
Tamil Nadu,Tirunelveli,2021,Kuruvai,Pulses,1875.1,1270.8,677.7,GOI_OPEN_GOVERNMENT_DATA_APY,DISTRICT,ANNUAL_SEASONAL
Tamil Nadu,Villupuram,2021,Samba,Paddy,869.3,2557.0,2941.4,GOI_OPEN_GOVERNMENT_DATA_APY,DISTRICT,ANNUAL_SEASONAL
Tamil Nadu,Villupuram,2021,Rabi,Maize,1843.2,5476.1,2971.0,GOI_OPEN_GOVERNMENT_DATA_APY,DISTRICT,ANNUAL_SEASONAL
Tamil Nadu,Villupuram,2021,Kuruvai,Groundnut,695.9,1251.8,1798.8,GOI_OPEN_GOVERNMENT_DATA_APY,DISTRICT,ANNUAL_SEASONAL
Tamil Nadu,Villupuram,2021,Kharif,Cotton,20740.8,27444.2,1323.2,GOI_OPEN_GOVERNMENT_DATA_APY,DISTRICT,ANNUAL_SEASONAL
Tamil Nadu,Villupuram,2021,Samba,Banana,1370.9,33906.7,24733.2,GOI_OPEN_GOVERNMENT_DATA_APY,DISTRICT,ANNUAL_SEASONAL
Tamil Nadu,Villupuram,2021,Rabi,Sugarcane,20972.9,1675032.1,79866.5,GOI_OPEN_GOVERNMENT_DATA_APY,DISTRICT,ANNUAL_SEASONAL
Tamil Nadu,Villupuram,2021,Kharif,Tomato,6804.6,84328.0,12392.8,GOI_OPEN_GOVERNMENT_DATA_APY,DISTRICT,ANNUAL_SEASONAL
Tamil Nadu,Villupuram,2021,Samba,Chilli,17853.8,29655.2,1661.0,GOI_OPEN_GOVERNMENT_DATA_APY,DISTRICT,ANNUAL_SEASONAL
Tamil Nadu,Villupuram,2021,Kharif,Onion,7094.7,64366.0,9072.4,GOI_OPEN_GOVERNMENT_DATA_APY,DISTRICT,ANNUAL_SEASONAL
Tamil Nadu,Villupuram,2021,Samba,Pulses,22196.4,14372.2,647.5,GOI_OPEN_GOVERNMENT_DATA_APY,DISTRICT,ANNUAL_SEASONAL
Tamil Nadu,Erode,2021,Samba,Paddy,18634.1,51061.2,2740.2,GOI_OPEN_GOVERNMENT_DATA_APY,DISTRICT,ANNUAL_SEASONAL
Tamil Nadu,Erode,2021,Rabi,Maize,18203.9,59905.4,3290.8,GOI_OPEN_GOVERNMENT_DATA_APY,DISTRICT,ANNUAL_SEASONAL
Tamil Nadu,Erode,2021,Samba,Groundnut,12922.7,17315.1,1339.9,GOI_OPEN_GOVERNMENT_DATA_APY,DISTRICT,ANNUAL_SEASONAL
Tamil Nadu,Erode,2021,Kharif,Cotton,14203.5,16389.4,1153.9,GOI_OPEN_GOVERNMENT_DATA_APY,DISTRICT,ANNUAL_SEASONAL
Tamil Nadu,Erode,2021,Samba,Banana,4942.2,114940.3,23256.9,GOI_OPEN_GOVERNMENT_DATA_APY,DISTRICT,ANNUAL_SEASONAL
Tamil Nadu,Erode,2021,Kharif,Sugarcane,3808.4,310373.9,81497.2,GOI_OPEN_GOVERNMENT_DATA_APY,DISTRICT,ANNUAL_SEASONAL
Tamil Nadu,Erode,2021,Kharif,Tomato,12386.4,173704.4,14023.8,GOI_OPEN_GOVERNMENT_DATA_APY,DISTRICT,ANNUAL_SEASONAL
Tamil Nadu,Erode,2021,Rabi,Chilli,19706.4,37207.7,1888.1,GOI_OPEN_GOVERNMENT_DATA_APY,DISTRICT,ANNUAL_SEASONAL
Tamil Nadu,Erode,2021,Kuruvai,Onion,1433.8,16056.6,11198.6,GOI_OPEN_GOVERNMENT_DATA_APY,DISTRICT,ANNUAL_SEASONAL
Tamil Nadu,Erode,2021,Kuruvai,Pulses,22092.6,12438.1,563.0,GOI_OPEN_GOVERNMENT_DATA_APY,DISTRICT,ANNUAL_SEASONAL
Tamil Nadu,Tiruvarur,2021,Samba,Paddy,8109.8,20685.7,2550.7,GOI_OPEN_GOVERNMENT_DATA_APY,DISTRICT,ANNUAL_SEASONAL
Tamil Nadu,Tiruvarur,2021,Kharif,Maize,17644.2,58868.1,3336.4,GOI_OPEN_GOVERNMENT_DATA_APY,DISTRICT,ANNUAL_SEASONAL
Tamil Nadu,Tiruvarur,2021,Samba,Groundnut,21812.7,31035.1,1422.8,GOI_OPEN_GOVERNMENT_DATA_APY,DISTRICT,ANNUAL_SEASONAL
Tamil Nadu,Tiruvarur,2021,Kharif,Cotton,16880.2,24101.5,1427.8,GOI_OPEN_GOVERNMENT_DATA_APY,DISTRICT,ANNUAL_SEASONAL
Tamil Nadu,Tiruvarur,2021,Rabi,Banana,6937.4,207977.0,29979.1,GOI_OPEN_GOVERNMENT_DATA_APY,DISTRICT,ANNUAL_SEASONAL
Tamil Nadu,Tiruvarur,2021,Samba,Sugarcane,4106.6,352141.4,85750.1,GOI_OPEN_GOVERNMENT_DATA_APY,DISTRICT,ANNUAL_SEASONAL
Tamil Nadu,Tiruvarur,2021,Rabi,Tomato,8281.5,97716.7,11799.4,GOI_OPEN_GOVERNMENT_DATA_APY,DISTRICT,ANNUAL_SEASONAL
Tamil Nadu,Tiruvarur,2021,Samba,Chilli,7035.2,10908.1,1550.5,GOI_OPEN_GOVERNMENT_DATA_APY,DISTRICT,ANNUAL_SEASONAL
Tamil Nadu,Tiruvarur,2021,Samba,Onion,22125.0,247264.6,11175.8,GOI_OPEN_GOVERNMENT_DATA_APY,DISTRICT,ANNUAL_SEASONAL
Tamil Nadu,Tiruvarur,2021,Samba,Pulses,11884.5,7215.1,607.1,GOI_OPEN_GOVERNMENT_DATA_APY,DISTRICT,ANNUAL_SEASONAL
Tamil Nadu,Thanjavur,2022,Samba,Paddy,22939.2,92601.0,4036.8,GOI_OPEN_GOVERNMENT_DATA_APY,DISTRICT,ANNUAL_SEASONAL
Tamil Nadu,Thanjavur,2022,Rabi,Maize,17923.4,74190.3,4139.3,GOI_OPEN_GOVERNMENT_DATA_APY,DISTRICT,ANNUAL_SEASONAL
Tamil Nadu,Thanjavur,2022,Samba,Groundnut,18437.8,38005.8,2061.3,GOI_OPEN_GOVERNMENT_DATA_APY,DISTRICT,ANNUAL_SEASONAL
Tamil Nadu,Thanjavur,2022,Kuruvai,Cotton,22575.7,35136.8,1556.4,GOI_OPEN_GOVERNMENT_DATA_APY,DISTRICT,ANNUAL_SEASONAL
Tamil Nadu,Thanjavur,2022,Kharif,Banana,5519.3,173547.8,31443.8,GOI_OPEN_GOVERNMENT_DATA_APY,DISTRICT,ANNUAL_SEASONAL
Tamil Nadu,Thanjavur,2022,Samba,Sugarcane,7399.7,855639.9,115631.7,GOI_OPEN_GOVERNMENT_DATA_APY,DISTRICT,ANNUAL_SEASONAL
Tamil Nadu,Thanjavur,2022,Kuruvai,Tomato,15674.8,268128.4,17105.7,GOI_OPEN_GOVERNMENT_DATA_APY,DISTRICT,ANNUAL_SEASONAL
Tamil Nadu,Thanjavur,2022,Rabi,Chilli,9825.5,23701.1,2412.2,GOI_OPEN_GOVERNMENT_DATA_APY,DISTRICT,ANNUAL_SEASONAL
Tamil Nadu,Thanjavur,2022,Kharif,Onion,12710.9,171196.8,13468.5,GOI_OPEN_GOVERNMENT_DATA_APY,DISTRICT,ANNUAL_SEASONAL
Tamil Nadu,Thanjavur,2022,Rabi,Pulses,7525.5,6101.7,810.8,GOI_OPEN_GOVERNMENT_DATA_APY,DISTRICT,ANNUAL_SEASONAL
Tamil Nadu,Cuddalore,2022,Samba,Paddy,21239.0,88069.6,4146.6,GOI_OPEN_GOVERNMENT_DATA_APY,DISTRICT,ANNUAL_SEASONAL
Tamil Nadu,Cuddalore,2022,Kharif,Maize,23177.8,91102.7,3930.6,GOI_OPEN_GOVERNMENT_DATA_APY,DISTRICT,ANNUAL_SEASONAL
Tamil Nadu,Cuddalore,2022,Kuruvai,Groundnut,23625.9,56243.8,2380.6,GOI_OPEN_GOVERNMENT_DATA_APY,DISTRICT,ANNUAL_SEASONAL
Tamil Nadu,Cuddalore,2022,Kuruvai,Cotton,6785.0,10992.4,1620.1,GOI_OPEN_GOVERNMENT_DATA_APY,DISTRICT,ANNUAL_SEASONAL
Tamil Nadu,Cuddalore,2022,Kharif,Banana,20776.2,634461.5,30537.9,GOI_OPEN_GOVERNMENT_DATA_APY,DISTRICT,ANNUAL_SEASONAL
Tamil Nadu,Cuddalore,2022,Rabi,Sugarcane,17534.5,1906510.4,108729.1,GOI_OPEN_GOVERNMENT_DATA_APY,DISTRICT,ANNUAL_SEASONAL
Tamil Nadu,Cuddalore,2022,Rabi,Tomato,12989.0,265687.4,20454.8,GOI_OPEN_GOVERNMENT_DATA_APY,DISTRICT,ANNUAL_SEASONAL
Tamil Nadu,Cuddalore,2022,Samba,Chilli,5765.4,13842.1,2400.9,GOI_OPEN_GOVERNMENT_DATA_APY,DISTRICT,ANNUAL_SEASONAL
Tamil Nadu,Cuddalore,2022,Samba,Onion,16423.0,231283.5,14082.9,GOI_OPEN_GOVERNMENT_DATA_APY,DISTRICT,ANNUAL_SEASONAL
Tamil Nadu,Cuddalore,2022,Rabi,Pulses,22679.9,16411.2,723.6,GOI_OPEN_GOVERNMENT_DATA_APY,DISTRICT,ANNUAL_SEASONAL
Tamil Nadu,Madurai,2022,Samba,Paddy,10290.9,41390.0,4022.0,GOI_OPEN_GOVERNMENT_DATA_APY,DISTRICT,ANNUAL_SEASONAL
Tamil Nadu,Madurai,2022,Kuruvai,Maize,2208.1,8292.5,3755.5,GOI_OPEN_GOVERNMENT_DATA_APY,DISTRICT,ANNUAL_SEASONAL
Tamil Nadu,Madurai,2022,Samba,Groundnut,22628.7,46368.5,2049.1,GOI_OPEN_GOVERNMENT_DATA_APY,DISTRICT,ANNUAL_SEASONAL
Tamil Nadu,Madurai,2022,Samba,Cotton,11010.2,21716.5,1972.4,GOI_OPEN_GOVERNMENT_DATA_APY,DISTRICT,ANNUAL_SEASONAL
Tamil Nadu,Madurai,2022,Rabi,Banana,9076.9,317053.4,34929.7,GOI_OPEN_GOVERNMENT_DATA_APY,DISTRICT,ANNUAL_SEASONAL
Tamil Nadu,Madurai,2022,Kharif,Sugarcane,23966.0,2779183.6,115963.6,GOI_OPEN_GOVERNMENT_DATA_APY,DISTRICT,ANNUAL_SEASONAL
Tamil Nadu,Madurai,2022,Kuruvai,Tomato,9557.8,164027.1,17161.6,GOI_OPEN_GOVERNMENT_DATA_APY,DISTRICT,ANNUAL_SEASONAL
Tamil Nadu,Madurai,2022,Samba,Chilli,3111.4,6645.0,2135.7,GOI_OPEN_GOVERNMENT_DATA_APY,DISTRICT,ANNUAL_SEASONAL
Tamil Nadu,Madurai,2022,Kuruvai,Onion,23288.4,322656.1,13854.8,GOI_OPEN_GOVERNMENT_DATA_APY,DISTRICT,ANNUAL_SEASONAL
Tamil Nadu,Madurai,2022,Rabi,Pulses,4033.8,2983.0,739.5,GOI_OPEN_GOVERNMENT_DATA_APY,DISTRICT,ANNUAL_SEASONAL
Tamil Nadu,Nagapattinam,2022,Samba,Paddy,909.6,3530.2,3881.1,GOI_OPEN_GOVERNMENT_DATA_APY,DISTRICT,ANNUAL_SEASONAL
Tamil Nadu,Nagapattinam,2022,Kharif,Maize,16527.9,69096.5,4180.6,GOI_OPEN_GOVERNMENT_DATA_APY,DISTRICT,ANNUAL_SEASONAL
Tamil Nadu,Nagapattinam,2022,Kharif,Groundnut,1087.1,2179.1,2004.5,GOI_OPEN_GOVERNMENT_DATA_APY,DISTRICT,ANNUAL_SEASONAL
Tamil Nadu,Nagapattinam,2022,Kuruvai,Cotton,6214.4,11288.5,1816.5,GOI_OPEN_GOVERNMENT_DATA_APY,DISTRICT,ANNUAL_SEASONAL
Tamil Nadu,Nagapattinam,2022,Kharif,Banana,7577.2,244700.4,32294.3,GOI_OPEN_GOVERNMENT_DATA_APY,DISTRICT,ANNUAL_SEASONAL
Tamil Nadu,Nagapattinam,2022,Rabi,Sugarcane,10739.5,1069037.8,99542.6,GOI_OPEN_GOVERNMENT_DATA_APY,DISTRICT,ANNUAL_SEASONAL
Tamil Nadu,Nagapattinam,2022,Samba,Tomato,13515.4,277194.1,20509.5,GOI_OPEN_GOVERNMENT_DATA_APY,DISTRICT,ANNUAL_SEASONAL
Tamil Nadu,Nagapattinam,2022,Kuruvai,Chilli,1337.3,2685.7,2008.3,GOI_OPEN_GOVERNMENT_DATA_APY,DISTRICT,ANNUAL_SEASONAL
Tamil Nadu,Nagapattinam,2022,Samba,Onion,24817.5,376943.1,15188.6,GOI_OPEN_GOVERNMENT_DATA_APY,DISTRICT,ANNUAL_SEASONAL
Tamil Nadu,Nagapattinam,2022,Rabi,Pulses,24024.2,19368.3,806.2,GOI_OPEN_GOVERNMENT_DATA_APY,DISTRICT,ANNUAL_SEASONAL
Tamil Nadu,Coimbatore,2022,Samba,Paddy,23967.0,81135.5,3385.3,GOI_OPEN_GOVERNMENT_DATA_APY,DISTRICT,ANNUAL_SEASONAL
Tamil Nadu,Coimbatore,2022,Samba,Maize,17554.3,72825.8,4148.6,GOI_OPEN_GOVERNMENT_DATA_APY,DISTRICT,ANNUAL_SEASONAL
Tamil Nadu,Coimbatore,2022,Rabi,Groundnut,8350.2,17556.3,2102.5,GOI_OPEN_GOVERNMENT_DATA_APY,DISTRICT,ANNUAL_SEASONAL
Tamil Nadu,Coimbatore,2022,Rabi,Cotton,13505.4,22383.8,1657.4,GOI_OPEN_GOVERNMENT_DATA_APY,DISTRICT,ANNUAL_SEASONAL
Tamil Nadu,Coimbatore,2022,Kharif,Banana,5732.7,221401.5,38620.8,GOI_OPEN_GOVERNMENT_DATA_APY,DISTRICT,ANNUAL_SEASONAL
Tamil Nadu,Coimbatore,2022,Kuruvai,Sugarcane,14942.8,1676913.9,112222.2,GOI_OPEN_GOVERNMENT_DATA_APY,DISTRICT,ANNUAL_SEASONAL
Tamil Nadu,Coimbatore,2022,Samba,Tomato,8883.0,139969.4,15757.0,GOI_OPEN_GOVERNMENT_DATA_APY,DISTRICT,ANNUAL_SEASONAL
Tamil Nadu,Coimbatore,2022,Kharif,Chilli,9664.5,24386.4,2523.3,GOI_OPEN_GOVERNMENT_DATA_APY,DISTRICT,ANNUAL_SEASONAL
Tamil Nadu,Coimbatore,2022,Rabi,Onion,2803.7,37131.4,13243.7,GOI_OPEN_GOVERNMENT_DATA_APY,DISTRICT,ANNUAL_SEASONAL
Tamil Nadu,Coimbatore,2022,Kuruvai,Pulses,19806.9,14546.2,734.4,GOI_OPEN_GOVERNMENT_DATA_APY,DISTRICT,ANNUAL_SEASONAL
Tamil Nadu,Tiruchirappalli,2022,Samba,Paddy,10235.6,42230.0,4125.8,GOI_OPEN_GOVERNMENT_DATA_APY,DISTRICT,ANNUAL_SEASONAL
Tamil Nadu,Tiruchirappalli,2022,Rabi,Maize,16826.4,66519.8,3953.3,GOI_OPEN_GOVERNMENT_DATA_APY,DISTRICT,ANNUAL_SEASONAL
Tamil Nadu,Tiruchirappalli,2022,Kuruvai,Groundnut,634.1,1404.8,2215.5,GOI_OPEN_GOVERNMENT_DATA_APY,DISTRICT,ANNUAL_SEASONAL
Tamil Nadu,Tiruchirappalli,2022,Rabi,Cotton,22856.8,42490.8,1859.0,GOI_OPEN_GOVERNMENT_DATA_APY,DISTRICT,ANNUAL_SEASONAL
Tamil Nadu,Tiruchirappalli,2022,Samba,Banana,18276.4,707687.8,38721.4,GOI_OPEN_GOVERNMENT_DATA_APY,DISTRICT,ANNUAL_SEASONAL
Tamil Nadu,Tiruchirappalli,2022,Kharif,Sugarcane,19031.9,1784935.3,93786.5,GOI_OPEN_GOVERNMENT_DATA_APY,DISTRICT,ANNUAL_SEASONAL
Tamil Nadu,Tiruchirappalli,2022,Samba,Tomato,9550.5,197477.6,20677.2,GOI_OPEN_GOVERNMENT_DATA_APY,DISTRICT,ANNUAL_SEASONAL
Tamil Nadu,Tiruchirappalli,2022,Samba,Chilli,24504.4,52245.8,2132.1,GOI_OPEN_GOVERNMENT_DATA_APY,DISTRICT,ANNUAL_SEASONAL
Tamil Nadu,Tiruchirappalli,2022,Rabi,Onion,24058.1,309315.0,12857.0,GOI_OPEN_GOVERNMENT_DATA_APY,DISTRICT,ANNUAL_SEASONAL
Tamil Nadu,Tiruchirappalli,2022,Kuruvai,Pulses,22109.4,19301.5,873.0,GOI_OPEN_GOVERNMENT_DATA_APY,DISTRICT,ANNUAL_SEASONAL
Tamil Nadu,Tirunelveli,2022,Samba,Paddy,703.2,2915.3,4145.8,GOI_OPEN_GOVERNMENT_DATA_APY,DISTRICT,ANNUAL_SEASONAL
Tamil Nadu,Tirunelveli,2022,Samba,Maize,24865.4,97174.0,3908.0,GOI_OPEN_GOVERNMENT_DATA_APY,DISTRICT,ANNUAL_SEASONAL
Tamil Nadu,Tirunelveli,2022,Rabi,Groundnut,6165.8,14489.6,2350.0,GOI_OPEN_GOVERNMENT_DATA_APY,DISTRICT,ANNUAL_SEASONAL
Tamil Nadu,Tirunelveli,2022,Rabi,Cotton,2731.7,5245.7,1920.3,GOI_OPEN_GOVERNMENT_DATA_APY,DISTRICT,ANNUAL_SEASONAL
Tamil Nadu,Tirunelveli,2022,Kharif,Banana,22430.5,897890.7,40029.9,GOI_OPEN_GOVERNMENT_DATA_APY,DISTRICT,ANNUAL_SEASONAL
Tamil Nadu,Tirunelveli,2022,Kharif,Sugarcane,12153.8,1389001.9,114285.4,GOI_OPEN_GOVERNMENT_DATA_APY,DISTRICT,ANNUAL_SEASONAL
Tamil Nadu,Tirunelveli,2022,Samba,Tomato,21149.9,376576.1,17805.1,GOI_OPEN_GOVERNMENT_DATA_APY,DISTRICT,ANNUAL_SEASONAL
Tamil Nadu,Tirunelveli,2022,Samba,Chilli,20842.8,41917.0,2011.1,GOI_OPEN_GOVERNMENT_DATA_APY,DISTRICT,ANNUAL_SEASONAL
Tamil Nadu,Tirunelveli,2022,Rabi,Onion,6049.1,79227.5,13097.4,GOI_OPEN_GOVERNMENT_DATA_APY,DISTRICT,ANNUAL_SEASONAL
Tamil Nadu,Tirunelveli,2022,Samba,Pulses,23926.0,17473.2,730.3,GOI_OPEN_GOVERNMENT_DATA_APY,DISTRICT,ANNUAL_SEASONAL
Tamil Nadu,Villupuram,2022,Samba,Paddy,13761.2,55534.7,4035.6,GOI_OPEN_GOVERNMENT_DATA_APY,DISTRICT,ANNUAL_SEASONAL
Tamil Nadu,Villupuram,2022,Samba,Maize,7295.0,26523.2,3635.8,GOI_OPEN_GOVERNMENT_DATA_APY,DISTRICT,ANNUAL_SEASONAL
Tamil Nadu,Villupuram,2022,Kuruvai,Groundnut,9452.1,21605.6,2285.8,GOI_OPEN_GOVERNMENT_DATA_APY,DISTRICT,ANNUAL_SEASONAL
Tamil Nadu,Villupuram,2022,Kuruvai,Cotton,548.9,1006.7,1834.0,GOI_OPEN_GOVERNMENT_DATA_APY,DISTRICT,ANNUAL_SEASONAL
Tamil Nadu,Villupuram,2022,Kuruvai,Banana,15463.8,542140.7,35058.7,GOI_OPEN_GOVERNMENT_DATA_APY,DISTRICT,ANNUAL_SEASONAL
Tamil Nadu,Villupuram,2022,Samba,Sugarcane,9079.1,1087224.0,119750.2,GOI_OPEN_GOVERNMENT_DATA_APY,DISTRICT,ANNUAL_SEASONAL
Tamil Nadu,Villupuram,2022,Kuruvai,Tomato,17354.9,343231.3,19777.2,GOI_OPEN_GOVERNMENT_DATA_APY,DISTRICT,ANNUAL_SEASONAL
Tamil Nadu,Villupuram,2022,Rabi,Chilli,7563.2,17062.6,2256.0,GOI_OPEN_GOVERNMENT_DATA_APY,DISTRICT,ANNUAL_SEASONAL
Tamil Nadu,Villupuram,2022,Samba,Onion,11945.8,147748.0,12368.2,GOI_OPEN_GOVERNMENT_DATA_APY,DISTRICT,ANNUAL_SEASONAL
Tamil Nadu,Villupuram,2022,Rabi,Pulses,18942.0,16369.7,864.2,GOI_OPEN_GOVERNMENT_DATA_APY,DISTRICT,ANNUAL_SEASONAL
Tamil Nadu,Erode,2022,Samba,Paddy,2566.0,9421.8,3671.8,GOI_OPEN_GOVERNMENT_DATA_APY,DISTRICT,ANNUAL_SEASONAL
Tamil Nadu,Erode,2022,Kuruvai,Maize,3046.0,11194.4,3675.1,GOI_OPEN_GOVERNMENT_DATA_APY,DISTRICT,ANNUAL_SEASONAL
Tamil Nadu,Erode,2022,Rabi,Groundnut,5901.3,12847.1,2177.0,GOI_OPEN_GOVERNMENT_DATA_APY,DISTRICT,ANNUAL_SEASONAL
Tamil Nadu,Erode,2022,Samba,Cotton,13965.5,24801.3,1775.9,GOI_OPEN_GOVERNMENT_DATA_APY,DISTRICT,ANNUAL_SEASONAL
Tamil Nadu,Erode,2022,Rabi,Banana,5953.9,197888.6,33236.8,GOI_OPEN_GOVERNMENT_DATA_APY,DISTRICT,ANNUAL_SEASONAL
Tamil Nadu,Erode,2022,Rabi,Sugarcane,1134.5,116428.9,102625.7,GOI_OPEN_GOVERNMENT_DATA_APY,DISTRICT,ANNUAL_SEASONAL
Tamil Nadu,Erode,2022,Samba,Tomato,4634.4,72644.7,15675.1,GOI_OPEN_GOVERNMENT_DATA_APY,DISTRICT,ANNUAL_SEASONAL
Tamil Nadu,Erode,2022,Kuruvai,Chilli,3516.0,7594.9,2160.1,GOI_OPEN_GOVERNMENT_DATA_APY,DISTRICT,ANNUAL_SEASONAL
Tamil Nadu,Erode,2022,Samba,Onion,1948.8,27188.9,13951.6,GOI_OPEN_GOVERNMENT_DATA_APY,DISTRICT,ANNUAL_SEASONAL
Tamil Nadu,Erode,2022,Kharif,Pulses,14997.1,12992.0,866.3,GOI_OPEN_GOVERNMENT_DATA_APY,DISTRICT,ANNUAL_SEASONAL
Tamil Nadu,Tiruvarur,2022,Samba,Paddy,9901.7,33350.9,3368.2,GOI_OPEN_GOVERNMENT_DATA_APY,DISTRICT,ANNUAL_SEASONAL
Tamil Nadu,Tiruvarur,2022,Kuruvai,Maize,16292.0,76319.9,4684.5,GOI_OPEN_GOVERNMENT_DATA_APY,DISTRICT,ANNUAL_SEASONAL
Tamil Nadu,Tiruvarur,2022,Kuruvai,Groundnut,5560.1,10322.3,1856.5,GOI_OPEN_GOVERNMENT_DATA_APY,DISTRICT,ANNUAL_SEASONAL
Tamil Nadu,Tiruvarur,2022,Rabi,Cotton,15347.7,29426.1,1917.3,GOI_OPEN_GOVERNMENT_DATA_APY,DISTRICT,ANNUAL_SEASONAL
Tamil Nadu,Tiruvarur,2022,Kharif,Banana,24847.7,778369.1,31325.6,GOI_OPEN_GOVERNMENT_DATA_APY,DISTRICT,ANNUAL_SEASONAL
Tamil Nadu,Tiruvarur,2022,Samba,Sugarcane,1367.6,155707.8,113854.8,GOI_OPEN_GOVERNMENT_DATA_APY,DISTRICT,ANNUAL_SEASONAL
Tamil Nadu,Tiruvarur,2022,Rabi,Tomato,14709.5,231843.8,15761.5,GOI_OPEN_GOVERNMENT_DATA_APY,DISTRICT,ANNUAL_SEASONAL
Tamil Nadu,Tiruvarur,2022,Kharif,Chilli,12938.8,29287.0,2263.5,GOI_OPEN_GOVERNMENT_DATA_APY,DISTRICT,ANNUAL_SEASONAL
Tamil Nadu,Tiruvarur,2022,Samba,Onion,3770.8,56790.1,15060.5,GOI_OPEN_GOVERNMENT_DATA_APY,DISTRICT,ANNUAL_SEASONAL
Tamil Nadu,Tiruvarur,2022,Kuruvai,Pulses,9778.8,8511.5,870.4,GOI_OPEN_GOVERNMENT_DATA_APY,DISTRICT,ANNUAL_SEASONAL
Tamil Nadu,Thanjavur,2023,Samba,Paddy,12799.1,32577.5,2545.3,GOI_OPEN_GOVERNMENT_DATA_APY,DISTRICT,ANNUAL_SEASONAL
Tamil Nadu,Thanjavur,2023,Samba,Maize,3673.1,11600.8,3158.3,GOI_OPEN_GOVERNMENT_DATA_APY,DISTRICT,ANNUAL_SEASONAL
Tamil Nadu,Thanjavur,2023,Samba,Groundnut,12034.3,19867.4,1650.9,GOI_OPEN_GOVERNMENT_DATA_APY,DISTRICT,ANNUAL_SEASONAL
Tamil Nadu,Thanjavur,2023,Kharif,Cotton,21493.4,25572.8,1189.8,GOI_OPEN_GOVERNMENT_DATA_APY,DISTRICT,ANNUAL_SEASONAL
Tamil Nadu,Thanjavur,2023,Samba,Banana,11983.5,358130.5,29885.3,GOI_OPEN_GOVERNMENT_DATA_APY,DISTRICT,ANNUAL_SEASONAL
Tamil Nadu,Thanjavur,2023,Kuruvai,Sugarcane,1021.2,81959.4,80257.9,GOI_OPEN_GOVERNMENT_DATA_APY,DISTRICT,ANNUAL_SEASONAL
Tamil Nadu,Thanjavur,2023,Samba,Tomato,1009.5,15167.8,15025.1,GOI_OPEN_GOVERNMENT_DATA_APY,DISTRICT,ANNUAL_SEASONAL
Tamil Nadu,Thanjavur,2023,Rabi,Chilli,5608.1,10535.4,1878.6,GOI_OPEN_GOVERNMENT_DATA_APY,DISTRICT,ANNUAL_SEASONAL
Tamil Nadu,Thanjavur,2023,Samba,Onion,10625.3,123457.5,11619.2,GOI_OPEN_GOVERNMENT_DATA_APY,DISTRICT,ANNUAL_SEASONAL
Tamil Nadu,Thanjavur,2023,Rabi,Pulses,19095.4,13200.7,691.3,GOI_OPEN_GOVERNMENT_DATA_APY,DISTRICT,ANNUAL_SEASONAL
Tamil Nadu,Cuddalore,2023,Samba,Paddy,3708.7,11681.7,3149.8,GOI_OPEN_GOVERNMENT_DATA_APY,DISTRICT,ANNUAL_SEASONAL
Tamil Nadu,Cuddalore,2023,Kharif,Maize,20957.0,56303.1,2686.6,GOI_OPEN_GOVERNMENT_DATA_APY,DISTRICT,ANNUAL_SEASONAL
Tamil Nadu,Cuddalore,2023,Samba,Groundnut,9710.1,14502.0,1493.5,GOI_OPEN_GOVERNMENT_DATA_APY,DISTRICT,ANNUAL_SEASONAL
Tamil Nadu,Cuddalore,2023,Kuruvai,Cotton,11990.6,17513.5,1460.6,GOI_OPEN_GOVERNMENT_DATA_APY,DISTRICT,ANNUAL_SEASONAL
Tamil Nadu,Cuddalore,2023,Samba,Banana,20635.5,601549.6,29151.2,GOI_OPEN_GOVERNMENT_DATA_APY,DISTRICT,ANNUAL_SEASONAL
Tamil Nadu,Cuddalore,2023,Samba,Sugarcane,720.6,59856.9,83065.3,GOI_OPEN_GOVERNMENT_DATA_APY,DISTRICT,ANNUAL_SEASONAL
Tamil Nadu,Cuddalore,2023,Rabi,Tomato,14342.1,221773.3,15463.1,GOI_OPEN_GOVERNMENT_DATA_APY,DISTRICT,ANNUAL_SEASONAL
Tamil Nadu,Cuddalore,2023,Kuruvai,Chilli,20090.3,36174.6,1800.6,GOI_OPEN_GOVERNMENT_DATA_APY,DISTRICT,ANNUAL_SEASONAL
Tamil Nadu,Cuddalore,2023,Kharif,Onion,22387.8,232051.8,10365.1,GOI_OPEN_GOVERNMENT_DATA_APY,DISTRICT,ANNUAL_SEASONAL
Tamil Nadu,Cuddalore,2023,Samba,Pulses,4394.9,3123.0,710.6,GOI_OPEN_GOVERNMENT_DATA_APY,DISTRICT,ANNUAL_SEASONAL
Tamil Nadu,Madurai,2023,Samba,Paddy,18163.0,54416.3,2996.0,GOI_OPEN_GOVERNMENT_DATA_APY,DISTRICT,ANNUAL_SEASONAL
Tamil Nadu,Madurai,2023,Samba,Maize,10890.2,32733.8,3005.8,GOI_OPEN_GOVERNMENT_DATA_APY,DISTRICT,ANNUAL_SEASONAL
Tamil Nadu,Madurai,2023,Kharif,Groundnut,24570.8,35708.7,1453.3,GOI_OPEN_GOVERNMENT_DATA_APY,DISTRICT,ANNUAL_SEASONAL
Tamil Nadu,Madurai,2023,Kuruvai,Cotton,6561.6,7550.4,1150.7,GOI_OPEN_GOVERNMENT_DATA_APY,DISTRICT,ANNUAL_SEASONAL
Tamil Nadu,Madurai,2023,Kuruvai,Banana,6550.3,179727.1,27438.0,GOI_OPEN_GOVERNMENT_DATA_APY,DISTRICT,ANNUAL_SEASONAL
Tamil Nadu,Madurai,2023,Kuruvai,Sugarcane,17155.1,1509005.5,87962.5,GOI_OPEN_GOVERNMENT_DATA_APY,DISTRICT,ANNUAL_SEASONAL
Tamil Nadu,Madurai,2023,Kuruvai,Tomato,24586.2,295007.4,11998.9,GOI_OPEN_GOVERNMENT_DATA_APY,DISTRICT,ANNUAL_SEASONAL
Tamil Nadu,Madurai,2023,Kuruvai,Chilli,19558.9,29786.2,1522.9,GOI_OPEN_GOVERNMENT_DATA_APY,DISTRICT,ANNUAL_SEASONAL
Tamil Nadu,Madurai,2023,Samba,Onion,15693.1,169493.3,10800.5,GOI_OPEN_GOVERNMENT_DATA_APY,DISTRICT,ANNUAL_SEASONAL
Tamil Nadu,Madurai,2023,Kuruvai,Pulses,18514.4,12615.7,681.4,GOI_OPEN_GOVERNMENT_DATA_APY,DISTRICT,ANNUAL_SEASONAL
Tamil Nadu,Nagapattinam,2023,Samba,Paddy,13519.0,43971.9,3252.6,GOI_OPEN_GOVERNMENT_DATA_APY,DISTRICT,ANNUAL_SEASONAL
Tamil Nadu,Nagapattinam,2023,Samba,Maize,12061.2,42172.0,3496.5,GOI_OPEN_GOVERNMENT_DATA_APY,DISTRICT,ANNUAL_SEASONAL
Tamil Nadu,Nagapattinam,2023,Kharif,Groundnut,23445.4,31834.2,1357.8,GOI_OPEN_GOVERNMENT_DATA_APY,DISTRICT,ANNUAL_SEASONAL
Tamil Nadu,Nagapattinam,2023,Samba,Cotton,1976.2,2595.1,1313.2,GOI_OPEN_GOVERNMENT_DATA_APY,DISTRICT,ANNUAL_SEASONAL
Tamil Nadu,Nagapattinam,2023,Kharif,Banana,20727.8,609687.5,29414.0,GOI_OPEN_GOVERNMENT_DATA_APY,DISTRICT,ANNUAL_SEASONAL
Tamil Nadu,Nagapattinam,2023,Rabi,Sugarcane,17463.1,1466596.5,83982.6,GOI_OPEN_GOVERNMENT_DATA_APY,DISTRICT,ANNUAL_SEASONAL
Tamil Nadu,Nagapattinam,2023,Kuruvai,Tomato,16376.6,234660.3,14329.0,GOI_OPEN_GOVERNMENT_DATA_APY,DISTRICT,ANNUAL_SEASONAL
Tamil Nadu,Nagapattinam,2023,Samba,Chilli,3258.6,6140.2,1884.3,GOI_OPEN_GOVERNMENT_DATA_APY,DISTRICT,ANNUAL_SEASONAL
Tamil Nadu,Nagapattinam,2023,Rabi,Onion,1535.5,16280.9,10603.0,GOI_OPEN_GOVERNMENT_DATA_APY,DISTRICT,ANNUAL_SEASONAL
Tamil Nadu,Nagapattinam,2023,Rabi,Pulses,18103.8,11539.4,637.4,GOI_OPEN_GOVERNMENT_DATA_APY,DISTRICT,ANNUAL_SEASONAL
Tamil Nadu,Coimbatore,2023,Samba,Paddy,17277.2,48346.8,2798.3,GOI_OPEN_GOVERNMENT_DATA_APY,DISTRICT,ANNUAL_SEASONAL
Tamil Nadu,Coimbatore,2023,Samba,Maize,20064.0,66582.4,3318.5,GOI_OPEN_GOVERNMENT_DATA_APY,DISTRICT,ANNUAL_SEASONAL
Tamil Nadu,Coimbatore,2023,Kharif,Groundnut,12855.6,21432.9,1667.2,GOI_OPEN_GOVERNMENT_DATA_APY,DISTRICT,ANNUAL_SEASONAL
Tamil Nadu,Coimbatore,2023,Rabi,Cotton,14180.9,16746.2,1180.9,GOI_OPEN_GOVERNMENT_DATA_APY,DISTRICT,ANNUAL_SEASONAL
Tamil Nadu,Coimbatore,2023,Kuruvai,Banana,21757.2,532346.5,24467.6,GOI_OPEN_GOVERNMENT_DATA_APY,DISTRICT,ANNUAL_SEASONAL
Tamil Nadu,Coimbatore,2023,Samba,Sugarcane,14066.9,1152172.0,81906.6,GOI_OPEN_GOVERNMENT_DATA_APY,DISTRICT,ANNUAL_SEASONAL
Tamil Nadu,Coimbatore,2023,Rabi,Tomato,3326.9,43202.5,12985.8,GOI_OPEN_GOVERNMENT_DATA_APY,DISTRICT,ANNUAL_SEASONAL
Tamil Nadu,Coimbatore,2023,Kharif,Chilli,15431.9,26566.0,1721.5,GOI_OPEN_GOVERNMENT_DATA_APY,DISTRICT,ANNUAL_SEASONAL
Tamil Nadu,Coimbatore,2023,Rabi,Onion,18547.0,170471.0,9191.3,GOI_OPEN_GOVERNMENT_DATA_APY,DISTRICT,ANNUAL_SEASONAL
Tamil Nadu,Coimbatore,2023,Rabi,Pulses,20872.6,12314.8,590.0,GOI_OPEN_GOVERNMENT_DATA_APY,DISTRICT,ANNUAL_SEASONAL
Tamil Nadu,Tiruchirappalli,2023,Samba,Paddy,17471.7,49596.9,2838.7,GOI_OPEN_GOVERNMENT_DATA_APY,DISTRICT,ANNUAL_SEASONAL
Tamil Nadu,Tiruchirappalli,2023,Kharif,Maize,24556.7,79426.2,3234.4,GOI_OPEN_GOVERNMENT_DATA_APY,DISTRICT,ANNUAL_SEASONAL
Tamil Nadu,Tiruchirappalli,2023,Kuruvai,Groundnut,1200.0,2109.6,1758.0,GOI_OPEN_GOVERNMENT_DATA_APY,DISTRICT,ANNUAL_SEASONAL
Tamil Nadu,Tiruchirappalli,2023,Rabi,Cotton,14723.3,18392.3,1249.2,GOI_OPEN_GOVERNMENT_DATA_APY,DISTRICT,ANNUAL_SEASONAL
Tamil Nadu,Tiruchirappalli,2023,Kuruvai,Banana,23068.2,624278.5,27062.3,GOI_OPEN_GOVERNMENT_DATA_APY,DISTRICT,ANNUAL_SEASONAL
Tamil Nadu,Tiruchirappalli,2023,Samba,Sugarcane,11614.3,985054.1,84813.9,GOI_OPEN_GOVERNMENT_DATA_APY,DISTRICT,ANNUAL_SEASONAL
Tamil Nadu,Tiruchirappalli,2023,Kuruvai,Tomato,6245.6,73475.1,11764.3,GOI_OPEN_GOVERNMENT_DATA_APY,DISTRICT,ANNUAL_SEASONAL
Tamil Nadu,Tiruchirappalli,2023,Kuruvai,Chilli,1161.2,1699.3,1463.4,GOI_OPEN_GOVERNMENT_DATA_APY,DISTRICT,ANNUAL_SEASONAL
Tamil Nadu,Tiruchirappalli,2023,Samba,Onion,19011.1,177341.2,9328.3,GOI_OPEN_GOVERNMENT_DATA_APY,DISTRICT,ANNUAL_SEASONAL
Tamil Nadu,Tiruchirappalli,2023,Kuruvai,Pulses,2593.1,1581.5,609.9,GOI_OPEN_GOVERNMENT_DATA_APY,DISTRICT,ANNUAL_SEASONAL
Tamil Nadu,Tirunelveli,2023,Samba,Paddy,2973.0,8976.7,3019.4,GOI_OPEN_GOVERNMENT_DATA_APY,DISTRICT,ANNUAL_SEASONAL
Tamil Nadu,Tirunelveli,2023,Rabi,Maize,12962.1,45066.6,3476.8,GOI_OPEN_GOVERNMENT_DATA_APY,DISTRICT,ANNUAL_SEASONAL
Tamil Nadu,Tirunelveli,2023,Kharif,Groundnut,17039.1,28905.1,1696.4,GOI_OPEN_GOVERNMENT_DATA_APY,DISTRICT,ANNUAL_SEASONAL
Tamil Nadu,Tirunelveli,2023,Kharif,Cotton,8106.6,9867.4,1217.2,GOI_OPEN_GOVERNMENT_DATA_APY,DISTRICT,ANNUAL_SEASONAL
Tamil Nadu,Tirunelveli,2023,Rabi,Banana,11540.0,300507.4,26040.5,GOI_OPEN_GOVERNMENT_DATA_APY,DISTRICT,ANNUAL_SEASONAL
Tamil Nadu,Tirunelveli,2023,Kharif,Sugarcane,5028.1,343140.7,68244.6,GOI_OPEN_GOVERNMENT_DATA_APY,DISTRICT,ANNUAL_SEASONAL
Tamil Nadu,Tirunelveli,2023,Rabi,Tomato,3850.6,45609.6,11844.8,GOI_OPEN_GOVERNMENT_DATA_APY,DISTRICT,ANNUAL_SEASONAL
Tamil Nadu,Tirunelveli,2023,Rabi,Chilli,11337.7,18123.3,1598.5,GOI_OPEN_GOVERNMENT_DATA_APY,DISTRICT,ANNUAL_SEASONAL
Tamil Nadu,Tirunelveli,2023,Kuruvai,Onion,18704.5,173156.9,9257.5,GOI_OPEN_GOVERNMENT_DATA_APY,DISTRICT,ANNUAL_SEASONAL
Tamil Nadu,Tirunelveli,2023,Samba,Pulses,12374.8,7413.7,599.1,GOI_OPEN_GOVERNMENT_DATA_APY,DISTRICT,ANNUAL_SEASONAL
Tamil Nadu,Villupuram,2023,Samba,Paddy,19249.1,48515.4,2520.4,GOI_OPEN_GOVERNMENT_DATA_APY,DISTRICT,ANNUAL_SEASONAL
Tamil Nadu,Villupuram,2023,Rabi,Maize,2844.4,9608.7,3378.1,GOI_OPEN_GOVERNMENT_DATA_APY,DISTRICT,ANNUAL_SEASONAL
Tamil Nadu,Villupuram,2023,Rabi,Groundnut,9592.0,13923.7,1451.6,GOI_OPEN_GOVERNMENT_DATA_APY,DISTRICT,ANNUAL_SEASONAL
Tamil Nadu,Villupuram,2023,Rabi,Cotton,22270.5,28379.3,1274.3,GOI_OPEN_GOVERNMENT_DATA_APY,DISTRICT,ANNUAL_SEASONAL
Tamil Nadu,Villupuram,2023,Samba,Banana,14445.6,380296.3,26326.1,GOI_OPEN_GOVERNMENT_DATA_APY,DISTRICT,ANNUAL_SEASONAL
Tamil Nadu,Villupuram,2023,Samba,Sugarcane,8308.3,686969.3,82684.7,GOI_OPEN_GOVERNMENT_DATA_APY,DISTRICT,ANNUAL_SEASONAL
Tamil Nadu,Villupuram,2023,Samba,Tomato,1712.1,25441.3,14859.7,GOI_OPEN_GOVERNMENT_DATA_APY,DISTRICT,ANNUAL_SEASONAL
Tamil Nadu,Villupuram,2023,Kuruvai,Chilli,22739.5,33104.2,1455.8,GOI_OPEN_GOVERNMENT_DATA_APY,DISTRICT,ANNUAL_SEASONAL
Tamil Nadu,Villupuram,2023,Kuruvai,Onion,3583.4,42862.5,11961.4,GOI_OPEN_GOVERNMENT_DATA_APY,DISTRICT,ANNUAL_SEASONAL
Tamil Nadu,Villupuram,2023,Samba,Pulses,22661.3,15504.9,684.2,GOI_OPEN_GOVERNMENT_DATA_APY,DISTRICT,ANNUAL_SEASONAL
Tamil Nadu,Erode,2023,Samba,Paddy,20462.3,50617.6,2473.7,GOI_OPEN_GOVERNMENT_DATA_APY,DISTRICT,ANNUAL_SEASONAL
Tamil Nadu,Erode,2023,Kharif,Maize,6514.7,18612.5,2857.0,GOI_OPEN_GOVERNMENT_DATA_APY,DISTRICT,ANNUAL_SEASONAL
Tamil Nadu,Erode,2023,Kuruvai,Groundnut,6816.4,11584.5,1699.5,GOI_OPEN_GOVERNMENT_DATA_APY,DISTRICT,ANNUAL_SEASONAL
Tamil Nadu,Erode,2023,Kharif,Cotton,8849.9,12402.2,1401.4,GOI_OPEN_GOVERNMENT_DATA_APY,DISTRICT,ANNUAL_SEASONAL
Tamil Nadu,Erode,2023,Kuruvai,Banana,15057.7,395948.2,26295.4,GOI_OPEN_GOVERNMENT_DATA_APY,DISTRICT,ANNUAL_SEASONAL
Tamil Nadu,Erode,2023,Kharif,Sugarcane,14130.1,947814.6,67077.7,GOI_OPEN_GOVERNMENT_DATA_APY,DISTRICT,ANNUAL_SEASONAL
Tamil Nadu,Erode,2023,Kuruvai,Tomato,22047.7,317228.9,14388.3,GOI_OPEN_GOVERNMENT_DATA_APY,DISTRICT,ANNUAL_SEASONAL
Tamil Nadu,Erode,2023,Kharif,Chilli,10317.5,19549.6,1894.8,GOI_OPEN_GOVERNMENT_DATA_APY,DISTRICT,ANNUAL_SEASONAL
Tamil Nadu,Erode,2023,Kuruvai,Onion,18763.8,177398.6,9454.3,GOI_OPEN_GOVERNMENT_DATA_APY,DISTRICT,ANNUAL_SEASONAL
Tamil Nadu,Erode,2023,Kuruvai,Pulses,3504.7,1985.1,566.4,GOI_OPEN_GOVERNMENT_DATA_APY,DISTRICT,ANNUAL_SEASONAL
Tamil Nadu,Tiruvarur,2023,Samba,Paddy,4070.9,13296.0,3266.1,GOI_OPEN_GOVERNMENT_DATA_APY,DISTRICT,ANNUAL_SEASONAL
Tamil Nadu,Tiruvarur,2023,Kharif,Maize,14827.8,45470.9,3066.6,GOI_OPEN_GOVERNMENT_DATA_APY,DISTRICT,ANNUAL_SEASONAL
Tamil Nadu,Tiruvarur,2023,Kharif,Groundnut,17349.5,29384.8,1693.7,GOI_OPEN_GOVERNMENT_DATA_APY,DISTRICT,ANNUAL_SEASONAL
Tamil Nadu,Tiruvarur,2023,Rabi,Cotton,24380.7,34084.2,1398.0,GOI_OPEN_GOVERNMENT_DATA_APY,DISTRICT,ANNUAL_SEASONAL
Tamil Nadu,Tiruvarur,2023,Samba,Banana,15199.5,395709.9,26034.4,GOI_OPEN_GOVERNMENT_DATA_APY,DISTRICT,ANNUAL_SEASONAL
Tamil Nadu,Tiruvarur,2023,Kharif,Sugarcane,19589.3,1677805.9,85649.1,GOI_OPEN_GOVERNMENT_DATA_APY,DISTRICT,ANNUAL_SEASONAL
Tamil Nadu,Tiruvarur,2023,Kharif,Tomato,6906.0,81508.8,11802.6,GOI_OPEN_GOVERNMENT_DATA_APY,DISTRICT,ANNUAL_SEASONAL
Tamil Nadu,Tiruvarur,2023,Rabi,Chilli,21701.4,37636.7,1734.3,GOI_OPEN_GOVERNMENT_DATA_APY,DISTRICT,ANNUAL_SEASONAL
Tamil Nadu,Tiruvarur,2023,Samba,Onion,19411.5,214922.2,11071.9,GOI_OPEN_GOVERNMENT_DATA_APY,DISTRICT,ANNUAL_SEASONAL
Tamil Nadu,Tiruvarur,2023,Kharif,Pulses,19942.6,11413.1,572.3,GOI_OPEN_GOVERNMENT_DATA_APY,DISTRICT,ANNUAL_SEASONAL
Tamil Nadu,Thanjavur,2024,Samba,Paddy,7151.5,28269.2,3952.9,GOI_OPEN_GOVERNMENT_DATA_APY,DISTRICT,ANNUAL_SEASONAL
Tamil Nadu,Thanjavur,2024,Samba,Maize,4666.4,20185.4,4325.7,GOI_OPEN_GOVERNMENT_DATA_APY,DISTRICT,ANNUAL_SEASONAL
Tamil Nadu,Thanjavur,2024,Kuruvai,Groundnut,24209.5,44562.4,1840.7,GOI_OPEN_GOVERNMENT_DATA_APY,DISTRICT,ANNUAL_SEASONAL
Tamil Nadu,Thanjavur,2024,Kharif,Cotton,18084.5,34904.9,1930.1,GOI_OPEN_GOVERNMENT_DATA_APY,DISTRICT,ANNUAL_SEASONAL
Tamil Nadu,Thanjavur,2024,Kuruvai,Banana,18953.3,702441.5,37061.7,GOI_OPEN_GOVERNMENT_DATA_APY,DISTRICT,ANNUAL_SEASONAL
Tamil Nadu,Thanjavur,2024,Rabi,Sugarcane,10762.2,1065010.1,98958.4,GOI_OPEN_GOVERNMENT_DATA_APY,DISTRICT,ANNUAL_SEASONAL
Tamil Nadu,Thanjavur,2024,Kharif,Tomato,20487.4,417838.5,20394.9,GOI_OPEN_GOVERNMENT_DATA_APY,DISTRICT,ANNUAL_SEASONAL
Tamil Nadu,Thanjavur,2024,Rabi,Chilli,10629.3,21201.2,1994.6,GOI_OPEN_GOVERNMENT_DATA_APY,DISTRICT,ANNUAL_SEASONAL
Tamil Nadu,Thanjavur,2024,Rabi,Onion,15550.5,210684.4,13548.4,GOI_OPEN_GOVERNMENT_DATA_APY,DISTRICT,ANNUAL_SEASONAL
Tamil Nadu,Thanjavur,2024,Rabi,Pulses,24963.5,21291.4,852.9,GOI_OPEN_GOVERNMENT_DATA_APY,DISTRICT,ANNUAL_SEASONAL
Tamil Nadu,Cuddalore,2024,Samba,Paddy,23113.4,75169.4,3252.2,GOI_OPEN_GOVERNMENT_DATA_APY,DISTRICT,ANNUAL_SEASONAL
Tamil Nadu,Cuddalore,2024,Kuruvai,Maize,18159.0,73928.9,4071.2,GOI_OPEN_GOVERNMENT_DATA_APY,DISTRICT,ANNUAL_SEASONAL
Tamil Nadu,Cuddalore,2024,Rabi,Groundnut,6283.9,12771.4,2032.4,GOI_OPEN_GOVERNMENT_DATA_APY,DISTRICT,ANNUAL_SEASONAL
Tamil Nadu,Cuddalore,2024,Kharif,Cotton,14907.2,28024.0,1879.9,GOI_OPEN_GOVERNMENT_DATA_APY,DISTRICT,ANNUAL_SEASONAL
Tamil Nadu,Cuddalore,2024,Kuruvai,Banana,854.2,27119.8,31748.8,GOI_OPEN_GOVERNMENT_DATA_APY,DISTRICT,ANNUAL_SEASONAL
Tamil Nadu,Cuddalore,2024,Kharif,Sugarcane,7298.2,877743.6,120268.5,GOI_OPEN_GOVERNMENT_DATA_APY,DISTRICT,ANNUAL_SEASONAL
Tamil Nadu,Cuddalore,2024,Kharif,Tomato,9153.0,165014.9,18028.5,GOI_OPEN_GOVERNMENT_DATA_APY,DISTRICT,ANNUAL_SEASONAL
Tamil Nadu,Cuddalore,2024,Rabi,Chilli,21838.7,54721.2,2505.7,GOI_OPEN_GOVERNMENT_DATA_APY,DISTRICT,ANNUAL_SEASONAL
Tamil Nadu,Cuddalore,2024,Kharif,Onion,3261.1,41809.3,12820.6,GOI_OPEN_GOVERNMENT_DATA_APY,DISTRICT,ANNUAL_SEASONAL
Tamil Nadu,Cuddalore,2024,Kharif,Pulses,1467.0,1075.2,732.9,GOI_OPEN_GOVERNMENT_DATA_APY,DISTRICT,ANNUAL_SEASONAL
Tamil Nadu,Madurai,2024,Samba,Paddy,5147.2,16953.8,3293.8,GOI_OPEN_GOVERNMENT_DATA_APY,DISTRICT,ANNUAL_SEASONAL
Tamil Nadu,Madurai,2024,Kharif,Maize,20247.0,75991.0,3753.2,GOI_OPEN_GOVERNMENT_DATA_APY,DISTRICT,ANNUAL_SEASONAL
Tamil Nadu,Madurai,2024,Kharif,Groundnut,23723.8,44830.9,1889.7,GOI_OPEN_GOVERNMENT_DATA_APY,DISTRICT,ANNUAL_SEASONAL
Tamil Nadu,Madurai,2024,Kuruvai,Cotton,6389.5,9960.6,1558.9,GOI_OPEN_GOVERNMENT_DATA_APY,DISTRICT,ANNUAL_SEASONAL
Tamil Nadu,Madurai,2024,Kharif,Banana,20761.3,790569.5,38079.0,GOI_OPEN_GOVERNMENT_DATA_APY,DISTRICT,ANNUAL_SEASONAL
Tamil Nadu,Madurai,2024,Kharif,Sugarcane,2350.9,224749.3,95601.4,GOI_OPEN_GOVERNMENT_DATA_APY,DISTRICT,ANNUAL_SEASONAL
Tamil Nadu,Madurai,2024,Samba,Tomato,5740.4,102106.8,17787.4,GOI_OPEN_GOVERNMENT_DATA_APY,DISTRICT,ANNUAL_SEASONAL
Tamil Nadu,Madurai,2024,Kuruvai,Chilli,24385.3,55288.8,2267.3,GOI_OPEN_GOVERNMENT_DATA_APY,DISTRICT,ANNUAL_SEASONAL
Tamil Nadu,Madurai,2024,Kharif,Onion,15755.6,221047.9,14029.8,GOI_OPEN_GOVERNMENT_DATA_APY,DISTRICT,ANNUAL_SEASONAL
Tamil Nadu,Madurai,2024,Kuruvai,Pulses,23673.9,18655.0,788.0,GOI_OPEN_GOVERNMENT_DATA_APY,DISTRICT,ANNUAL_SEASONAL
Tamil Nadu,Nagapattinam,2024,Samba,Paddy,11482.2,42930.8,3738.9,GOI_OPEN_GOVERNMENT_DATA_APY,DISTRICT,ANNUAL_SEASONAL
Tamil Nadu,Nagapattinam,2024,Kharif,Maize,12601.4,48213.0,3826.0,GOI_OPEN_GOVERNMENT_DATA_APY,DISTRICT,ANNUAL_SEASONAL
Tamil Nadu,Nagapattinam,2024,Rabi,Groundnut,13494.9,27876.4,2065.7,GOI_OPEN_GOVERNMENT_DATA_APY,DISTRICT,ANNUAL_SEASONAL
Tamil Nadu,Nagapattinam,2024,Rabi,Cotton,22907.1,40838.8,1782.8,GOI_OPEN_GOVERNMENT_DATA_APY,DISTRICT,ANNUAL_SEASONAL
Tamil Nadu,Nagapattinam,2024,Kharif,Banana,3127.4,105737.7,33810.1,GOI_OPEN_GOVERNMENT_DATA_APY,DISTRICT,ANNUAL_SEASONAL
Tamil Nadu,Nagapattinam,2024,Samba,Sugarcane,1824.7,189832.5,104034.9,GOI_OPEN_GOVERNMENT_DATA_APY,DISTRICT,ANNUAL_SEASONAL
Tamil Nadu,Nagapattinam,2024,Rabi,Tomato,13607.2,221440.9,16273.8,GOI_OPEN_GOVERNMENT_DATA_APY,DISTRICT,ANNUAL_SEASONAL
Tamil Nadu,Nagapattinam,2024,Kharif,Chilli,11186.6,21690.8,1939.0,GOI_OPEN_GOVERNMENT_DATA_APY,DISTRICT,ANNUAL_SEASONAL
Tamil Nadu,Nagapattinam,2024,Samba,Onion,1030.1,15055.0,14615.1,GOI_OPEN_GOVERNMENT_DATA_APY,DISTRICT,ANNUAL_SEASONAL
Tamil Nadu,Nagapattinam,2024,Rabi,Pulses,5960.7,4379.9,734.8,GOI_OPEN_GOVERNMENT_DATA_APY,DISTRICT,ANNUAL_SEASONAL
Tamil Nadu,Coimbatore,2024,Samba,Paddy,12313.6,43268.8,3513.9,GOI_OPEN_GOVERNMENT_DATA_APY,DISTRICT,ANNUAL_SEASONAL
Tamil Nadu,Coimbatore,2024,Kuruvai,Maize,2703.6,12655.3,4680.9,GOI_OPEN_GOVERNMENT_DATA_APY,DISTRICT,ANNUAL_SEASONAL
Tamil Nadu,Coimbatore,2024,Kharif,Groundnut,10188.0,22180.3,2177.1,GOI_OPEN_GOVERNMENT_DATA_APY,DISTRICT,ANNUAL_SEASONAL
Tamil Nadu,Coimbatore,2024,Kuruvai,Cotton,3954.8,7128.5,1802.5,GOI_OPEN_GOVERNMENT_DATA_APY,DISTRICT,ANNUAL_SEASONAL
Tamil Nadu,Coimbatore,2024,Kuruvai,Banana,13997.3,461632.4,32980.1,GOI_OPEN_GOVERNMENT_DATA_APY,DISTRICT,ANNUAL_SEASONAL
Tamil Nadu,Coimbatore,2024,Kharif,Sugarcane,19003.0,1807491.2,95116.1,GOI_OPEN_GOVERNMENT_DATA_APY,DISTRICT,ANNUAL_SEASONAL
Tamil Nadu,Coimbatore,2024,Kuruvai,Tomato,8426.0,140488.4,16673.2,GOI_OPEN_GOVERNMENT_DATA_APY,DISTRICT,ANNUAL_SEASONAL
Tamil Nadu,Coimbatore,2024,Kuruvai,Chilli,14822.6,27785.0,1874.5,GOI_OPEN_GOVERNMENT_DATA_APY,DISTRICT,ANNUAL_SEASONAL
Tamil Nadu,Coimbatore,2024,Samba,Onion,3739.4,54168.2,14485.8,GOI_OPEN_GOVERNMENT_DATA_APY,DISTRICT,ANNUAL_SEASONAL
Tamil Nadu,Coimbatore,2024,Kuruvai,Pulses,10153.2,9789.7,964.2,GOI_OPEN_GOVERNMENT_DATA_APY,DISTRICT,ANNUAL_SEASONAL
Tamil Nadu,Tiruchirappalli,2024,Samba,Paddy,1551.1,6722.3,4333.9,GOI_OPEN_GOVERNMENT_DATA_APY,DISTRICT,ANNUAL_SEASONAL
Tamil Nadu,Tiruchirappalli,2024,Kuruvai,Maize,11386.0,48259.6,4238.5,GOI_OPEN_GOVERNMENT_DATA_APY,DISTRICT,ANNUAL_SEASONAL
Tamil Nadu,Tiruchirappalli,2024,Kharif,Groundnut,1874.7,4223.3,2252.8,GOI_OPEN_GOVERNMENT_DATA_APY,DISTRICT,ANNUAL_SEASONAL
Tamil Nadu,Tiruchirappalli,2024,Rabi,Cotton,3059.0,5594.6,1828.9,GOI_OPEN_GOVERNMENT_DATA_APY,DISTRICT,ANNUAL_SEASONAL
Tamil Nadu,Tiruchirappalli,2024,Kharif,Banana,8512.9,282681.1,33206.2,GOI_OPEN_GOVERNMENT_DATA_APY,DISTRICT,ANNUAL_SEASONAL
Tamil Nadu,Tiruchirappalli,2024,Kuruvai,Sugarcane,9888.6,1133984.1,114675.9,GOI_OPEN_GOVERNMENT_DATA_APY,DISTRICT,ANNUAL_SEASONAL
Tamil Nadu,Tiruchirappalli,2024,Samba,Tomato,16741.4,343436.4,20514.2,GOI_OPEN_GOVERNMENT_DATA_APY,DISTRICT,ANNUAL_SEASONAL
Tamil Nadu,Tiruchirappalli,2024,Samba,Chilli,4836.1,9596.3,1984.3,GOI_OPEN_GOVERNMENT_DATA_APY,DISTRICT,ANNUAL_SEASONAL
Tamil Nadu,Tiruchirappalli,2024,Samba,Onion,14339.7,185898.4,12963.9,GOI_OPEN_GOVERNMENT_DATA_APY,DISTRICT,ANNUAL_SEASONAL
Tamil Nadu,Tiruchirappalli,2024,Kuruvai,Pulses,11756.8,9570.0,814.0,GOI_OPEN_GOVERNMENT_DATA_APY,DISTRICT,ANNUAL_SEASONAL
Tamil Nadu,Tirunelveli,2024,Samba,Paddy,20603.4,81645.1,3962.7,GOI_OPEN_GOVERNMENT_DATA_APY,DISTRICT,ANNUAL_SEASONAL
Tamil Nadu,Tirunelveli,2024,Kharif,Maize,5854.3,28078.4,4796.2,GOI_OPEN_GOVERNMENT_DATA_APY,DISTRICT,ANNUAL_SEASONAL
Tamil Nadu,Tirunelveli,2024,Kuruvai,Groundnut,4697.1,9732.9,2072.1,GOI_OPEN_GOVERNMENT_DATA_APY,DISTRICT,ANNUAL_SEASONAL
Tamil Nadu,Tirunelveli,2024,Samba,Cotton,1251.6,1975.4,1578.3,GOI_OPEN_GOVERNMENT_DATA_APY,DISTRICT,ANNUAL_SEASONAL
Tamil Nadu,Tirunelveli,2024,Rabi,Banana,8523.6,272708.3,31994.5,GOI_OPEN_GOVERNMENT_DATA_APY,DISTRICT,ANNUAL_SEASONAL
Tamil Nadu,Tirunelveli,2024,Kuruvai,Sugarcane,15041.9,1651268.2,109777.9,GOI_OPEN_GOVERNMENT_DATA_APY,DISTRICT,ANNUAL_SEASONAL
Tamil Nadu,Tirunelveli,2024,Kuruvai,Tomato,2212.2,34236.0,15476.0,GOI_OPEN_GOVERNMENT_DATA_APY,DISTRICT,ANNUAL_SEASONAL
Tamil Nadu,Tirunelveli,2024,Rabi,Chilli,9384.8,18522.8,1973.7,GOI_OPEN_GOVERNMENT_DATA_APY,DISTRICT,ANNUAL_SEASONAL
Tamil Nadu,Tirunelveli,2024,Kuruvai,Onion,7949.5,125016.2,15726.3,GOI_OPEN_GOVERNMENT_DATA_APY,DISTRICT,ANNUAL_SEASONAL
Tamil Nadu,Tirunelveli,2024,Samba,Pulses,24649.1,20818.6,844.6,GOI_OPEN_GOVERNMENT_DATA_APY,DISTRICT,ANNUAL_SEASONAL
Tamil Nadu,Villupuram,2024,Samba,Paddy,20356.9,77266.6,3795.6,GOI_OPEN_GOVERNMENT_DATA_APY,DISTRICT,ANNUAL_SEASONAL
Tamil Nadu,Villupuram,2024,Kharif,Maize,18331.6,67387.0,3676.0,GOI_OPEN_GOVERNMENT_DATA_APY,DISTRICT,ANNUAL_SEASONAL
Tamil Nadu,Villupuram,2024,Rabi,Groundnut,17642.4,37460.1,2123.3,GOI_OPEN_GOVERNMENT_DATA_APY,DISTRICT,ANNUAL_SEASONAL
Tamil Nadu,Villupuram,2024,Kuruvai,Cotton,21024.8,34289.3,1630.9,GOI_OPEN_GOVERNMENT_DATA_APY,DISTRICT,ANNUAL_SEASONAL
Tamil Nadu,Villupuram,2024,Rabi,Banana,20153.0,691431.3,34309.1,GOI_OPEN_GOVERNMENT_DATA_APY,DISTRICT,ANNUAL_SEASONAL
Tamil Nadu,Villupuram,2024,Kuruvai,Sugarcane,15326.1,1725982.5,112617.2,GOI_OPEN_GOVERNMENT_DATA_APY,DISTRICT,ANNUAL_SEASONAL
Tamil Nadu,Villupuram,2024,Kuruvai,Tomato,14684.1,276588.2,18835.9,GOI_OPEN_GOVERNMENT_DATA_APY,DISTRICT,ANNUAL_SEASONAL
Tamil Nadu,Villupuram,2024,Rabi,Chilli,21752.3,43680.8,2008.1,GOI_OPEN_GOVERNMENT_DATA_APY,DISTRICT,ANNUAL_SEASONAL
Tamil Nadu,Villupuram,2024,Kuruvai,Onion,21282.1,302142.0,14197.0,GOI_OPEN_GOVERNMENT_DATA_APY,DISTRICT,ANNUAL_SEASONAL
Tamil Nadu,Villupuram,2024,Kuruvai,Pulses,11721.6,9241.3,788.4,GOI_OPEN_GOVERNMENT_DATA_APY,DISTRICT,ANNUAL_SEASONAL
Tamil Nadu,Erode,2024,Samba,Paddy,11373.9,45114.6,3966.5,GOI_OPEN_GOVERNMENT_DATA_APY,DISTRICT,ANNUAL_SEASONAL
Tamil Nadu,Erode,2024,Kuruvai,Maize,8188.9,37334.8,4559.2,GOI_OPEN_GOVERNMENT_DATA_APY,DISTRICT,ANNUAL_SEASONAL
Tamil Nadu,Erode,2024,Samba,Groundnut,9043.7,18839.8,2083.2,GOI_OPEN_GOVERNMENT_DATA_APY,DISTRICT,ANNUAL_SEASONAL
Tamil Nadu,Erode,2024,Kharif,Cotton,16077.1,27612.4,1717.5,GOI_OPEN_GOVERNMENT_DATA_APY,DISTRICT,ANNUAL_SEASONAL
Tamil Nadu,Erode,2024,Kuruvai,Banana,13076.8,405788.8,31031.2,GOI_OPEN_GOVERNMENT_DATA_APY,DISTRICT,ANNUAL_SEASONAL
Tamil Nadu,Erode,2024,Samba,Sugarcane,1205.6,124816.4,103530.5,GOI_OPEN_GOVERNMENT_DATA_APY,DISTRICT,ANNUAL_SEASONAL
Tamil Nadu,Erode,2024,Kuruvai,Tomato,17175.2,269004.9,15662.4,GOI_OPEN_GOVERNMENT_DATA_APY,DISTRICT,ANNUAL_SEASONAL
Tamil Nadu,Erode,2024,Kuruvai,Chilli,11311.5,28357.9,2507.0,GOI_OPEN_GOVERNMENT_DATA_APY,DISTRICT,ANNUAL_SEASONAL
Tamil Nadu,Erode,2024,Rabi,Onion,10720.1,135169.7,12609.0,GOI_OPEN_GOVERNMENT_DATA_APY,DISTRICT,ANNUAL_SEASONAL
Tamil Nadu,Erode,2024,Samba,Pulses,4813.6,4453.1,925.1,GOI_OPEN_GOVERNMENT_DATA_APY,DISTRICT,ANNUAL_SEASONAL
Tamil Nadu,Tiruvarur,2024,Samba,Paddy,5331.0,20030.7,3757.4,GOI_OPEN_GOVERNMENT_DATA_APY,DISTRICT,ANNUAL_SEASONAL
Tamil Nadu,Tiruvarur,2024,Samba,Maize,18514.9,81417.4,4397.4,GOI_OPEN_GOVERNMENT_DATA_APY,DISTRICT,ANNUAL_SEASONAL
Tamil Nadu,Tiruvarur,2024,Rabi,Groundnut,15230.6,36049.3,2366.9,GOI_OPEN_GOVERNMENT_DATA_APY,DISTRICT,ANNUAL_SEASONAL
Tamil Nadu,Tiruvarur,2024,Samba,Cotton,23944.3,38878.4,1623.7,GOI_OPEN_GOVERNMENT_DATA_APY,DISTRICT,ANNUAL_SEASONAL
Tamil Nadu,Tiruvarur,2024,Rabi,Banana,9355.1,286441.0,30618.7,GOI_OPEN_GOVERNMENT_DATA_APY,DISTRICT,ANNUAL_SEASONAL
Tamil Nadu,Tiruvarur,2024,Kharif,Sugarcane,20482.2,2070463.7,101086.0,GOI_OPEN_GOVERNMENT_DATA_APY,DISTRICT,ANNUAL_SEASONAL
Tamil Nadu,Tiruvarur,2024,Kharif,Tomato,18959.3,325608.9,17174.1,GOI_OPEN_GOVERNMENT_DATA_APY,DISTRICT,ANNUAL_SEASONAL
Tamil Nadu,Tiruvarur,2024,Rabi,Chilli,24016.6,50586.2,2106.3,GOI_OPEN_GOVERNMENT_DATA_APY,DISTRICT,ANNUAL_SEASONAL
Tamil Nadu,Tiruvarur,2024,Samba,Onion,20550.0,248759.8,12105.1,GOI_OPEN_GOVERNMENT_DATA_APY,DISTRICT,ANNUAL_SEASONAL
Tamil Nadu,Tiruvarur,2024,Kuruvai,Pulses,22501.0,16263.7,722.8,GOI_OPEN_GOVERNMENT_DATA_APY,DISTRICT,ANNUAL_SEASONAL
