dataset_label,crop,crop_variety,crop_age_days,growth_stage,soil_type,soil_moisture,drainage_class,temperature_c,humidity_pct,rainfall_1h,rainfall_6h,rainfall_12h,rainfall_24h,rainfall_48h,previous_rain_24h,previous_rain_48h,previous_rain_72h,peak_hourly_rainfall,continuous_rain_hours,waterlogging_risk,season,damage_class,survival_class
DEMO_SYNTHETIC_NOT_FOR_SCIENTIFIC_RESULTS,Groundnut,BPT 5204,13,Ripening,Black Cotton Soil,0.5,POOR,24.8,89.8,13.51,33.78,67.56,135.11,156.81,34.02,42.89,117.57,3.01,4,CRITICAL,Zaid,MODERATE,MODERATE
DEMO_SYNTHETIC_NOT_FOR_SCIENTIFIC_RESULTS,Pulses,Grand Naine,109,Ripening,Red Soil,0.68,MODERATE,25.9,67.7,6.21,15.53,31.07,62.13,71.8,119.06,134.29,195.4,14.53,3,HIGH,Rabi,MODERATE,MODERATE
DEMO_SYNTHETIC_NOT_FOR_SCIENTIFIC_RESULTS,Groundnut,BPT 5204,83,Vegetative,Red Soil,0.83,MODERATE,22.5,78.0,11.45,28.63,57.27,114.53,148.28,66.67,83.13,154.8,18.81,9,HIGH,Rabi,MODERATE,MODERATE
DEMO_SYNTHETIC_NOT_FOR_SCIENTIFIC_RESULTS,Chilli,Swarna,68,Germination,Sandy Loam,0.35,MODERATE,23.5,92.5,8.69,21.72,43.44,86.88,118.25,60.23,107.88,88.27,28.72,4,HIGH,Rabi,MODERATE,MODERATE
DEMO_SYNTHETIC_NOT_FOR_SCIENTIFIC_RESULTS,Banana,PKM 1,142,Ripening,Alluvial Soil,0.66,MODERATE,29.9,75.8,13.54,33.85,67.7,135.41,191.0,87.85,125.03,131.65,26.92,10,HIGH,Kharif,MODERATE,MODERATE
DEMO_SYNTHETIC_NOT_FOR_SCIENTIFIC_RESULTS,Chilli,CO 6,102,Vegetative,Red Soil,0.72,POOR,28.4,92.4,0.68,1.69,3.38,6.75,11.22,32.38,36.75,111.11,17.21,16,LOW,Kharif,NONE,HIGH
DEMO_SYNTHETIC_NOT_FOR_SCIENTIFIC_RESULTS,Groundnut,BPT 5204,27,Flowering,Red Soil,0.27,POOR,33.2,52.2,1.25,3.12,6.25,12.5,28.36,59.02,60.81,102.38,8.39,16,MODERATE,Kharif,MILD,HIGH
DEMO_SYNTHETIC_NOT_FOR_SCIENTIFIC_RESULTS,Maize,Grand Naine,87,Germination,Red Soil,0.18,GOOD,34.1,69.1,7.75,19.37,38.73,77.47,147.88,67.47,72.64,118.89,28.83,4,HIGH,Rabi,MODERATE,MODERATE
DEMO_SYNTHETIC_NOT_FOR_SCIENTIFIC_RESULTS,Cotton,Grand Naine,147,Ripening,Sandy Loam,0.71,POOR,23.3,67.3,3.0,7.49,14.98,29.97,31.62,112.94,123.69,173.83,1.98,10,MODERATE,Rabi,MILD,HIGH
DEMO_SYNTHETIC_NOT_FOR_SCIENTIFIC_RESULTS,Tomato,Swarna,126,Vegetative,Black Cotton Soil,0.36,GOOD,32.7,82.8,5.91,14.78,29.55,59.1,126.45,113.9,155.54,175.75,1.93,21,HIGH,Perennial,MODERATE,MODERATE
DEMO_SYNTHETIC_NOT_FOR_SCIENTIFIC_RESULTS,Banana,Default,117,Vegetative,Black Cotton Soil,0.6,MODERATE,34.1,58.6,11.33,28.32,56.65,113.29,191.06,67.85,114.14,162.38,16.13,21,HIGH,Perennial,MODERATE,MODERATE
DEMO_SYNTHETIC_NOT_FOR_SCIENTIFIC_RESULTS,Paddy,BPT 5204,118,Flowering,Red Soil,0.26,MODERATE,30.5,78.4,0.25,0.63,1.25,2.51,45.13,73.48,85.43,138.65,35.48,15,MODERATE,Zaid,MILD,HIGH
DEMO_SYNTHETIC_NOT_FOR_SCIENTIFIC_RESULTS,Pulses,CO 6,39,Flowering,Clay Loam,0.65,MODERATE,22.5,84.8,2.0,5.0,10.01,20.02,118.7,48.17,82.56,143.47,43.45,22,HIGH,Perennial,MODERATE,MODERATE
DEMO_SYNTHETIC_NOT_FOR_SCIENTIFIC_RESULTS,Sugarcane,PKM 1,43,Vegetative,Clay Loam,0.84,POOR,34.0,81.6,12.2,30.5,61.01,122.02,128.29,2.4,7.5,84.43,14.27,0,CRITICAL,Rabi,MODERATE,MODERATE
DEMO_SYNTHETIC_NOT_FOR_SCIENTIFIC_RESULTS,Onion,PKM 1,146,Vegetative,Alluvial Soil,0.69,MODERATE,23.0,59.1,14.08,35.21,70.42,140.85,154.34,85.08,122.51,153.68,27.7,23,HIGH,Rabi,MODERATE,MODERATE
DEMO_SYNTHETIC_NOT_FOR_SCIENTIFIC_RESULTS,Onion,BPT 5204,95,Flowering,Red Soil,0.3,POOR,33.2,64.2,7.96,19.89,39.78,79.57,125.25,64.26,106.4,155.83,20.54,21,CRITICAL,Zaid,MODERATE,MODERATE
DEMO_SYNTHETIC_NOT_FOR_SCIENTIFIC_RESULTS,Sugarcane,BPT 5204,11,Ripening,Sandy Loam,0.45,MODERATE,30.8,91.0,10.77,26.92,53.84,107.68,128.53,72.77,102.24,108.08,44.85,12,HIGH,Perennial,MODERATE,MODERATE
DEMO_SYNTHETIC_NOT_FOR_SCIENTIFIC_RESULTS,Groundnut,Swarna,27,Ripening,Sandy Loam,0.38,MODERATE,32.7,68.2,10.48,26.19,52.38,104.77,138.41,7.26,50.82,70.31,0.83,24,HIGH,Zaid,MODERATE,MODERATE
DEMO_SYNTHETIC_NOT_FOR_SCIENTIFIC_RESULTS,Paddy,CO 6,73,Flowering,Black Cotton Soil,0.76,POOR,26.9,67.5,4.52,11.29,22.59,45.18,114.44,15.31,19.67,54.87,8.16,11,HIGH,Zaid,MODERATE,MODERATE
DEMO_SYNTHETIC_NOT_FOR_SCIENTIFIC_RESULTS,Groundnut,BPT 5204,49,Ripening,Alluvial Soil,0.56,MODERATE,22.5,82.4,9.4,23.51,47.02,94.04,174.12,91.58,113.69,118.69,29.26,8,HIGH,Perennial,MODERATE,MODERATE
DEMO_SYNTHETIC_NOT_FOR_SCIENTIFIC_RESULTS,Chilli,PKM 1,149,Vegetative,Alluvial Soil,0.67,MODERATE,27.1,76.1,7.88,19.69,39.38,78.77,156.65,117.52,118.02,192.38,12.05,3,HIGH,Perennial,MODERATE,MODERATE
DEMO_SYNTHETIC_NOT_FOR_SCIENTIFIC_RESULTS,Onion,CO 6,119,Ripening,Black Cotton Soil,0.64,GOOD,28.1,65.6,0.38,0.94,1.88,3.76,82.29,93.57,120.68,146.97,13.35,14,HIGH,Perennial,MODERATE,MODERATE
DEMO_SYNTHETIC_NOT_FOR_SCIENTIFIC_RESULTS,Maize,Default,145,Flowering,Red Soil,0.82,GOOD,22.5,55.8,10.49,26.23,52.47,104.93,162.01,13.5,23.4,86.78,5.97,17,HIGH,Zaid,MODERATE,MODERATE
DEMO_SYNTHETIC_NOT_FOR_SCIENTIFIC_RESULTS,Sugarcane,Default,126,Ripening,Alluvial Soil,0.27,GOOD,27.6,69.3,1.43,3.56,7.13,14.26,109.78,7.26,42.89,55.07,44.98,6,HIGH,Kharif,MODERATE,MODERATE
DEMO_SYNTHETIC_NOT_FOR_SCIENTIFIC_RESULTS,Cotton,Default,83,Flowering,Alluvial Soil,0.62,MODERATE,23.1,62.3,4.2,10.5,21.0,41.99,121.1,65.93,105.5,164.41,24.35,1,HIGH,Rabi,MODERATE,MODERATE
DEMO_SYNTHETIC_NOT_FOR_SCIENTIFIC_RESULTS,Cotton,Grand Naine,40,Ripening,Clay Loam,0.49,POOR,25.9,69.2,5.89,14.72,29.45,58.9,72.9,96.17,118.24,188.58,18.75,3,HIGH,Zaid,MODERATE,MODERATE
DEMO_SYNTHETIC_NOT_FOR_SCIENTIFIC_RESULTS,Cotton,PKM 1,18,Vegetative,Alluvial Soil,0.72,POOR,24.2,91.9,6.61,16.52,33.05,66.09,92.78,43.15,62.04,134.94,1.55,21,HIGH,Rabi,MODERATE,MODERATE
DEMO_SYNTHETIC_NOT_FOR_SCIENTIFIC_RESULTS,Cotton,Default,65,Germination,Alluvial Soil,0.45,POOR,23.8,67.2,0.32,0.81,1.61,3.22,72.68,28.96,75.96,121.0,27.81,24,HIGH,Kharif,MODERATE,MODERATE
DEMO_SYNTHETIC_NOT_FOR_SCIENTIFIC_RESULTS,Maize,BPT 5204,45,Ripening,Red Soil,0.51,GOOD,33.5,81.1,0.04,0.11,0.22,0.44,72.22,77.77,105.18,177.13,32.01,11,HIGH,Perennial,MODERATE,MODERATE
DEMO_SYNTHETIC_NOT_FOR_SCIENTIFIC_RESULTS,Sugarcane,Default,91,Ripening,Red Soil,0.56,GOOD,30.7,64.1,4.87,12.17,24.34,48.69,128.54,57.24,96.97,145.29,6.83,1,HIGH,Kharif,MODERATE,MODERATE
DEMO_SYNTHETIC_NOT_FOR_SCIENTIFIC_RESULTS,Pulses,CO 6,69,Flowering,Alluvial Soil,0.15,MODERATE,26.3,94.1,7.88,19.7,39.39,78.78,169.48,101.48,101.53,151.95,1.35,1,HIGH,Zaid,MODERATE,MODERATE
DEMO_SYNTHETIC_NOT_FOR_SCIENTIFIC_RESULTS,Paddy,CO 6,85,Vegetative,Red Soil,0.34,MODERATE,32.2,69.1,6.05,15.14,30.27,60.55,149.91,48.74,76.54,79.78,0.8,15,HIGH,Rabi,MODERATE,MODERATE
DEMO_SYNTHETIC_NOT_FOR_SCIENTIFIC_RESULTS,Chilli,Grand Naine,131,Germination,Sandy Loam,0.32,GOOD,30.6,61.3,3.75,9.38,18.77,37.54,95.91,76.19,119.6,163.15,7.56,9,HIGH,Kharif,MODERATE,MODERATE
DEMO_SYNTHETIC_NOT_FOR_SCIENTIFIC_RESULTS,Maize,Default,105,Ripening,Red Soil,0.26,POOR,35.2,55.5,2.29,5.72,11.45,22.9,77.39,68.53,68.8,146.13,34.7,6,HIGH,Perennial,MODERATE,MODERATE
DEMO_SYNTHETIC_NOT_FOR_SCIENTIFIC_RESULTS,Groundnut,PKM 1,24,Ripening,Alluvial Soil,0.49,MODERATE,26.3,59.3,8.28,20.71,41.42,82.84,153.59,3.61,7.83,53.38,31.38,4,HIGH,Rabi,MODERATE,MODERATE
DEMO_SYNTHETIC_NOT_FOR_SCIENTIFIC_RESULTS,Cotton,Default,118,Ripening,Clay Loam,0.24,GOOD,30.4,68.2,11.32,28.29,56.59,113.17,119.02,20.5,70.16,76.44,32.47,10,HIGH,Zaid,MODERATE,MODERATE
DEMO_SYNTHETIC_NOT_FOR_SCIENTIFIC_RESULTS,Tomato,PKM 1,142,Vegetative,Alluvial Soil,0.43,POOR,29.6,61.3,14.91,37.27,74.55,149.1,179.64,41.19,50.56,93.54,22.7,12,CRITICAL,Kharif,SEVERE,LOW
DEMO_SYNTHETIC_NOT_FOR_SCIENTIFIC_RESULTS,Maize,PKM 1,117,Flowering,Black Cotton Soil,0.23,POOR,32.5,86.3,1.2,3.0,6.0,11.99,33.46,0.83,25.66,49.5,11.05,17,MODERATE,Perennial,MILD,HIGH
DEMO_SYNTHETIC_NOT_FOR_SCIENTIFIC_RESULTS,Maize,Grand Naine,73,Germination,Black Cotton Soil,0.66,POOR,22.5,56.4,11.6,29.0,58.0,116.0,135.86,36.48,39.11,131.89,17.81,2,CRITICAL,Zaid,MODERATE,MODERATE
DEMO_SYNTHETIC_NOT_FOR_SCIENTIFIC_RESULTS,Paddy,BPT 5204,106,Germination,Red Soil,0.18,GOOD,28.9,50.8,7.67,19.18,38.35,76.7,158.13,31.75,69.62,53.55,17.47,19,HIGH,Rabi,MODERATE,MODERATE
DEMO_SYNTHETIC_NOT_FOR_SCIENTIFIC_RESULTS,Onion,Grand Naine,40,Flowering,Sandy Loam,0.6,MODERATE,24.7,81.4,12.04,30.1,60.2,120.4,140.34,9.94,10.82,32.84,28.62,13,HIGH,Zaid,MODERATE,MODERATE
DEMO_SYNTHETIC_NOT_FOR_SCIENTIFIC_RESULTS,Chilli,Swarna,85,Germination,Alluvial Soil,0.17,MODERATE,24.4,95.0,0.05,0.12,0.25,0.5,64.09,51.32,94.01,117.79,24.58,24,HIGH,Zaid,MODERATE,MODERATE
DEMO_SYNTHETIC_NOT_FOR_SCIENTIFIC_RESULTS,Maize,CO 6,95,Ripening,Alluvial Soil,0.56,GOOD,32.0,85.2,1.3,3.26,6.51,13.03,73.55,102.69,119.16,136.42,36.92,15,HIGH,Perennial,MODERATE,MODERATE
DEMO_SYNTHETIC_NOT_FOR_SCIENTIFIC_RESULTS,Onion,CO 6,87,Ripening,Sandy Loam,0.65,GOOD,23.1,50.3,6.38,15.96,31.93,63.85,111.27,100.04,111.43,195.7,22.2,13,HIGH,Zaid,MODERATE,MODERATE
DEMO_SYNTHETIC_NOT_FOR_SCIENTIFIC_RESULTS,Chilli,CO 6,81,Ripening,Clay Loam,0.36,MODERATE,27.7,78.2,6.6,16.5,32.99,65.99,143.47,57.75,78.76,152.48,26.12,13,HIGH,Zaid,MODERATE,MODERATE
DEMO_SYNTHETIC_NOT_FOR_SCIENTIFIC_RESULTS,Maize,PKM 1,63,Ripening,Alluvial Soil,0.44,POOR,29.0,82.4,0.34,0.86,1.72,3.43,9.63,93.99,130.95,150.73,7.5,18,LOW,Perennial,NONE,HIGH
DEMO_SYNTHETIC_NOT_FOR_SCIENTIFIC_RESULTS,Sugarcane,BPT 5204,64,Germination,Black Cotton Soil,0.78,MODERATE,26.2,56.3,1.73,4.32,8.63,17.27,86.74,111.61,157.74,178.51,38.32,8,HIGH,Kharif,MODERATE,MODERATE
DEMO_SYNTHETIC_NOT_FOR_SCIENTIFIC_RESULTS,Pulses,Swarna,84,Vegetative,Red Soil,0.49,GOOD,36.0,81.8,10.7,26.76,53.52,107.03,192.47,110.3,140.22,195.27,5.12,14,HIGH,Zaid,MODERATE,MODERATE
DEMO_SYNTHETIC_NOT_FOR_SCIENTIFIC_RESULTS,Cotton,BPT 5204,75,Germination,Clay Loam,0.78,POOR,27.2,54.9,6.08,15.21,30.43,60.85,84.17,16.86,53.24,83.54,28.91,16,HIGH,Rabi,MODERATE,MODERATE
DEMO_SYNTHETIC_NOT_FOR_SCIENTIFIC_RESULTS,Banana,Grand Naine,148,Vegetative,Red Soil,0.78,POOR,31.7,62.1,13.66,34.15,68.3,136.6,177.54,51.94,53.42,147.67,26.95,23,CRITICAL,Perennial,MODERATE,MODERATE
DEMO_SYNTHETIC_NOT_FOR_SCIENTIFIC_RESULTS,Chilli,CO 6,124,Vegetative,Clay Loam,0.17,GOOD,25.4,90.5,4.97,12.43,24.86,49.71,70.67,74.35,76.65,169.43,12.56,18,HIGH,Perennial,MODERATE,MODERATE
DEMO_SYNTHETIC_NOT_FOR_SCIENTIFIC_RESULTS,Maize,CO 6,45,Ripening,Black Cotton Soil,0.45,MODERATE,24.2,89.8,8.35,20.86,41.73,83.46,178.67,33.99,69.76,118.91,17.16,23,HIGH,Zaid,MODERATE,MODERATE
DEMO_SYNTHETIC_NOT_FOR_SCIENTIFIC_RESULTS,Paddy,Default,84,Ripening,Sandy Loam,0.4,GOOD,34.0,58.3,12.16,30.39,60.78,121.57,127.11,8.6,33.26,66.89,31.53,6,HIGH,Zaid,MODERATE,MODERATE
DEMO_SYNTHETIC_NOT_FOR_SCIENTIFIC_RESULTS,Onion,BPT 5204,26,Vegetative,Sandy Loam,0.71,POOR,27.9,72.0,12.65,31.63,63.27,126.53,152.52,99.97,134.19,177.72,9.37,17,CRITICAL,Rabi,MODERATE,MODERATE
DEMO_SYNTHETIC_NOT_FOR_SCIENTIFIC_RESULTS,Banana,Grand Naine,15,Germination,Sandy Loam,0.42,POOR,24.9,71.8,3.4,8.51,17.02,34.05,60.43,87.39,106.21,142.54,42.31,16,HIGH,Kharif,MODERATE,MODERATE
DEMO_SYNTHETIC_NOT_FOR_SCIENTIFIC_RESULTS,Groundnut,BPT 5204,79,Flowering,Black Cotton Soil,0.2,GOOD,34.7,81.4,6.39,15.97,31.93,63.87,155.52,63.72,95.96,144.99,5.86,7,HIGH,Zaid,MODERATE,MODERATE
DEMO_SYNTHETIC_NOT_FOR_SCIENTIFIC_RESULTS,Maize,BPT 5204,45,Vegetative,Alluvial Soil,0.42,MODERATE,33.2,69.1,4.08,10.21,20.41,40.82,95.77,95.66,105.08,181.89,7.86,16,HIGH,Kharif,MODERATE,MODERATE
DEMO_SYNTHETIC_NOT_FOR_SCIENTIFIC_RESULTS,Chilli,CO 6,27,Vegetative,Black Cotton Soil,0.68,POOR,35.6,54.8,9.39,23.48,46.97,93.93,160.47,6.61,46.03,80.75,33.52,12,CRITICAL,Zaid,SEVERE,LOW
DEMO_SYNTHETIC_NOT_FOR_SCIENTIFIC_RESULTS,Banana,Grand Naine,25,Vegetative,Clay Loam,0.83,GOOD,33.8,71.1,14.49,36.23,72.47,144.93,175.78,60.37,60.86,157.33,21.06,22,HIGH,Perennial,MODERATE,MODERATE
DEMO_SYNTHETIC_NOT_FOR_SCIENTIFIC_RESULTS,Tomato,BPT 5204,146,Flowering,Alluvial Soil,0.25,MODERATE,33.3,81.2,0.74,1.85,3.7,7.4,80.34,105.29,138.88,136.54,40.02,14,HIGH,Perennial,MODERATE,MODERATE
DEMO_SYNTHETIC_NOT_FOR_SCIENTIFIC_RESULTS,Tomato,Swarna,62,Germination,Clay Loam,0.35,POOR,25.7,72.0,5.45,13.63,27.25,54.51,96.64,60.35,76.99,156.27,2.14,15,HIGH,Perennial,MODERATE,MODERATE
DEMO_SYNTHETIC_NOT_FOR_SCIENTIFIC_RESULTS,Sugarcane,Default,82,Germination,Black Cotton Soil,0.43,POOR,29.8,60.2,1.48,3.7,7.41,14.81,82.64,119.03,138.19,211.67,38.39,11,HIGH,Perennial,MODERATE,MODERATE
DEMO_SYNTHETIC_NOT_FOR_SCIENTIFIC_RESULTS,Chilli,PKM 1,60,Vegetative,Black Cotton Soil,0.64,GOOD,34.2,53.1,12.92,32.3,64.61,129.21,223.16,74.29,110.44,97.73,40.69,20,HIGH,Rabi,MODERATE,MODERATE
DEMO_SYNTHETIC_NOT_FOR_SCIENTIFIC_RESULTS,Banana,Default,66,Flowering,Sandy Loam,0.76,POOR,27.3,82.3,2.06,5.16,10.32,20.65,93.7,18.12,60.37,61.94,19.5,1,HIGH,Zaid,MODERATE,MODERATE
DEMO_SYNTHETIC_NOT_FOR_SCIENTIFIC_RESULTS,Pulses,Grand Naine,61,Ripening,Clay Loam,0.73,GOOD,30.6,89.5,10.28,25.7,51.41,102.82,165.65,14.02,51.83,48.77,37.05,3,HIGH,Perennial,MODERATE,MODERATE
DEMO_SYNTHETIC_NOT_FOR_SCIENTIFIC_RESULTS,Chilli,Swarna,82,Ripening,Red Soil,0.5,POOR,26.5,91.7,3.98,9.96,19.92,39.84,41.54,62.38,75.31,161.33,34.17,21,MODERATE,Zaid,MILD,HIGH
DEMO_SYNTHETIC_NOT_FOR_SCIENTIFIC_RESULTS,Maize,CO 6,21,Flowering,Clay Loam,0.85,POOR,29.9,53.2,3.06,7.66,15.31,30.63,44.22,44.87,52.76,125.16,22.77,5,MODERATE,Kharif,MILD,HIGH
DEMO_SYNTHETIC_NOT_FOR_SCIENTIFIC_RESULTS,Groundnut,Grand Naine,70,Ripening,Black Cotton Soil,0.61,POOR,27.3,76.4,3.76,9.41,18.82,37.65,111.39,60.54,86.69,127.37,4.51,3,HIGH,Kharif,MODERATE,MODERATE
DEMO_SYNTHETIC_NOT_FOR_SCIENTIFIC_RESULTS,Paddy,PKM 1,126,Ripening,Alluvial Soil,0.47,POOR,35.0,57.6,13.16,32.91,65.81,131.63,210.11,31.58,45.09,90.54,35.97,24,CRITICAL,Zaid,MODERATE,MODERATE
DEMO_SYNTHETIC_NOT_FOR_SCIENTIFIC_RESULTS,Chilli,PKM 1,104,Germination,Red Soil,0.37,MODERATE,34.6,72.3,11.04,27.59,55.18,110.36,154.56,109.38,140.88,166.24,5.93,19,HIGH,Perennial,MODERATE,MODERATE
DEMO_SYNTHETIC_NOT_FOR_SCIENTIFIC_RESULTS,Groundnut,Swarna,32,Flowering,Red Soil,0.42,GOOD,31.9,70.5,0.89,2.21,4.42,8.85,92.79,71.46,90.31,95.49,33.44,2,HIGH,Kharif,MODERATE,MODERATE
DEMO_SYNTHETIC_NOT_FOR_SCIENTIFIC_RESULTS,Pulses,Grand Naine,53,Flowering,Sandy Loam,0.49,GOOD,31.9,67.0,6.76,16.9,33.8,67.6,159.49,77.24,120.85,136.86,17.37,8,HIGH,Perennial,MODERATE,MODERATE
DEMO_SYNTHETIC_NOT_FOR_SCIENTIFIC_RESULTS,Tomato,Default,98,Ripening,Alluvial Soil,0.83,MODERATE,35.7,83.1,12.73,31.83,63.66,127.32,177.2,43.03,71.47,118.18,23.65,12,HIGH,Rabi,MODERATE,MODERATE
DEMO_SYNTHETIC_NOT_FOR_SCIENTIFIC_RESULTS,Onion,BPT 5204,50,Flowering,Clay Loam,0.71,POOR,25.0,63.1,9.85,24.63,49.27,98.53,183.82,76.95,90.9,158.89,0.2,5,CRITICAL,Perennial,MODERATE,MODERATE
DEMO_SYNTHETIC_NOT_FOR_SCIENTIFIC_RESULTS,Pulses,PKM 1,63,Ripening,Alluvial Soil,0.81,MODERATE,27.1,50.6,13.24,33.1,66.21,132.42,140.69,89.82,135.76,142.49,15.93,20,HIGH,Kharif,MODERATE,MODERATE
DEMO_SYNTHETIC_NOT_FOR_SCIENTIFIC_RESULTS,Maize,PKM 1,49,Germination,Black Cotton Soil,0.2,GOOD,29.4,62.6,9.07,22.68,45.36,90.72,103.06,54.23,88.88,144.51,12.87,10,HIGH,Rabi,MODERATE,MODERATE
DEMO_SYNTHETIC_NOT_FOR_SCIENTIFIC_RESULTS,Tomato,Default,134,Flowering,Clay Loam,0.53,MODERATE,28.2,93.3,3.03,7.58,15.16,30.32,123.14,108.32,119.98,193.48,10.07,21,HIGH,Kharif,MODERATE,MODERATE
DEMO_SYNTHETIC_NOT_FOR_SCIENTIFIC_RESULTS,Paddy,BPT 5204,136,Germination,Red Soil,0.75,POOR,25.9,58.2,5.29,13.24,26.48,52.95,57.6,13.11,18.19,50.56,7.75,23,MODERATE,Perennial,MILD,HIGH
DEMO_SYNTHETIC_NOT_FOR_SCIENTIFIC_RESULTS,Onion,PKM 1,99,Vegetative,Sandy Loam,0.16,MODERATE,28.5,92.3,3.24,8.09,16.18,32.35,93.88,81.17,82.53,169.18,12.13,20,HIGH,Rabi,MODERATE,MODERATE
DEMO_SYNTHETIC_NOT_FOR_SCIENTIFIC_RESULTS,Maize,PKM 1,64,Flowering,Clay Loam,0.67,POOR,35.9,62.7,14.9,37.26,74.52,149.04,151.06,56.2,71.81,146.62,21.88,4,CRITICAL,Perennial,MODERATE,MODERATE
DEMO_SYNTHETIC_NOT_FOR_SCIENTIFIC_RESULTS,Chilli,Swarna,130,Vegetative,Sandy Loam,0.57,POOR,28.8,50.1,7.69,19.23,38.45,76.91,89.16,88.51,122.46,171.82,20.4,12,HIGH,Rabi,MODERATE,MODERATE
DEMO_SYNTHETIC_NOT_FOR_SCIENTIFIC_RESULTS,Banana,PKM 1,126,Ripening,Black Cotton Soil,0.27,POOR,25.3,65.8,4.35,10.87,21.74,43.48,140.89,81.17,83.8,104.93,2.09,8,CRITICAL,Zaid,MODERATE,MODERATE
DEMO_SYNTHETIC_NOT_FOR_SCIENTIFIC_RESULTS,Tomato,Grand Naine,122,Germination,Sandy Loam,0.65,MODERATE,26.4,82.7,5.08,12.71,25.42,50.84,118.57,100.24,112.19,146.87,42.36,6,HIGH,Zaid,MODERATE,MODERATE
DEMO_SYNTHETIC_NOT_FOR_SCIENTIFIC_RESULTS,Sugarcane,Grand Naine,30,Ripening,Clay Loam,0.49,MODERATE,24.8,59.3,3.88,9.7,19.39,38.79,91.44,102.23,117.98,128.23,1.45,0,HIGH,Zaid,MODERATE,MODERATE
DEMO_SYNTHETIC_NOT_FOR_SCIENTIFIC_RESULTS,Paddy,BPT 5204,115,Vegetative,Clay Loam,0.45,GOOD,30.4,94.2,7.86,19.65,39.3,78.6,146.4,10.1,39.03,46.33,33.93,12,HIGH,Zaid,MODERATE,MODERATE
DEMO_SYNTHETIC_NOT_FOR_SCIENTIFIC_RESULTS,Groundnut,CO 6,41,Ripening,Alluvial Soil,0.27,MODERATE,28.2,74.4,3.39,8.46,16.93,33.85,110.72,85.94,101.38,168.99,20.54,1,HIGH,Perennial,MODERATE,MODERATE
DEMO_SYNTHETIC_NOT_FOR_SCIENTIFIC_RESULTS,Cotton,BPT 5204,23,Flowering,Sandy Loam,0.58,GOOD,26.8,85.7,10.64,26.61,53.22,106.44,131.14,57.64,99.25,119.48,37.25,9,HIGH,Perennial,MODERATE,MODERATE
DEMO_SYNTHETIC_NOT_FOR_SCIENTIFIC_RESULTS,Cotton,Grand Naine,144,Flowering,Black Cotton Soil,0.72,GOOD,29.2,87.4,1.83,4.57,9.14,18.28,71.32,44.97,60.12,72.51,38.75,1,HIGH,Rabi,MODERATE,MODERATE
DEMO_SYNTHETIC_NOT_FOR_SCIENTIFIC_RESULTS,Chilli,Default,56,Ripening,Red Soil,0.44,POOR,28.3,87.2,4.54,11.35,22.69,45.38,90.2,91.42,128.66,114.9,41.56,14,HIGH,Zaid,MODERATE,MODERATE
DEMO_SYNTHETIC_NOT_FOR_SCIENTIFIC_RESULTS,Chilli,Swarna,118,Ripening,Sandy Loam,0.44,POOR,27.1,80.5,6.85,17.12,34.24,68.48,127.86,99.05,104.49,158.71,39.69,12,CRITICAL,Kharif,SEVERE,LOW
DEMO_SYNTHETIC_NOT_FOR_SCIENTIFIC_RESULTS,Sugarcane,Grand Naine,139,Vegetative,Sandy Loam,0.74,MODERATE,30.9,79.0,12.37,30.93,61.85,123.7,210.8,95.32,100.24,129.95,2.14,22,HIGH,Perennial,MODERATE,MODERATE
DEMO_SYNTHETIC_NOT_FOR_SCIENTIFIC_RESULTS,Pulses,PKM 1,28,Germination,Clay Loam,0.69,MODERATE,23.9,79.0,5.26,13.16,26.32,52.64,131.78,68.71,90.45,152.42,31.03,23,HIGH,Kharif,MODERATE,MODERATE
DEMO_SYNTHETIC_NOT_FOR_SCIENTIFIC_RESULTS,Banana,PKM 1,73,Germination,Sandy Loam,0.41,GOOD,25.2,64.4,6.54,16.36,32.71,65.42,81.51,91.51,125.11,174.86,37.9,22,HIGH,Kharif,MODERATE,MODERATE
DEMO_SYNTHETIC_NOT_FOR_SCIENTIFIC_RESULTS,Pulses,PKM 1,143,Ripening,Black Cotton Soil,0.24,MODERATE,29.0,81.4,14.56,36.4,72.8,145.6,187.78,74.72,79.44,160.34,10.99,16,HIGH,Perennial,MODERATE,MODERATE
DEMO_SYNTHETIC_NOT_FOR_SCIENTIFIC_RESULTS,Pulses,Default,141,Ripening,Alluvial Soil,0.35,MODERATE,34.9,84.2,8.16,20.41,40.82,81.64,148.15,79.97,116.07,125.36,11.89,24,HIGH,Perennial,MODERATE,MODERATE
DEMO_SYNTHETIC_NOT_FOR_SCIENTIFIC_RESULTS,Tomato,Swarna,12,Ripening,Red Soil,0.18,POOR,30.4,84.6,1.81,4.51,9.03,18.05,96.21,114.43,155.92,198.09,16.96,17,HIGH,Rabi,MODERATE,MODERATE
DEMO_SYNTHETIC_NOT_FOR_SCIENTIFIC_RESULTS,Onion,Swarna,23,Flowering,Alluvial Soil,0.67,MODERATE,30.7,58.7,6.98,17.45,34.9,69.8,103.29,21.77,53.0,53.04,33.7,20,HIGH,Perennial,MODERATE,MODERATE
DEMO_SYNTHETIC_NOT_FOR_SCIENTIFIC_RESULTS,Onion,CO 6,96,Germination,Black Cotton Soil,0.41,MODERATE,28.1,82.1,12.56,31.4,62.8,125.59,219.58,107.36,153.02,129.89,28.59,9,HIGH,Rabi,MODERATE,MODERATE
DEMO_SYNTHETIC_NOT_FOR_SCIENTIFIC_RESULTS,Paddy,Grand Naine,101,Vegetative,Alluvial Soil,0.48,MODERATE,25.7,57.1,12.92,32.31,64.62,129.24,169.31,19.93,68.46,71.07,15.36,14,HIGH,Rabi,MODERATE,MODERATE
DEMO_SYNTHETIC_NOT_FOR_SCIENTIFIC_RESULTS,Maize,Grand Naine,93,Flowering,Alluvial Soil,0.26,POOR,28.4,57.4,14.67,36.68,73.36,146.71,228.19,94.35,100.13,169.56,37.77,0,CRITICAL,Kharif,MODERATE,MODERATE
DEMO_SYNTHETIC_NOT_FOR_SCIENTIFIC_RESULTS,Groundnut,Swarna,61,Vegetative,Red Soil,0.39,POOR,26.2,67.6,7.12,17.79,35.58,71.15,111.52,13.86,51.73,51.94,39.73,1,HIGH,Perennial,MODERATE,MODERATE
DEMO_SYNTHETIC_NOT_FOR_SCIENTIFIC_RESULTS,Groundnut,Default,112,Germination,Alluvial Soil,0.46,POOR,31.3,55.5,3.36,8.41,16.82,33.63,108.38,87.67,136.94,168.56,35.81,3,HIGH,Zaid,MODERATE,MODERATE
DEMO_SYNTHETIC_NOT_FOR_SCIENTIFIC_RESULTS,Maize,Swarna,41,Vegetative,Alluvial Soil,0.18,POOR,28.9,61.1,7.66,19.14,38.28,76.57,105.47,28.72,61.0,114.3,12.75,8,HIGH,Zaid,MODERATE,MODERATE
DEMO_SYNTHETIC_NOT_FOR_SCIENTIFIC_RESULTS,Chilli,Default,66,Vegetative,Sandy Loam,0.61,GOOD,24.8,84.4,3.77,9.43,18.85,37.7,97.96,113.67,140.24,165.45,7.46,21,HIGH,Rabi,MODERATE,MODERATE
DEMO_SYNTHETIC_NOT_FOR_SCIENTIFIC_RESULTS,Pulses,Swarna,58,Flowering,Red Soil,0.19,GOOD,27.0,94.3,11.2,28.0,56.01,112.01,188.27,99.51,135.98,148.65,37.45,21,HIGH,Kharif,MODERATE,MODERATE
DEMO_SYNTHETIC_NOT_FOR_SCIENTIFIC_RESULTS,Maize,Default,115,Vegetative,Clay Loam,0.5,MODERATE,29.8,88.5,2.04,5.1,10.2,20.39,39.96,73.13,108.25,162.0,24.9,22,MODERATE,Perennial,MILD,HIGH
DEMO_SYNTHETIC_NOT_FOR_SCIENTIFIC_RESULTS,Sugarcane,BPT 5204,36,Ripening,Sandy Loam,0.81,MODERATE,28.4,92.3,11.12,27.8,55.59,111.18,187.4,118.1,153.74,173.59,17.98,14,HIGH,Kharif,MODERATE,MODERATE
DEMO_SYNTHETIC_NOT_FOR_SCIENTIFIC_RESULTS,Chilli,BPT 5204,20,Germination,Sandy Loam,0.38,GOOD,35.3,75.0,1.5,3.75,7.5,15.01,77.16,48.77,54.02,98.1,0.91,17,HIGH,Perennial,MODERATE,MODERATE
DEMO_SYNTHETIC_NOT_FOR_SCIENTIFIC_RESULTS,Tomato,CO 6,97,Germination,Sandy Loam,0.75,POOR,26.8,77.7,3.49,8.73,17.46,34.93,59.3,51.1,93.84,112.53,1.14,12,MODERATE,Kharif,MILD,HIGH
DEMO_SYNTHETIC_NOT_FOR_SCIENTIFIC_RESULTS,Pulses,Grand Naine,100,Germination,Black Cotton Soil,0.36,GOOD,25.1,87.3,8.07,20.17,40.34,80.68,172.47,97.65,137.97,151.82,35.79,10,HIGH,Kharif,MODERATE,MODERATE
DEMO_SYNTHETIC_NOT_FOR_SCIENTIFIC_RESULTS,Groundnut,Default,31,Vegetative,Red Soil,0.71,GOOD,30.6,69.6,6.77,16.91,33.83,67.65,87.29,71.59,113.51,124.72,34.44,14,HIGH,Perennial,MODERATE,MODERATE
DEMO_SYNTHETIC_NOT_FOR_SCIENTIFIC_RESULTS,Banana,Swarna,99,Ripening,Clay Loam,0.43,MODERATE,24.5,71.0,9.78,24.45,48.9,97.79,114.85,50.08,98.37,145.35,25.58,4,HIGH,Zaid,MODERATE,MODERATE
DEMO_SYNTHETIC_NOT_FOR_SCIENTIFIC_RESULTS,Onion,Default,11,Flowering,Clay Loam,0.28,POOR,35.3,90.8,5.85,14.63,29.27,58.54,68.67,12.19,31.44,100.29,10.13,12,HIGH,Kharif,MODERATE,MODERATE
DEMO_SYNTHETIC_NOT_FOR_SCIENTIFIC_RESULTS,Cotton,Grand Naine,56,Vegetative,Black Cotton Soil,0.61,GOOD,26.2,72.3,4.44,11.09,22.18,44.37,101.98,95.4,141.63,176.97,35.92,2,HIGH,Rabi,MODERATE,MODERATE
DEMO_SYNTHETIC_NOT_FOR_SCIENTIFIC_RESULTS,Tomato,PKM 1,29,Ripening,Sandy Loam,0.19,MODERATE,35.3,70.9,4.07,10.18,20.36,40.73,116.56,63.23,107.83,148.19,9.6,18,HIGH,Kharif,MODERATE,MODERATE
DEMO_SYNTHETIC_NOT_FOR_SCIENTIFIC_RESULTS,Pulses,Swarna,79,Germination,Clay Loam,0.46,MODERATE,25.1,91.9,1.42,3.56,7.11,14.22,88.21,55.03,101.9,126.41,23.61,10,HIGH,Zaid,MODERATE,MODERATE
DEMO_SYNTHETIC_NOT_FOR_SCIENTIFIC_RESULTS,Tomato,BPT 5204,23,Ripening,Red Soil,0.81,MODERATE,30.3,69.7,8.68,21.7,43.4,86.8,88.33,38.67,55.02,69.36,21.85,21,HIGH,Perennial,MODERATE,MODERATE
DEMO_SYNTHETIC_NOT_FOR_SCIENTIFIC_RESULTS,Groundnut,PKM 1,72,Flowering,Sandy Loam,0.36,POOR,23.4,92.0,12.37,30.93,61.86,123.72,152.21,78.58,84.14,107.71,20.15,19,CRITICAL,Perennial,MODERATE,MODERATE
DEMO_SYNTHETIC_NOT_FOR_SCIENTIFIC_RESULTS,Banana,PKM 1,146,Flowering,Alluvial Soil,0.31,GOOD,31.6,59.3,8.12,20.3,40.59,81.18,141.39,101.38,132.13,188.8,4.53,0,HIGH,Zaid,MODERATE,MODERATE
DEMO_SYNTHETIC_NOT_FOR_SCIENTIFIC_RESULTS,Cotton,Swarna,53,Flowering,Black Cotton Soil,0.33,MODERATE,22.6,83.5,12.07,30.16,60.33,120.66,172.57,89.44,117.67,110.93,44.37,5,HIGH,Zaid,MODERATE,MODERATE
DEMO_SYNTHETIC_NOT_FOR_SCIENTIFIC_RESULTS,Tomato,Swarna,134,Germination,Clay Loam,0.61,GOOD,29.4,79.4,7.78,19.45,38.91,77.82,84.54,108.8,149.52,132.51,9.32,19,HIGH,Kharif,MODERATE,MODERATE
DEMO_SYNTHETIC_NOT_FOR_SCIENTIFIC_RESULTS,Pulses,Swarna,130,Ripening,Sandy Loam,0.6,POOR,35.0,54.1,13.49,33.72,67.44,134.89,194.88,53.3,87.97,147.01,24.6,4,CRITICAL,Kharif,MODERATE,MODERATE
DEMO_SYNTHETIC_NOT_FOR_SCIENTIFIC_RESULTS,Banana,BPT 5204,48,Vegetative,Sandy Loam,0.19,MODERATE,23.4,65.2,12.69,31.73,63.47,126.93,146.64,101.42,121.78,179.51,40.87,7,HIGH,Zaid,MODERATE,MODERATE
DEMO_SYNTHETIC_NOT_FOR_SCIENTIFIC_RESULTS,Maize,CO 6,84,Germination,Clay Loam,0.6,GOOD,32.0,52.2,10.3,25.75,51.5,103.0,198.72,95.94,118.7,168.59,6.57,14,HIGH,Kharif,MODERATE,MODERATE
DEMO_SYNTHETIC_NOT_FOR_SCIENTIFIC_RESULTS,Sugarcane,Grand Naine,11,Ripening,Red Soil,0.41,MODERATE,27.8,69.4,4.3,10.76,21.52,43.03,129.11,102.1,128.09,122.31,35.19,9,HIGH,Zaid,MODERATE,MODERATE
DEMO_SYNTHETIC_NOT_FOR_SCIENTIFIC_RESULTS,Paddy,Swarna,85,Germination,Black Cotton Soil,0.73,POOR,24.4,76.5,6.73,16.83,33.66,67.33,105.91,26.44,69.08,79.34,22.25,9,HIGH,Rabi,MODERATE,MODERATE
DEMO_SYNTHETIC_NOT_FOR_SCIENTIFIC_RESULTS,Tomato,PKM 1,100,Germination,Clay Loam,0.37,GOOD,25.6,77.5,9.84,24.6,49.2,98.41,100.15,116.14,162.93,205.5,24.37,14,HIGH,Rabi,MODERATE,MODERATE
DEMO_SYNTHETIC_NOT_FOR_SCIENTIFIC_RESULTS,Onion,Default,75,Ripening,Red Soil,0.33,MODERATE,34.4,79.5,9.19,22.98,45.97,91.93,121.24,99.2,111.14,178.25,32.29,13,HIGH,Perennial,MODERATE,MODERATE
DEMO_SYNTHETIC_NOT_FOR_SCIENTIFIC_RESULTS,Maize,Swarna,70,Vegetative,Black Cotton Soil,0.23,POOR,31.6,76.7,2.69,6.71,13.43,26.85,123.31,116.67,139.24,170.02,10.1,13,CRITICAL,Zaid,MODERATE,MODERATE
DEMO_SYNTHETIC_NOT_FOR_SCIENTIFIC_RESULTS,Chilli,CO 6,27,Germination,Red Soil,0.7,MODERATE,35.4,60.7,11.5,28.75,57.51,115.01,187.91,17.67,62.74,44.88,15.15,20,HIGH,Perennial,MODERATE,MODERATE
DEMO_SYNTHETIC_NOT_FOR_SCIENTIFIC_RESULTS,Sugarcane,Swarna,47,Ripening,Sandy Loam,0.82,GOOD,27.9,70.2,12.1,30.25,60.49,120.98,161.33,39.0,73.34,91.03,33.14,6,HIGH,Perennial,MODERATE,MODERATE
DEMO_SYNTHETIC_NOT_FOR_SCIENTIFIC_RESULTS,Tomato,Default,89,Flowering,Red Soil,0.51,MODERATE,31.1,53.8,11.52,28.8,57.61,115.22,157.25,37.26,39.53,112.5,22.53,0,HIGH,Zaid,MODERATE,MODERATE
DEMO_SYNTHETIC_NOT_FOR_SCIENTIFIC_RESULTS,Pulses,BPT 5204,22,Germination,Clay Loam,0.53,MODERATE,32.4,66.0,13.0,32.49,64.99,129.98,194.94,32.63,46.52,115.79,31.46,21,HIGH,Kharif,MODERATE,MODERATE
DEMO_SYNTHETIC_NOT_FOR_SCIENTIFIC_RESULTS,Pulses,Swarna,124,Germination,Sandy Loam,0.16,MODERATE,31.2,81.0,14.04,35.09,70.19,140.37,181.39,96.34,132.63,129.13,22.96,12,HIGH,Zaid,MODERATE,MODERATE
DEMO_SYNTHETIC_NOT_FOR_SCIENTIFIC_RESULTS,Onion,Grand Naine,43,Vegetative,Black Cotton Soil,0.73,MODERATE,34.8,52.5,6.85,17.12,34.25,68.5,138.42,69.01,81.56,140.65,7.97,2,HIGH,Perennial,MODERATE,MODERATE
DEMO_SYNTHETIC_NOT_FOR_SCIENTIFIC_RESULTS,Sugarcane,Default,102,Germination,Red Soil,0.81,GOOD,28.3,82.3,6.27,15.68,31.35,62.7,151.95,97.62,102.2,161.19,4.87,3,HIGH,Zaid,MODERATE,MODERATE
DEMO_SYNTHETIC_NOT_FOR_SCIENTIFIC_RESULTS,Banana,PKM 1,75,Flowering,Clay Loam,0.25,MODERATE,24.8,56.6,5.49,13.72,27.45,54.9,62.38,64.29,76.42,163.39,17.71,14,HIGH,Rabi,MODERATE,MODERATE
DEMO_SYNTHETIC_NOT_FOR_SCIENTIFIC_RESULTS,Pulses,CO 6,86,Flowering,Red Soil,0.37,MODERATE,25.1,80.8,1.5,3.75,7.51,15.02,114.85,91.44,100.22,178.21,42.65,23,HIGH,Zaid,MODERATE,MODERATE
DEMO_SYNTHETIC_NOT_FOR_SCIENTIFIC_RESULTS,Sugarcane,CO 6,115,Flowering,Sandy Loam,0.82,MODERATE,31.8,64.8,0.65,1.61,3.23,6.45,70.76,11.95,14.74,49.62,25.51,13,HIGH,Kharif,MODERATE,MODERATE
DEMO_SYNTHETIC_NOT_FOR_SCIENTIFIC_RESULTS,Tomato,Default,31,Flowering,Clay Loam,0.82,MODERATE,32.8,74.6,6.96,17.39,34.78,69.57,81.17,42.53,62.56,139.93,29.39,11,HIGH,Kharif,MODERATE,MODERATE
DEMO_SYNTHETIC_NOT_FOR_SCIENTIFIC_RESULTS,Sugarcane,Grand Naine,96,Flowering,Sandy Loam,0.4,GOOD,22.2,89.5,14.22,35.55,71.09,142.18,209.47,52.91,94.59,90.09,33.04,5,HIGH,Kharif,MODERATE,MODERATE
DEMO_SYNTHETIC_NOT_FOR_SCIENTIFIC_RESULTS,Paddy,Default,42,Flowering,Black Cotton Soil,0.64,POOR,33.1,63.8,5.95,14.87,29.75,59.49,133.58,33.04,69.94,106.75,21.48,5,CRITICAL,Rabi,MODERATE,MODERATE
DEMO_SYNTHETIC_NOT_FOR_SCIENTIFIC_RESULTS,Onion,Swarna,18,Germination,Red Soil,0.77,POOR,24.8,67.7,8.74,21.84,43.68,87.36,183.22,21.34,64.8,116.86,21.76,5,CRITICAL,Perennial,MODERATE,MODERATE
DEMO_SYNTHETIC_NOT_FOR_SCIENTIFIC_RESULTS,Groundnut,Grand Naine,107,Ripening,Sandy Loam,0.72,POOR,34.7,74.6,0.29,0.72,1.44,2.88,11.72,86.59,119.05,136.35,26.82,6,LOW,Zaid,NONE,HIGH
DEMO_SYNTHETIC_NOT_FOR_SCIENTIFIC_RESULTS,Cotton,BPT 5204,91,Germination,Red Soil,0.74,POOR,32.4,85.2,4.49,11.22,22.45,44.9,98.33,100.92,148.2,132.14,34.39,19,HIGH,Perennial,MODERATE,MODERATE
DEMO_SYNTHETIC_NOT_FOR_SCIENTIFIC_RESULTS,Sugarcane,CO 6,115,Flowering,Alluvial Soil,0.6,MODERATE,32.0,90.4,4.55,11.37,22.75,45.49,127.56,12.57,55.36,105.8,8.86,7,HIGH,Rabi,MODERATE,MODERATE
DEMO_SYNTHETIC_NOT_FOR_SCIENTIFIC_RESULTS,Cotton,Swarna,127,Flowering,Clay Loam,0.52,MODERATE,24.8,75.8,14.32,35.81,71.61,143.23,188.33,56.1,103.44,96.5,23.76,10,HIGH,Zaid,MODERATE,MODERATE
DEMO_SYNTHETIC_NOT_FOR_SCIENTIFIC_RESULTS,Pulses,CO 6,12,Vegetative,Red Soil,0.67,MODERATE,28.6,90.0,5.48,13.69,27.38,54.76,148.47,52.93,80.72,143.5,16.91,12,HIGH,Rabi,MODERATE,MODERATE
DEMO_SYNTHETIC_NOT_FOR_SCIENTIFIC_RESULTS,Tomato,BPT 5204,95,Flowering,Alluvial Soil,0.79,POOR,35.3,70.8,13.72,34.31,68.62,137.24,152.05,33.49,81.1,109.05,29.58,10,CRITICAL,Rabi,SEVERE,LOW
DEMO_SYNTHETIC_NOT_FOR_SCIENTIFIC_RESULTS,Groundnut,PKM 1,91,Flowering,Alluvial Soil,0.58,POOR,31.3,78.5,6.75,16.89,33.77,67.55,131.21,64.62,69.6,96.06,41.9,21,CRITICAL,Rabi,MODERATE,MODERATE
DEMO_SYNTHETIC_NOT_FOR_SCIENTIFIC_RESULTS,Groundnut,CO 6,101,Ripening,Red Soil,0.62,MODERATE,28.3,79.1,3.08,7.69,15.38,30.77,96.47,97.92,115.27,173.08,43.29,21,HIGH,Kharif,MODERATE,MODERATE
DEMO_SYNTHETIC_NOT_FOR_SCIENTIFIC_RESULTS,Groundnut,Default,131,Vegetative,Black Cotton Soil,0.49,POOR,27.0,88.1,11.89,29.72,59.44,118.88,168.65,19.93,25.05,86.59,5.28,13,CRITICAL,Perennial,MODERATE,MODERATE
DEMO_SYNTHETIC_NOT_FOR_SCIENTIFIC_RESULTS,Tomato,Swarna,65,Flowering,Red Soil,0.52,GOOD,32.7,51.8,2.89,7.22,14.44,28.87,101.51,70.23,74.51,169.47,40.1,23,HIGH,Zaid,MODERATE,MODERATE
DEMO_SYNTHETIC_NOT_FOR_SCIENTIFIC_RESULTS,Paddy,Grand Naine,51,Ripening,Black Cotton Soil,0.22,GOOD,31.4,90.3,9.4,23.5,47.01,94.02,130.6,108.61,144.39,151.0,2.09,10,HIGH,Kharif,MODERATE,MODERATE
DEMO_SYNTHETIC_NOT_FOR_SCIENTIFIC_RESULTS,Chilli,CO 6,27,Germination,Clay Loam,0.43,MODERATE,32.3,65.8,8.63,21.57,43.13,86.27,144.8,66.71,71.06,130.45,26.45,10,HIGH,Rabi,MODERATE,MODERATE
DEMO_SYNTHETIC_NOT_FOR_SCIENTIFIC_RESULTS,Paddy,Swarna,142,Flowering,Red Soil,0.67,POOR,25.9,72.8,13.02,32.55,65.11,130.21,174.05,46.74,93.66,81.53,23.7,24,CRITICAL,Perennial,MODERATE,MODERATE
DEMO_SYNTHETIC_NOT_FOR_SCIENTIFIC_RESULTS,Sugarcane,Grand Naine,28,Flowering,Red Soil,0.35,POOR,33.7,75.6,4.35,10.87,21.73,43.46,105.38,92.86,103.33,191.96,18.13,9,HIGH,Rabi,MODERATE,MODERATE
DEMO_SYNTHETIC_NOT_FOR_SCIENTIFIC_RESULTS,Banana,BPT 5204,42,Flowering,Red Soil,0.3,POOR,29.4,63.5,5.51,13.77,27.54,55.07,112.44,61.42,95.95,83.13,34.48,8,HIGH,Perennial,MODERATE,MODERATE
DEMO_SYNTHETIC_NOT_FOR_SCIENTIFIC_RESULTS,Cotton,Grand Naine,89,Vegetative,Sandy Loam,0.78,GOOD,29.1,55.2,13.15,32.88,65.75,131.5,230.76,94.63,125.26,176.26,0.97,20,HIGH,Zaid,MODERATE,MODERATE
DEMO_SYNTHETIC_NOT_FOR_SCIENTIFIC_RESULTS,Groundnut,PKM 1,131,Germination,Clay Loam,0.62,POOR,35.1,79.6,7.78,19.45,38.91,77.81,147.08,36.58,76.56,92.14,31.53,2,CRITICAL,Perennial,MODERATE,MODERATE
DEMO_SYNTHETIC_NOT_FOR_SCIENTIFIC_RESULTS,Sugarcane,CO 6,25,Vegetative,Clay Loam,0.51,GOOD,23.8,75.5,7.41,18.52,37.05,74.1,136.36,49.77,54.51,108.93,9.8,11,HIGH,Perennial,MODERATE,MODERATE
DEMO_SYNTHETIC_NOT_FOR_SCIENTIFIC_RESULTS,Chilli,BPT 5204,65,Germination,Clay Loam,0.46,GOOD,26.2,63.9,4.21,10.52,21.04,42.08,98.06,2.5,35.86,61.37,13.87,19,HIGH,Rabi,MODERATE,MODERATE
DEMO_SYNTHETIC_NOT_FOR_SCIENTIFIC_RESULTS,Pulses,Swarna,64,Flowering,Sandy Loam,0.33,MODERATE,22.8,94.7,5.04,12.6,25.2,50.39,143.43,60.92,76.43,109.97,21.76,16,HIGH,Kharif,MODERATE,MODERATE
DEMO_SYNTHETIC_NOT_FOR_SCIENTIFIC_RESULTS,Cotton,Swarna,100,Flowering,Clay Loam,0.75,POOR,23.1,58.2,9.4,23.51,47.02,94.05,175.85,118.02,138.37,190.41,30.48,24,CRITICAL,Perennial,MODERATE,MODERATE
DEMO_SYNTHETIC_NOT_FOR_SCIENTIFIC_RESULTS,Chilli,PKM 1,130,Vegetative,Clay Loam,0.57,MODERATE,22.0,94.0,12.77,31.92,63.84,127.69,221.39,101.82,146.54,176.29,26.14,20,HIGH,Zaid,MODERATE,MODERATE
DEMO_SYNTHETIC_NOT_FOR_SCIENTIFIC_RESULTS,Groundnut,BPT 5204,20,Vegetative,Sandy Loam,0.49,MODERATE,23.2,62.1,4.86,12.15,24.31,48.62,93.94,7.73,37.71,59.82,15.32,13,HIGH,Zaid,MODERATE,MODERATE
DEMO_SYNTHETIC_NOT_FOR_SCIENTIFIC_RESULTS,Pulses,Grand Naine,35,Ripening,Black Cotton Soil,0.32,GOOD,35.9,66.1,12.31,30.77,61.53,123.06,152.69,96.48,139.44,147.63,2.74,20,HIGH,Zaid,MODERATE,MODERATE
DEMO_SYNTHETIC_NOT_FOR_SCIENTIFIC_RESULTS,Cotton,PKM 1,17,Ripening,Clay Loam,0.58,MODERATE,28.5,74.2,7.38,18.44,36.88,73.77,141.97,9.55,47.24,102.51,2.47,23,HIGH,Rabi,MODERATE,MODERATE
DEMO_SYNTHETIC_NOT_FOR_SCIENTIFIC_RESULTS,Banana,Swarna,116,Germination,Sandy Loam,0.31,POOR,33.4,91.7,5.52,13.79,27.59,55.17,138.09,58.17,107.78,78.99,17.0,4,CRITICAL,Kharif,MODERATE,MODERATE
DEMO_SYNTHETIC_NOT_FOR_SCIENTIFIC_RESULTS,Sugarcane,CO 6,12,Germination,Alluvial Soil,0.74,GOOD,28.8,77.0,2.34,5.86,11.72,23.44,48.53,55.79,79.8,141.34,28.75,16,MODERATE,Rabi,MILD,HIGH
DEMO_SYNTHETIC_NOT_FOR_SCIENTIFIC_RESULTS,Tomato,Grand Naine,120,Germination,Alluvial Soil,0.84,GOOD,32.0,55.6,5.59,13.98,27.95,55.91,85.74,50.0,76.71,117.39,8.25,15,HIGH,Kharif,MODERATE,MODERATE
DEMO_SYNTHETIC_NOT_FOR_SCIENTIFIC_RESULTS,Pulses,BPT 5204,41,Ripening,Sandy Loam,0.16,GOOD,22.1,59.8,13.69,34.23,68.45,136.9,181.26,36.1,66.01,71.92,31.99,24,HIGH,Rabi,MODERATE,MODERATE
DEMO_SYNTHETIC_NOT_FOR_SCIENTIFIC_RESULTS,Banana,BPT 5204,111,Germination,Clay Loam,0.23,GOOD,26.1,76.9,6.24,15.59,31.18,62.36,70.82,66.72,71.06,155.35,4.67,11,HIGH,Rabi,MODERATE,MODERATE
DEMO_SYNTHETIC_NOT_FOR_SCIENTIFIC_RESULTS,Cotton,PKM 1,130,Vegetative,Alluvial Soil,0.41,GOOD,23.2,71.6,10.31,25.77,51.53,103.06,158.11,67.01,84.54,114.54,20.05,4,HIGH,Perennial,MODERATE,MODERATE
DEMO_SYNTHETIC_NOT_FOR_SCIENTIFIC_RESULTS,Tomato,Swarna,59,Ripening,Alluvial Soil,0.56,POOR,28.0,80.1,13.07,32.68,65.36,130.73,132.82,72.71,90.12,104.12,16.44,13,CRITICAL,Zaid,SEVERE,LOW
DEMO_SYNTHETIC_NOT_FOR_SCIENTIFIC_RESULTS,Pulses,Default,18,Germination,Red Soil,0.35,MODERATE,27.9,90.0,11.34,28.36,56.72,113.44,136.83,21.9,33.22,119.3,4.29,3,HIGH,Rabi,MODERATE,MODERATE
DEMO_SYNTHETIC_NOT_FOR_SCIENTIFIC_RESULTS,Chilli,Swarna,141,Germination,Black Cotton Soil,0.81,MODERATE,28.8,53.0,2.61,6.54,13.07,26.15,72.69,98.1,104.8,194.66,1.97,8,HIGH,Kharif,MODERATE,MODERATE
DEMO_SYNTHETIC_NOT_FOR_SCIENTIFIC_RESULTS,Banana,Default,146,Vegetative,Red Soil,0.33,MODERATE,34.7,57.9,7.59,18.98,37.95,75.91,81.76,65.78,106.97,146.21,37.08,21,HIGH,Perennial,MODERATE,MODERATE
DEMO_SYNTHETIC_NOT_FOR_SCIENTIFIC_RESULTS,Onion,Default,139,Flowering,Sandy Loam,0.45,GOOD,23.8,52.1,2.8,7.0,14.01,28.01,118.37,17.26,19.16,98.59,37.76,23,HIGH,Zaid,MODERATE,MODERATE
DEMO_SYNTHETIC_NOT_FOR_SCIENTIFIC_RESULTS,Chilli,Swarna,98,Ripening,Red Soil,0.35,GOOD,28.3,51.1,12.77,31.91,63.83,127.65,216.53,4.65,18.94,68.92,37.86,16,HIGH,Kharif,MODERATE,MODERATE
DEMO_SYNTHETIC_NOT_FOR_SCIENTIFIC_RESULTS,Maize,CO 6,130,Germination,Clay Loam,0.38,GOOD,29.5,51.1,8.44,21.1,42.2,84.4,114.95,40.44,63.12,99.91,15.93,7,HIGH,Kharif,MODERATE,MODERATE
DEMO_SYNTHETIC_NOT_FOR_SCIENTIFIC_RESULTS,Maize,Default,109,Vegetative,Sandy Loam,0.76,MODERATE,26.6,91.9,4.9,12.24,24.48,48.95,93.13,42.11,73.18,92.08,33.4,21,HIGH,Perennial,MODERATE,MODERATE
DEMO_SYNTHETIC_NOT_FOR_SCIENTIFIC_RESULTS,Groundnut,Swarna,37,Germination,Red Soil,0.46,MODERATE,24.0,91.1,7.81,19.52,39.05,78.09,172.16,64.17,67.56,120.17,8.17,19,HIGH,Kharif,MODERATE,MODERATE
DEMO_SYNTHETIC_NOT_FOR_SCIENTIFIC_RESULTS,Paddy,Default,12,Ripening,Black Cotton Soil,0.65,GOOD,30.5,52.5,4.32,10.8,21.6,43.2,93.74,14.99,16.14,80.22,4.85,16,HIGH,Rabi,MODERATE,MODERATE
DEMO_SYNTHETIC_NOT_FOR_SCIENTIFIC_RESULTS,Chilli,PKM 1,81,Vegetative,Alluvial Soil,0.36,MODERATE,35.4,58.4,13.84,34.6,69.21,138.42,147.07,1.89,46.6,29.77,20.28,6,HIGH,Kharif,MODERATE,MODERATE
DEMO_SYNTHETIC_NOT_FOR_SCIENTIFIC_RESULTS,Banana,PKM 1,56,Ripening,Red Soil,0.47,GOOD,26.9,86.3,3.3,8.24,16.49,32.98,74.36,48.45,93.65,114.83,5.09,4,HIGH,Zaid,MODERATE,MODERATE
DEMO_SYNTHETIC_NOT_FOR_SCIENTIFIC_RESULTS,Pulses,BPT 5204,89,Vegetative,Clay Loam,0.54,GOOD,33.3,71.4,0.83,2.09,4.17,8.35,14.78,11.04,37.37,45.41,18.15,4,LOW,Zaid,NONE,HIGH
DEMO_SYNTHETIC_NOT_FOR_SCIENTIFIC_RESULTS,Pulses,Grand Naine,145,Ripening,Black Cotton Soil,0.35,MODERATE,35.1,65.2,2.73,6.83,13.65,27.3,51.98,75.72,79.2,147.91,1.25,4,MODERATE,Kharif,MILD,HIGH
DEMO_SYNTHETIC_NOT_FOR_SCIENTIFIC_RESULTS,Groundnut,CO 6,62,Flowering,Red Soil,0.24,GOOD,27.7,61.6,7.92,19.8,39.6,79.2,134.15,104.97,117.91,158.17,24.47,6,HIGH,Perennial,MODERATE,MODERATE
DEMO_SYNTHETIC_NOT_FOR_SCIENTIFIC_RESULTS,Sugarcane,PKM 1,13,Vegetative,Sandy Loam,0.26,MODERATE,22.4,69.1,2.25,5.62,11.24,22.48,97.77,15.61,56.21,94.44,18.61,8,HIGH,Perennial,MODERATE,MODERATE
DEMO_SYNTHETIC_NOT_FOR_SCIENTIFIC_RESULTS,Chilli,Grand Naine,25,Vegetative,Red Soil,0.84,MODERATE,26.0,69.5,5.74,14.35,28.7,57.4,98.45,74.8,94.73,170.42,20.8,24,HIGH,Rabi,MODERATE,MODERATE
DEMO_SYNTHETIC_NOT_FOR_SCIENTIFIC_RESULTS,Banana,Swarna,42,Ripening,Black Cotton Soil,0.33,POOR,31.5,62.1,9.05,22.62,45.24,90.49,101.49,90.18,100.03,155.36,27.91,0,HIGH,Perennial,MODERATE,MODERATE
DEMO_SYNTHETIC_NOT_FOR_SCIENTIFIC_RESULTS,Maize,Default,18,Vegetative,Red Soil,0.21,GOOD,34.7,53.7,9.72,24.31,48.62,97.23,117.4,69.87,118.7,165.53,4.09,10,HIGH,Zaid,MODERATE,MODERATE
DEMO_SYNTHETIC_NOT_FOR_SCIENTIFIC_RESULTS,Tomato,PKM 1,149,Ripening,Red Soil,0.17,GOOD,28.0,88.6,7.75,19.39,38.77,77.54,138.13,95.59,125.43,135.98,27.82,13,HIGH,Zaid,MODERATE,MODERATE
DEMO_SYNTHETIC_NOT_FOR_SCIENTIFIC_RESULTS,Sugarcane,Swarna,66,Flowering,Alluvial Soil,0.25,POOR,35.3,51.5,9.92,24.8,49.59,99.18,107.18,92.82,125.43,161.33,10.99,15,HIGH,Kharif,MODERATE,MODERATE
DEMO_SYNTHETIC_NOT_FOR_SCIENTIFIC_RESULTS,Tomato,CO 6,67,Ripening,Red Soil,0.6,GOOD,25.2,59.6,12.29,30.71,61.42,122.85,138.22,84.37,123.01,153.6,2.06,22,HIGH,Perennial,MODERATE,MODERATE
DEMO_SYNTHETIC_NOT_FOR_SCIENTIFIC_RESULTS,Groundnut,BPT 5204,79,Vegetative,Red Soil,0.46,POOR,24.6,59.5,9.1,22.76,45.52,91.04,135.82,30.05,74.22,105.01,14.82,20,CRITICAL,Kharif,MODERATE,MODERATE
DEMO_SYNTHETIC_NOT_FOR_SCIENTIFIC_RESULTS,Banana,Swarna,89,Flowering,Sandy Loam,0.79,MODERATE,31.0,71.1,5.07,12.67,25.34,50.69,54.09,45.88,72.81,129.69,41.15,4,MODERATE,Zaid,MILD,HIGH
DEMO_SYNTHETIC_NOT_FOR_SCIENTIFIC_RESULTS,Pulses,Grand Naine,150,Germination,Alluvial Soil,0.31,MODERATE,34.4,93.4,6.05,15.13,30.27,60.53,139.62,17.01,44.84,59.81,16.99,10,HIGH,Zaid,MODERATE,MODERATE
DEMO_SYNTHETIC_NOT_FOR_SCIENTIFIC_RESULTS,Maize,CO 6,59,Vegetative,Red Soil,0.52,POOR,22.2,91.7,7.39,18.48,36.95,73.91,100.79,48.82,85.29,146.59,9.8,4,HIGH,Zaid,MODERATE,MODERATE
DEMO_SYNTHETIC_NOT_FOR_SCIENTIFIC_RESULTS,Groundnut,Grand Naine,126,Flowering,Black Cotton Soil,0.45,POOR,24.5,74.5,4.73,11.82,23.65,47.3,106.17,46.41,52.06,132.34,18.39,5,HIGH,Perennial,MODERATE,MODERATE
DEMO_SYNTHETIC_NOT_FOR_SCIENTIFIC_RESULTS,Paddy,Default,149,Ripening,Black Cotton Soil,0.34,MODERATE,34.6,79.3,10.18,25.46,50.92,101.85,161.22,99.1,140.32,145.22,10.76,24,HIGH,Rabi,MODERATE,MODERATE
DEMO_SYNTHETIC_NOT_FOR_SCIENTIFIC_RESULTS,Paddy,PKM 1,122,Flowering,Sandy Loam,0.67,GOOD,34.2,75.5,4.47,11.19,22.38,44.75,80.56,88.4,104.46,134.87,7.36,17,HIGH,Zaid,MODERATE,MODERATE
DEMO_SYNTHETIC_NOT_FOR_SCIENTIFIC_RESULTS,Groundnut,Swarna,133,Vegetative,Alluvial Soil,0.45,MODERATE,31.3,84.1,3.85,9.63,19.25,38.51,93.88,9.55,38.5,102.73,41.07,18,HIGH,Perennial,MODERATE,MODERATE
DEMO_SYNTHETIC_NOT_FOR_SCIENTIFIC_RESULTS,Paddy,Grand Naine,10,Ripening,Black Cotton Soil,0.82,GOOD,30.4,58.4,10.76,26.9,53.8,107.59,193.95,102.1,147.95,154.76,14.29,17,HIGH,Zaid,MODERATE,MODERATE
DEMO_SYNTHETIC_NOT_FOR_SCIENTIFIC_RESULTS,Paddy,CO 6,149,Germination,Alluvial Soil,0.8,GOOD,28.1,80.1,14.39,35.97,71.94,143.89,175.01,67.11,100.92,149.42,12.04,17,HIGH,Zaid,MODERATE,MODERATE
DEMO_SYNTHETIC_NOT_FOR_SCIENTIFIC_RESULTS,Maize,BPT 5204,76,Germination,Clay Loam,0.45,GOOD,32.7,87.3,2.57,6.43,12.87,25.74,35.93,109.73,121.87,202.02,29.64,8,MODERATE,Kharif,MILD,HIGH
DEMO_SYNTHETIC_NOT_FOR_SCIENTIFIC_RESULTS,Tomato,CO 6,141,Ripening,Red Soil,0.73,GOOD,32.4,65.0,13.19,32.97,65.94,131.87,153.53,11.73,42.39,57.56,27.82,10,HIGH,Kharif,MODERATE,MODERATE
DEMO_SYNTHETIC_NOT_FOR_SCIENTIFIC_RESULTS,Pulses,CO 6,44,Vegetative,Red Soil,0.41,GOOD,30.2,79.2,3.43,8.58,17.16,34.31,108.85,27.74,31.21,117.94,17.88,1,HIGH,Rabi,MODERATE,MODERATE
DEMO_SYNTHETIC_NOT_FOR_SCIENTIFIC_RESULTS,Groundnut,PKM 1,42,Ripening,Alluvial Soil,0.84,GOOD,25.0,79.1,4.93,12.32,24.64,49.29,53.03,38.31,62.26,105.61,8.84,13,MODERATE,Zaid,MILD,HIGH
DEMO_SYNTHETIC_NOT_FOR_SCIENTIFIC_RESULTS,Tomato,Swarna,10,Germination,Red Soil,0.33,POOR,23.9,58.4,4.21,10.52,21.04,42.08,136.3,116.44,146.0,155.91,29.59,20,CRITICAL,Zaid,SEVERE,LOW
DEMO_SYNTHETIC_NOT_FOR_SCIENTIFIC_RESULTS,Onion,Grand Naine,127,Vegetative,Red Soil,0.68,GOOD,29.0,71.6,10.89,27.22,54.45,108.89,199.48,95.53,145.43,130.81,27.3,21,HIGH,Perennial,MODERATE,MODERATE
DEMO_SYNTHETIC_NOT_FOR_SCIENTIFIC_RESULTS,Onion,Default,13,Germination,Red Soil,0.36,GOOD,30.1,78.5,0.78,1.95,3.9,7.81,19.76,81.83,91.83,157.97,34.55,22,LOW,Zaid,NONE,HIGH
DEMO_SYNTHETIC_NOT_FOR_SCIENTIFIC_RESULTS,Tomato,Default,63,Ripening,Red Soil,0.45,MODERATE,26.5,52.6,13.17,32.92,65.84,131.69,136.32,102.54,142.33,147.14,12.81,20,HIGH,Perennial,MODERATE,MODERATE
DEMO_SYNTHETIC_NOT_FOR_SCIENTIFIC_RESULTS,Tomato,PKM 1,149,Germination,Sandy Loam,0.68,POOR,33.7,56.2,7.68,19.21,38.41,76.83,110.91,77.89,84.46,123.36,3.25,10,HIGH,Kharif,MODERATE,MODERATE
DEMO_SYNTHETIC_NOT_FOR_SCIENTIFIC_RESULTS,Paddy,BPT 5204,34,Ripening,Sandy Loam,0.41,MODERATE,29.1,92.5,6.37,15.92,31.84,63.68,96.57,68.15,110.82,161.78,35.82,17,HIGH,Rabi,MODERATE,MODERATE
DEMO_SYNTHETIC_NOT_FOR_SCIENTIFIC_RESULTS,Chilli,Grand Naine,53,Vegetative,Sandy Loam,0.45,MODERATE,27.6,54.0,0.53,1.31,2.63,5.26,7.05,13.73,43.88,79.33,19.33,6,LOW,Perennial,NONE,HIGH
DEMO_SYNTHETIC_NOT_FOR_SCIENTIFIC_RESULTS,Groundnut,Grand Naine,33,Ripening,Red Soil,0.69,POOR,30.3,88.4,14.38,35.94,71.88,143.75,234.36,52.96,83.36,142.08,1.14,17,CRITICAL,Rabi,MODERATE,MODERATE
DEMO_SYNTHETIC_NOT_FOR_SCIENTIFIC_RESULTS,Pulses,PKM 1,13,Germination,Red Soil,0.57,GOOD,26.8,74.5,13.2,33.01,66.02,132.03,159.99,68.77,71.32,92.33,13.71,11,HIGH,Perennial,MODERATE,MODERATE
DEMO_SYNTHETIC_NOT_FOR_SCIENTIFIC_RESULTS,Banana,BPT 5204,122,Vegetative,Clay Loam,0.71,MODERATE,22.8,59.6,7.38,18.45,36.91,73.82,117.7,68.66,80.18,97.57,0.49,0,HIGH,Zaid,MODERATE,MODERATE
DEMO_SYNTHETIC_NOT_FOR_SCIENTIFIC_RESULTS,Chilli,Default,126,Ripening,Clay Loam,0.54,GOOD,22.2,83.7,3.62,9.05,18.11,36.21,53.34,114.24,141.13,177.15,29.36,1,MODERATE,Rabi,MILD,HIGH
DEMO_SYNTHETIC_NOT_FOR_SCIENTIFIC_RESULTS,Chilli,PKM 1,116,Vegetative,Red Soil,0.39,POOR,30.9,88.0,4.71,11.78,23.55,47.11,51.05,44.79,74.24,143.02,14.34,16,MODERATE,Kharif,MILD,HIGH
DEMO_SYNTHETIC_NOT_FOR_SCIENTIFIC_RESULTS,Sugarcane,BPT 5204,22,Ripening,Black Cotton Soil,0.62,GOOD,24.0,89.6,12.83,32.07,64.14,128.29,131.53,99.23,109.04,129.49,14.21,0,HIGH,Rabi,MODERATE,MODERATE
DEMO_SYNTHETIC_NOT_FOR_SCIENTIFIC_RESULTS,Paddy,Default,33,Germination,Sandy Loam,0.58,POOR,24.6,51.5,1.65,4.12,8.23,16.46,108.51,23.28,38.37,113.72,44.06,19,HIGH,Rabi,MODERATE,MODERATE
DEMO_SYNTHETIC_NOT_FOR_SCIENTIFIC_RESULTS,Pulses,Swarna,127,Vegetative,Sandy Loam,0.21,GOOD,25.2,94.1,4.45,11.13,22.26,44.52,81.64,18.75,47.1,66.07,40.74,2,HIGH,Perennial,MODERATE,MODERATE
DEMO_SYNTHETIC_NOT_FOR_SCIENTIFIC_RESULTS,Onion,CO 6,82,Ripening,Black Cotton Soil,0.28,MODERATE,25.5,80.7,13.99,34.97,69.93,139.86,149.18,45.94,80.24,110.71,15.37,15,HIGH,Rabi,MODERATE,MODERATE
DEMO_SYNTHETIC_NOT_FOR_SCIENTIFIC_RESULTS,Cotton,PKM 1,54,Vegetative,Black Cotton Soil,0.43,MODERATE,22.7,88.3,4.9,12.25,24.5,49.01,94.94,110.16,111.17,130.41,1.91,12,HIGH,Kharif,MODERATE,MODERATE
DEMO_SYNTHETIC_NOT_FOR_SCIENTIFIC_RESULTS,Groundnut,Swarna,129,Flowering,Alluvial Soil,0.82,POOR,27.7,90.4,4.85,12.11,24.23,48.45,84.36,91.49,131.78,155.52,10.38,20,HIGH,Rabi,MODERATE,MODERATE
DEMO_SYNTHETIC_NOT_FOR_SCIENTIFIC_RESULTS,Maize,Default,30,Germination,Red Soil,0.43,MODERATE,29.7,78.8,0.66,1.65,3.3,6.6,104.95,101.16,104.84,160.56,32.93,4,HIGH,Perennial,MODERATE,MODERATE
DEMO_SYNTHETIC_NOT_FOR_SCIENTIFIC_RESULTS,Chilli,Swarna,99,Ripening,Clay Loam,0.3,GOOD,32.1,57.3,3.9,9.74,19.48,38.97,42.82,33.26,77.29,123.75,21.69,17,MODERATE,Kharif,MILD,HIGH
DEMO_SYNTHETIC_NOT_FOR_SCIENTIFIC_RESULTS,Chilli,Grand Naine,17,Germination,Black Cotton Soil,0.6,GOOD,27.7,63.4,5.01,12.53,25.05,50.11,145.55,66.67,104.99,133.81,25.79,21,HIGH,Rabi,MODERATE,MODERATE
DEMO_SYNTHETIC_NOT_FOR_SCIENTIFIC_RESULTS,Groundnut,BPT 5204,104,Flowering,Black Cotton Soil,0.58,MODERATE,23.5,63.2,5.87,14.68,29.36,58.72,77.13,83.84,93.89,182.21,27.89,14,HIGH,Perennial,MODERATE,MODERATE
DEMO_SYNTHETIC_NOT_FOR_SCIENTIFIC_RESULTS,Chilli,PKM 1,146,Vegetative,Black Cotton Soil,0.54,MODERATE,31.5,59.4,14.27,35.67,71.34,142.69,148.7,81.08,128.77,112.64,3.0,19,HIGH,Perennial,MODERATE,MODERATE
DEMO_SYNTHETIC_NOT_FOR_SCIENTIFIC_RESULTS,Pulses,Grand Naine,24,Germination,Red Soil,0.85,GOOD,24.4,71.4,1.74,4.36,8.72,17.45,71.77,113.8,135.6,165.3,44.57,10,HIGH,Kharif,MODERATE,MODERATE
DEMO_SYNTHETIC_NOT_FOR_SCIENTIFIC_RESULTS,Onion,PKM 1,29,Germination,Sandy Loam,0.35,POOR,31.8,56.8,2.61,6.53,13.06,26.12,102.68,74.78,99.71,171.77,44.46,20,HIGH,Rabi,MODERATE,MODERATE
DEMO_SYNTHETIC_NOT_FOR_SCIENTIFIC_RESULTS,Groundnut,BPT 5204,49,Flowering,Alluvial Soil,0.3,GOOD,35.9,81.8,11.18,27.94,55.88,111.76,144.38,70.81,86.24,105.65,37.38,13,HIGH,Perennial,MODERATE,MODERATE
DEMO_SYNTHETIC_NOT_FOR_SCIENTIFIC_RESULTS,Banana,PKM 1,46,Ripening,Sandy Loam,0.73,MODERATE,22.3,77.3,8.01,20.02,40.05,80.1,158.77,74.84,94.38,131.99,38.81,13,HIGH,Kharif,MODERATE,MODERATE
DEMO_SYNTHETIC_NOT_FOR_SCIENTIFIC_RESULTS,Chilli,Grand Naine,72,Vegetative,Black Cotton Soil,0.66,POOR,32.9,78.8,6.28,15.7,31.4,62.8,88.62,56.82,72.26,156.08,28.99,17,HIGH,Rabi,MODERATE,MODERATE
DEMO_SYNTHETIC_NOT_FOR_SCIENTIFIC_RESULTS,Tomato,Grand Naine,14,Ripening,Sandy Loam,0.64,MODERATE,31.5,74.9,5.36,13.39,26.79,53.58,85.13,54.91,64.18,75.61,1.19,0,HIGH,Rabi,MODERATE,MODERATE
DEMO_SYNTHETIC_NOT_FOR_SCIENTIFIC_RESULTS,Banana,CO 6,116,Germination,Black Cotton Soil,0.46,GOOD,25.8,72.5,9.61,24.02,48.05,96.09,191.09,42.43,70.56,124.04,28.48,20,HIGH,Rabi,MODERATE,MODERATE
DEMO_SYNTHETIC_NOT_FOR_SCIENTIFIC_RESULTS,Paddy,BPT 5204,125,Flowering,Alluvial Soil,0.29,GOOD,34.3,88.0,11.85,29.62,59.25,118.5,128.45,114.05,119.62,156.56,12.35,10,HIGH,Zaid,MODERATE,MODERATE
DEMO_SYNTHETIC_NOT_FOR_SCIENTIFIC_RESULTS,Maize,Grand Naine,53,Vegetative,Red Soil,0.62,POOR,26.8,77.9,4.54,11.35,22.69,45.38,99.91,21.18,55.97,55.87,25.04,1,HIGH,Zaid,MODERATE,MODERATE
DEMO_SYNTHETIC_NOT_FOR_SCIENTIFIC_RESULTS,Groundnut,Default,24,Vegetative,Alluvial Soil,0.45,MODERATE,30.9,69.7,13.08,32.71,65.42,130.85,133.16,49.75,81.69,112.56,6.87,10,HIGH,Kharif,MODERATE,MODERATE
DEMO_SYNTHETIC_NOT_FOR_SCIENTIFIC_RESULTS,Groundnut,Grand Naine,26,Germination,Alluvial Soil,0.65,MODERATE,25.3,54.6,5.39,13.47,26.95,53.89,136.29,1.78,12.16,31.19,3.3,9,HIGH,Kharif,MODERATE,MODERATE
DEMO_SYNTHETIC_NOT_FOR_SCIENTIFIC_RESULTS,Maize,CO 6,21,Germination,Black Cotton Soil,0.34,POOR,32.5,61.2,7.07,17.66,35.33,70.66,126.52,63.26,105.54,114.79,21.91,10,CRITICAL,Kharif,MODERATE,MODERATE
DEMO_SYNTHETIC_NOT_FOR_SCIENTIFIC_RESULTS,Tomato,Swarna,97,Germination,Red Soil,0.18,POOR,31.9,58.8,5.49,13.71,27.43,54.85,105.01,75.83,105.4,119.41,14.18,18,HIGH,Perennial,MODERATE,MODERATE
DEMO_SYNTHETIC_NOT_FOR_SCIENTIFIC_RESULTS,Cotton,Swarna,28,Ripening,Alluvial Soil,0.32,POOR,33.0,56.8,14.86,37.16,74.32,148.64,245.78,88.07,91.6,118.23,4.97,7,CRITICAL,Kharif,MODERATE,MODERATE
DEMO_SYNTHETIC_NOT_FOR_SCIENTIFIC_RESULTS,Maize,PKM 1,40,Ripening,Red Soil,0.36,GOOD,22.5,90.2,14.89,37.23,74.47,148.94,195.24,69.32,115.13,152.17,13.43,8,HIGH,Zaid,MODERATE,MODERATE
DEMO_SYNTHETIC_NOT_FOR_SCIENTIFIC_RESULTS,Sugarcane,Default,33,Germination,Black Cotton Soil,0.7,POOR,35.0,57.7,8.87,22.18,44.37,88.73,166.95,36.8,84.96,58.89,31.8,17,CRITICAL,Rabi,MODERATE,MODERATE
DEMO_SYNTHETIC_NOT_FOR_SCIENTIFIC_RESULTS,Sugarcane,PKM 1,20,Vegetative,Clay Loam,0.52,MODERATE,23.8,72.7,4.09,10.23,20.46,40.92,51.6,101.66,110.24,176.8,0.2,16,MODERATE,Rabi,MILD,HIGH
DEMO_SYNTHETIC_NOT_FOR_SCIENTIFIC_RESULTS,Groundnut,BPT 5204,125,Germination,Alluvial Soil,0.45,POOR,35.6,72.9,5.09,12.72,25.43,50.87,54.85,41.84,85.64,137.47,43.86,4,MODERATE,Kharif,MILD,HIGH
DEMO_SYNTHETIC_NOT_FOR_SCIENTIFIC_RESULTS,Paddy,Grand Naine,44,Ripening,Black Cotton Soil,0.63,GOOD,33.5,92.0,6.48,16.19,32.38,64.77,75.92,54.93,70.43,145.32,2.34,10,HIGH,Zaid,MODERATE,MODERATE
DEMO_SYNTHETIC_NOT_FOR_SCIENTIFIC_RESULTS,Chilli,Grand Naine,149,Ripening,Black Cotton Soil,0.24,MODERATE,27.6,82.6,12.17,30.43,60.85,121.7,211.5,103.9,127.58,183.16,15.74,14,HIGH,Kharif,MODERATE,MODERATE
DEMO_SYNTHETIC_NOT_FOR_SCIENTIFIC_RESULTS,Paddy,PKM 1,118,Germination,Red Soil,0.77,MODERATE,23.1,59.1,9.9,24.75,49.49,98.99,176.77,38.8,71.37,79.05,4.51,13,HIGH,Perennial,MODERATE,MODERATE
DEMO_SYNTHETIC_NOT_FOR_SCIENTIFIC_RESULTS,Cotton,Default,119,Germination,Sandy Loam,0.4,MODERATE,28.8,51.3,7.68,19.2,38.41,76.82,89.12,5.76,16.48,80.69,3.35,5,HIGH,Zaid,MODERATE,MODERATE
DEMO_SYNTHETIC_NOT_FOR_SCIENTIFIC_RESULTS,Tomato,Swarna,48,Vegetative,Black Cotton Soil,0.54,MODERATE,28.8,82.9,6.19,15.47,30.94,61.88,84.56,12.27,15.26,60.45,31.44,18,HIGH,Zaid,MODERATE,MODERATE
DEMO_SYNTHETIC_NOT_FOR_SCIENTIFIC_RESULTS,Tomato,Swarna,133,Vegetative,Sandy Loam,0.47,MODERATE,30.3,54.2,5.16,12.89,25.79,51.58,68.19,65.47,77.3,116.94,35.68,10,HIGH,Rabi,MODERATE,MODERATE
DEMO_SYNTHETIC_NOT_FOR_SCIENTIFIC_RESULTS,Sugarcane,PKM 1,123,Flowering,Alluvial Soil,0.21,GOOD,30.6,57.0,10.11,25.28,50.56,101.13,138.53,64.03,77.62,156.26,30.16,19,HIGH,Rabi,MODERATE,MODERATE
DEMO_SYNTHETIC_NOT_FOR_SCIENTIFIC_RESULTS,Cotton,BPT 5204,81,Germination,Clay Loam,0.6,POOR,33.3,54.6,3.67,9.17,18.34,36.68,106.22,52.36,53.52,80.24,13.35,0,HIGH,Rabi,MODERATE,MODERATE
DEMO_SYNTHETIC_NOT_FOR_SCIENTIFIC_RESULTS,Onion,CO 6,87,Flowering,Sandy Loam,0.35,MODERATE,30.3,53.3,13.75,34.38,68.77,137.54,168.36,105.79,145.97,136.8,37.35,18,HIGH,Rabi,MODERATE,MODERATE
DEMO_SYNTHETIC_NOT_FOR_SCIENTIFIC_RESULTS,Chilli,CO 6,74,Ripening,Alluvial Soil,0.51,MODERATE,25.7,67.6,10.09,25.23,50.47,100.94,121.58,33.02,51.26,62.05,11.4,10,HIGH,Zaid,MODERATE,MODERATE
DEMO_SYNTHETIC_NOT_FOR_SCIENTIFIC_RESULTS,Onion,BPT 5204,145,Germination,Sandy Loam,0.52,POOR,29.5,74.2,8.37,20.92,41.84,83.67,129.06,11.76,50.75,84.75,25.22,2,CRITICAL,Perennial,MODERATE,MODERATE
DEMO_SYNTHETIC_NOT_FOR_SCIENTIFIC_RESULTS,Onion,BPT 5204,99,Vegetative,Sandy Loam,0.6,GOOD,31.5,69.4,6.65,16.61,33.23,66.45,158.89,62.57,76.55,87.96,8.73,2,HIGH,Kharif,MODERATE,MODERATE
DEMO_SYNTHETIC_NOT_FOR_SCIENTIFIC_RESULTS,Groundnut,PKM 1,74,Vegetative,Clay Loam,0.47,POOR,30.3,55.1,10.53,26.33,52.66,105.31,118.0,93.85,140.8,184.03,7.6,22,HIGH,Perennial,MODERATE,MODERATE
DEMO_SYNTHETIC_NOT_FOR_SCIENTIFIC_RESULTS,Sugarcane,BPT 5204,146,Vegetative,Black Cotton Soil,0.38,POOR,26.3,66.3,14.75,36.87,73.74,147.48,152.71,37.37,54.66,58.39,41.37,23,CRITICAL,Rabi,MODERATE,MODERATE
DEMO_SYNTHETIC_NOT_FOR_SCIENTIFIC_RESULTS,Maize,BPT 5204,15,Flowering,Sandy Loam,0.17,POOR,23.0,62.9,13.95,34.88,69.77,139.54,202.15,62.97,82.35,161.1,41.38,10,CRITICAL,Perennial,MODERATE,MODERATE
DEMO_SYNTHETIC_NOT_FOR_SCIENTIFIC_RESULTS,Tomato,Swarna,77,Flowering,Black Cotton Soil,0.38,POOR,31.2,92.4,2.79,6.99,13.97,27.95,48.64,28.47,55.89,118.58,25.78,4,MODERATE,Kharif,MILD,HIGH
DEMO_SYNTHETIC_NOT_FOR_SCIENTIFIC_RESULTS,Chilli,Grand Naine,36,Flowering,Red Soil,0.35,POOR,32.1,56.3,8.23,20.57,41.13,82.26,103.26,86.36,88.94,157.96,24.22,0,HIGH,Rabi,MODERATE,MODERATE
DEMO_SYNTHETIC_NOT_FOR_SCIENTIFIC_RESULTS,Tomato,PKM 1,101,Flowering,Black Cotton Soil,0.32,GOOD,27.9,79.0,10.0,24.99,49.98,99.96,110.94,17.49,33.95,74.63,9.03,2,HIGH,Kharif,MODERATE,MODERATE
DEMO_SYNTHETIC_NOT_FOR_SCIENTIFIC_RESULTS,Tomato,CO 6,80,Vegetative,Black Cotton Soil,0.78,GOOD,24.1,59.3,14.59,36.49,72.97,145.95,161.51,15.1,55.73,81.38,22.44,24,HIGH,Rabi,MODERATE,MODERATE
DEMO_SYNTHETIC_NOT_FOR_SCIENTIFIC_RESULTS,Onion,PKM 1,46,Vegetative,Red Soil,0.58,POOR,23.6,81.4,14.0,35.01,70.02,140.04,220.84,12.38,61.92,43.84,31.27,2,CRITICAL,Kharif,MODERATE,MODERATE
DEMO_SYNTHETIC_NOT_FOR_SCIENTIFIC_RESULTS,Groundnut,BPT 5204,93,Vegetative,Red Soil,0.47,POOR,28.7,55.9,6.0,15.0,30.0,60.01,102.43,117.99,153.56,214.74,42.7,16,HIGH,Kharif,MODERATE,MODERATE
DEMO_SYNTHETIC_NOT_FOR_SCIENTIFIC_RESULTS,Paddy,Swarna,101,Ripening,Sandy Loam,0.43,MODERATE,28.3,77.6,14.79,36.97,73.94,147.88,159.86,109.25,128.83,197.23,14.6,6,HIGH,Zaid,MODERATE,MODERATE
DEMO_SYNTHETIC_NOT_FOR_SCIENTIFIC_RESULTS,Groundnut,Swarna,37,Germination,Alluvial Soil,0.82,GOOD,22.7,69.5,8.86,22.14,44.28,88.56,107.28,118.88,141.81,215.26,10.52,7,HIGH,Kharif,MODERATE,MODERATE
DEMO_SYNTHETIC_NOT_FOR_SCIENTIFIC_RESULTS,Tomato,BPT 5204,31,Vegetative,Red Soil,0.43,GOOD,31.5,51.8,9.51,23.77,47.53,95.06,160.74,71.71,86.56,126.72,36.71,0,HIGH,Kharif,MODERATE,MODERATE
DEMO_SYNTHETIC_NOT_FOR_SCIENTIFIC_RESULTS,Chilli,PKM 1,133,Ripening,Sandy Loam,0.2,MODERATE,26.4,86.6,9.59,23.97,47.94,95.87,159.38,11.74,19.49,62.1,29.04,11,HIGH,Zaid,MODERATE,MODERATE
DEMO_SYNTHETIC_NOT_FOR_SCIENTIFIC_RESULTS,Tomato,Default,52,Ripening,Clay Loam,0.75,GOOD,34.8,62.4,9.59,23.97,47.95,95.89,129.56,2.26,21.24,41.99,1.6,8,HIGH,Kharif,MODERATE,MODERATE
DEMO_SYNTHETIC_NOT_FOR_SCIENTIFIC_RESULTS,Cotton,BPT 5204,90,Germination,Black Cotton Soil,0.47,MODERATE,33.3,74.9,12.39,30.98,61.97,123.93,172.93,26.36,29.14,92.67,3.61,21,HIGH,Perennial,MODERATE,MODERATE
DEMO_SYNTHETIC_NOT_FOR_SCIENTIFIC_RESULTS,Sugarcane,Grand Naine,31,Vegetative,Alluvial Soil,0.58,MODERATE,28.4,75.8,0.37,0.92,1.84,3.68,98.42,115.54,119.47,143.76,42.84,6,HIGH,Zaid,MODERATE,MODERATE
DEMO_SYNTHETIC_NOT_FOR_SCIENTIFIC_RESULTS,Banana,Grand Naine,126,Ripening,Black Cotton Soil,0.75,MODERATE,35.0,60.8,9.04,22.6,45.2,90.39,127.4,108.54,142.84,162.87,39.58,16,HIGH,Perennial,MODERATE,MODERATE
DEMO_SYNTHETIC_NOT_FOR_SCIENTIFIC_RESULTS,Sugarcane,Default,127,Ripening,Black Cotton Soil,0.3,GOOD,32.0,66.9,11.6,29.01,58.02,116.04,128.42,18.2,29.51,84.51,32.65,10,HIGH,Kharif,MODERATE,MODERATE
DEMO_SYNTHETIC_NOT_FOR_SCIENTIFIC_RESULTS,Banana,PKM 1,101,Vegetative,Clay Loam,0.58,MODERATE,23.1,59.8,11.41,28.52,57.03,114.06,182.09,81.55,120.54,105.93,11.34,13,HIGH,Rabi,MODERATE,MODERATE
DEMO_SYNTHETIC_NOT_FOR_SCIENTIFIC_RESULTS,Cotton,Default,36,Germination,Sandy Loam,0.2,MODERATE,29.2,88.1,10.22,25.54,51.09,102.17,199.78,83.51,97.56,149.39,11.63,21,HIGH,Perennial,MODERATE,MODERATE
DEMO_SYNTHETIC_NOT_FOR_SCIENTIFIC_RESULTS,Tomato,PKM 1,29,Vegetative,Sandy Loam,0.41,MODERATE,35.8,59.5,3.62,9.04,18.09,36.18,120.26,48.91,90.33,119.53,35.77,15,HIGH,Perennial,MODERATE,MODERATE
DEMO_SYNTHETIC_NOT_FOR_SCIENTIFIC_RESULTS,Pulses,CO 6,113,Germination,Black Cotton Soil,0.32,POOR,26.4,94.7,4.1,10.24,20.48,40.96,46.83,63.92,105.91,138.6,23.73,5,MODERATE,Rabi,MILD,HIGH
DEMO_SYNTHETIC_NOT_FOR_SCIENTIFIC_RESULTS,Tomato,BPT 5204,67,Vegetative,Black Cotton Soil,0.6,MODERATE,26.9,92.3,8.37,20.91,41.83,83.66,138.21,89.96,111.86,161.61,1.96,13,HIGH,Rabi,MODERATE,MODERATE
DEMO_SYNTHETIC_NOT_FOR_SCIENTIFIC_RESULTS,Banana,Grand Naine,68,Vegetative,Sandy Loam,0.16,GOOD,32.0,57.6,12.66,31.66,63.31,126.62,204.68,21.64,47.77,92.09,33.4,0,HIGH,Rabi,MODERATE,MODERATE
DEMO_SYNTHETIC_NOT_FOR_SCIENTIFIC_RESULTS,Maize,CO 6,73,Ripening,Red Soil,0.73,GOOD,23.0,85.6,4.07,10.18,20.35,40.7,87.44,42.71,57.8,104.1,7.38,3,HIGH,Kharif,MODERATE,MODERATE
DEMO_SYNTHETIC_NOT_FOR_SCIENTIFIC_RESULTS,Tomato,BPT 5204,83,Germination,Clay Loam,0.53,MODERATE,34.2,68.4,4.47,11.18,22.36,44.73,113.85,103.62,125.77,150.46,28.34,16,HIGH,Perennial,MODERATE,MODERATE
DEMO_SYNTHETIC_NOT_FOR_SCIENTIFIC_RESULTS,Cotton,CO 6,94,Flowering,Black Cotton Soil,0.22,GOOD,22.6,53.6,7.67,19.17,38.34,76.69,94.79,49.19,57.85,83.09,32.59,20,HIGH,Zaid,MODERATE,MODERATE
DEMO_SYNTHETIC_NOT_FOR_SCIENTIFIC_RESULTS,Tomato,Swarna,141,Flowering,Clay Loam,0.55,MODERATE,32.0,54.4,11.03,27.58,55.16,110.31,171.3,3.65,35.3,92.99,12.58,6,HIGH,Rabi,MODERATE,MODERATE
DEMO_SYNTHETIC_NOT_FOR_SCIENTIFIC_RESULTS,Sugarcane,BPT 5204,57,Flowering,Black Cotton Soil,0.29,POOR,24.8,92.7,8.41,21.02,42.05,84.09,97.28,12.21,12.25,56.99,23.26,16,HIGH,Kharif,MODERATE,MODERATE
DEMO_SYNTHETIC_NOT_FOR_SCIENTIFIC_RESULTS,Banana,PKM 1,49,Flowering,Alluvial Soil,0.49,GOOD,25.2,84.3,7.61,19.03,38.06,76.12,169.77,93.76,138.52,136.53,3.64,11,HIGH,Rabi,MODERATE,MODERATE
DEMO_SYNTHETIC_NOT_FOR_SCIENTIFIC_RESULTS,Onion,CO 6,106,Flowering,Sandy Loam,0.34,MODERATE,35.9,76.5,9.68,24.2,48.39,96.78,121.72,102.98,127.27,154.84,18.56,6,HIGH,Perennial,MODERATE,MODERATE
DEMO_SYNTHETIC_NOT_FOR_SCIENTIFIC_RESULTS,Banana,Grand Naine,75,Flowering,Black Cotton Soil,0.58,MODERATE,29.0,94.2,5.21,13.03,26.05,52.1,135.15,107.29,116.05,205.18,44.58,13,HIGH,Rabi,MODERATE,MODERATE
DEMO_SYNTHETIC_NOT_FOR_SCIENTIFIC_RESULTS,Cotton,Swarna,69,Vegetative,Black Cotton Soil,0.26,POOR,23.1,94.9,0.32,0.81,1.61,3.23,54.51,53.08,72.83,107.02,15.04,8,MODERATE,Rabi,MILD,HIGH
DEMO_SYNTHETIC_NOT_FOR_SCIENTIFIC_RESULTS,Tomato,PKM 1,113,Germination,Red Soil,0.38,MODERATE,25.1,73.9,8.54,21.36,42.73,85.45,124.34,101.6,142.04,151.57,43.7,18,HIGH,Kharif,MODERATE,MODERATE
DEMO_SYNTHETIC_NOT_FOR_SCIENTIFIC_RESULTS,Pulses,BPT 5204,55,Vegetative,Black Cotton Soil,0.4,GOOD,23.9,57.5,4.36,10.9,21.81,43.62,107.7,22.76,35.43,122.37,12.0,6,HIGH,Rabi,MODERATE,MODERATE
DEMO_SYNTHETIC_NOT_FOR_SCIENTIFIC_RESULTS,Sugarcane,Grand Naine,66,Vegetative,Alluvial Soil,0.16,GOOD,33.7,68.7,13.99,34.97,69.94,139.88,192.04,64.71,107.37,130.34,41.81,20,HIGH,Perennial,MODERATE,MODERATE
DEMO_SYNTHETIC_NOT_FOR_SCIENTIFIC_RESULTS,Cotton,PKM 1,12,Flowering,Clay Loam,0.7,POOR,34.4,62.5,4.35,10.89,21.77,43.55,48.11,68.76,76.77,146.61,19.42,5,MODERATE,Rabi,MILD,HIGH
DEMO_SYNTHETIC_NOT_FOR_SCIENTIFIC_RESULTS,Pulses,Grand Naine,130,Flowering,Alluvial Soil,0.32,POOR,35.6,64.3,0.05,0.12,0.23,0.46,61.86,64.41,88.66,154.34,41.37,4,HIGH,Perennial,MODERATE,MODERATE
DEMO_SYNTHETIC_NOT_FOR_SCIENTIFIC_RESULTS,Chilli,PKM 1,47,Flowering,Alluvial Soil,0.42,POOR,30.5,85.9,8.7,21.75,43.51,87.02,170.12,118.63,150.04,213.02,3.41,2,CRITICAL,Perennial,SEVERE,LOW
DEMO_SYNTHETIC_NOT_FOR_SCIENTIFIC_RESULTS,Tomato,Grand Naine,47,Ripening,Sandy Loam,0.27,POOR,33.8,61.6,0.72,1.81,3.62,7.23,69.44,92.74,126.93,178.94,34.57,21,HIGH,Kharif,MODERATE,MODERATE
DEMO_SYNTHETIC_NOT_FOR_SCIENTIFIC_RESULTS,Maize,Swarna,53,Flowering,Sandy Loam,0.48,MODERATE,33.0,56.4,10.27,25.68,51.37,102.73,144.57,77.11,106.34,153.59,2.82,3,HIGH,Rabi,MODERATE,MODERATE
DEMO_SYNTHETIC_NOT_FOR_SCIENTIFIC_RESULTS,Paddy,Default,117,Germination,Red Soil,0.65,POOR,29.1,66.8,11.07,27.67,55.34,110.69,171.56,9.85,45.77,99.57,37.78,24,CRITICAL,Perennial,MODERATE,MODERATE
DEMO_SYNTHETIC_NOT_FOR_SCIENTIFIC_RESULTS,Tomato,CO 6,34,Germination,Clay Loam,0.66,GOOD,33.1,67.4,10.96,27.4,54.8,109.61,175.25,13.69,47.36,104.63,28.83,11,HIGH,Kharif,MODERATE,MODERATE
DEMO_SYNTHETIC_NOT_FOR_SCIENTIFIC_RESULTS,Pulses,BPT 5204,115,Ripening,Red Soil,0.64,POOR,35.0,64.9,1.4,3.5,7.0,14.01,87.83,39.42,59.06,124.4,24.51,0,HIGH,Rabi,MODERATE,MODERATE
DEMO_SYNTHETIC_NOT_FOR_SCIENTIFIC_RESULTS,Chilli,Grand Naine,44,Ripening,Black Cotton Soil,0.26,POOR,25.6,64.9,6.39,15.98,31.96,63.92,97.59,23.3,43.89,80.12,34.62,2,HIGH,Perennial,MODERATE,MODERATE
DEMO_SYNTHETIC_NOT_FOR_SCIENTIFIC_RESULTS,Pulses,Grand Naine,86,Germination,Black Cotton Soil,0.59,POOR,30.5,69.6,7.24,18.09,36.19,72.37,168.14,65.49,96.39,109.91,3.15,20,CRITICAL,Perennial,MODERATE,MODERATE
DEMO_SYNTHETIC_NOT_FOR_SCIENTIFIC_RESULTS,Pulses,BPT 5204,14,Ripening,Sandy Loam,0.32,POOR,31.3,58.0,10.98,27.45,54.91,109.81,128.45,81.61,131.03,146.94,26.77,12,CRITICAL,Rabi,MODERATE,MODERATE
DEMO_SYNTHETIC_NOT_FOR_SCIENTIFIC_RESULTS,Chilli,BPT 5204,127,Ripening,Red Soil,0.51,MODERATE,29.7,62.6,5.16,12.9,25.8,51.6,109.6,112.7,126.3,175.79,34.69,5,HIGH,Kharif,MODERATE,MODERATE
DEMO_SYNTHETIC_NOT_FOR_SCIENTIFIC_RESULTS,Tomato,Swarna,77,Vegetative,Clay Loam,0.61,GOOD,35.7,56.4,0.92,2.3,4.6,9.2,87.93,81.01,100.58,135.77,33.38,2,HIGH,Rabi,MODERATE,MODERATE
DEMO_SYNTHETIC_NOT_FOR_SCIENTIFIC_RESULTS,Pulses,Default,136,Flowering,Red Soil,0.74,GOOD,31.8,87.0,8.91,22.28,44.55,89.11,158.67,66.64,105.52,134.64,3.12,3,HIGH,Perennial,MODERATE,MODERATE
DEMO_SYNTHETIC_NOT_FOR_SCIENTIFIC_RESULTS,Tomato,Grand Naine,113,Flowering,Clay Loam,0.57,GOOD,26.9,68.0,13.49,33.73,67.45,134.91,189.0,15.48,58.74,49.27,24.49,4,HIGH,Kharif,MODERATE,MODERATE
DEMO_SYNTHETIC_NOT_FOR_SCIENTIFIC_RESULTS,Tomato,Default,115,Vegetative,Sandy Loam,0.25,GOOD,32.4,89.1,14.96,37.41,74.81,149.63,210.49,44.84,74.94,99.89,2.58,17,HIGH,Perennial,MODERATE,MODERATE
DEMO_SYNTHETIC_NOT_FOR_SCIENTIFIC_RESULTS,Groundnut,Swarna,82,Flowering,Clay Loam,0.29,MODERATE,34.4,68.8,4.74,11.85,23.7,47.39,146.76,88.44,116.49,184.6,27.43,18,HIGH,Perennial,MODERATE,MODERATE
DEMO_SYNTHETIC_NOT_FOR_SCIENTIFIC_RESULTS,Maize,Grand Naine,113,Germination,Alluvial Soil,0.35,GOOD,22.8,80.0,8.47,21.16,42.33,84.66,179.92,30.8,36.17,102.5,32.63,12,HIGH,Zaid,MODERATE,MODERATE
DEMO_SYNTHETIC_NOT_FOR_SCIENTIFIC_RESULTS,Banana,CO 6,63,Vegetative,Black Cotton Soil,0.52,MODERATE,31.5,73.0,9.92,24.81,49.62,99.23,135.31,105.31,107.92,139.56,19.83,21,HIGH,Perennial,MODERATE,MODERATE
DEMO_SYNTHETIC_NOT_FOR_SCIENTIFIC_RESULTS,Cotton,Swarna,100,Ripening,Clay Loam,0.15,MODERATE,30.9,72.3,7.54,18.85,37.7,75.41,96.88,102.55,104.23,149.13,13.47,11,HIGH,Zaid,MODERATE,MODERATE
DEMO_SYNTHETIC_NOT_FOR_SCIENTIFIC_RESULTS,Paddy,Default,124,Flowering,Red Soil,0.68,POOR,29.5,71.1,13.61,34.02,68.05,136.1,216.81,64.07,82.56,150.7,43.63,13,CRITICAL,Kharif,MODERATE,MODERATE
DEMO_SYNTHETIC_NOT_FOR_SCIENTIFIC_RESULTS,Sugarcane,CO 6,57,Flowering,Sandy Loam,0.85,POOR,22.3,79.8,5.89,14.72,29.45,58.89,152.41,18.07,32.28,78.72,38.75,11,CRITICAL,Rabi,MODERATE,MODERATE
DEMO_SYNTHETIC_NOT_FOR_SCIENTIFIC_RESULTS,Banana,BPT 5204,128,Vegetative,Alluvial Soil,0.39,GOOD,26.9,61.9,2.93,7.32,14.64,29.29,42.25,82.08,116.56,128.18,15.51,3,MODERATE,Rabi,MILD,HIGH
DEMO_SYNTHETIC_NOT_FOR_SCIENTIFIC_RESULTS,Pulses,BPT 5204,105,Flowering,Alluvial Soil,0.27,POOR,32.6,86.0,10.47,26.18,52.37,104.74,171.37,0.53,39.48,69.23,37.94,13,CRITICAL,Kharif,MODERATE,MODERATE
DEMO_SYNTHETIC_NOT_FOR_SCIENTIFIC_RESULTS,Tomato,Grand Naine,126,Germination,Red Soil,0.78,GOOD,23.8,75.9,11.28,28.2,56.4,112.8,205.43,15.16,32.37,107.98,34.97,5,HIGH,Rabi,MODERATE,MODERATE
DEMO_SYNTHETIC_NOT_FOR_SCIENTIFIC_RESULTS,Paddy,Swarna,95,Ripening,Alluvial Soil,0.67,MODERATE,22.4,68.3,6.17,15.42,30.84,61.69,91.46,68.95,71.44,143.45,10.39,1,HIGH,Perennial,MODERATE,MODERATE
DEMO_SYNTHETIC_NOT_FOR_SCIENTIFIC_RESULTS,Groundnut,CO 6,59,Ripening,Clay Loam,0.27,MODERATE,33.2,55.5,8.51,21.27,42.55,85.1,139.33,12.34,50.17,76.05,14.13,22,HIGH,Zaid,MODERATE,MODERATE
DEMO_SYNTHETIC_NOT_FOR_SCIENTIFIC_RESULTS,Onion,BPT 5204,51,Vegetative,Clay Loam,0.53,GOOD,30.2,76.1,12.79,31.96,63.93,127.86,201.56,39.75,47.65,110.7,18.55,12,HIGH,Rabi,MODERATE,MODERATE
DEMO_SYNTHETIC_NOT_FOR_SCIENTIFIC_RESULTS,Maize,Default,97,Vegetative,Sandy Loam,0.4,POOR,32.7,72.2,11.1,27.74,55.48,110.97,190.35,46.0,91.43,125.55,38.77,13,CRITICAL,Zaid,MODERATE,MODERATE
DEMO_SYNTHETIC_NOT_FOR_SCIENTIFIC_RESULTS,Onion,PKM 1,63,Ripening,Clay Loam,0.22,POOR,35.2,82.6,14.09,35.23,70.47,140.94,214.47,94.55,119.5,137.0,15.41,7,CRITICAL,Zaid,MODERATE,MODERATE
DEMO_SYNTHETIC_NOT_FOR_SCIENTIFIC_RESULTS,Onion,Grand Naine,76,Vegetative,Clay Loam,0.71,GOOD,31.7,51.8,14.52,36.3,72.59,145.18,157.71,94.67,109.97,137.94,38.77,3,HIGH,Kharif,MODERATE,MODERATE
DEMO_SYNTHETIC_NOT_FOR_SCIENTIFIC_RESULTS,Paddy,Grand Naine,11,Germination,Clay Loam,0.7,GOOD,33.3,71.0,6.52,16.3,32.6,65.21,80.09,10.47,54.32,95.54,4.87,12,HIGH,Zaid,MODERATE,MODERATE
DEMO_SYNTHETIC_NOT_FOR_SCIENTIFIC_RESULTS,Sugarcane,Swarna,111,Ripening,Clay Loam,0.68,MODERATE,29.7,65.4,12.02,30.04,60.09,120.17,156.11,57.81,107.76,112.01,10.23,9,HIGH,Rabi,MODERATE,MODERATE
DEMO_SYNTHETIC_NOT_FOR_SCIENTIFIC_RESULTS,Banana,Grand Naine,121,Vegetative,Clay Loam,0.37,MODERATE,34.5,54.4,5.85,14.63,29.25,58.51,112.9,12.3,50.12,111.3,19.09,2,HIGH,Perennial,MODERATE,MODERATE
DEMO_SYNTHETIC_NOT_FOR_SCIENTIFIC_RESULTS,Cotton,Default,144,Ripening,Alluvial Soil,0.27,POOR,26.0,86.8,12.63,31.57,63.13,126.27,148.9,77.81,105.74,98.82,11.96,13,CRITICAL,Zaid,MODERATE,MODERATE
DEMO_SYNTHETIC_NOT_FOR_SCIENTIFIC_RESULTS,Cotton,CO 6,59,Vegetative,Alluvial Soil,0.36,MODERATE,29.8,64.1,10.4,26.01,52.02,104.04,175.41,11.83,36.45,58.01,31.35,24,HIGH,Rabi,MODERATE,MODERATE
DEMO_SYNTHETIC_NOT_FOR_SCIENTIFIC_RESULTS,Onion,Swarna,131,Flowering,Alluvial Soil,0.49,MODERATE,23.7,59.5,1.56,3.9,7.79,15.58,22.77,78.79,121.14,140.55,11.34,10,MODERATE,Zaid,MILD,HIGH
DEMO_SYNTHETIC_NOT_FOR_SCIENTIFIC_RESULTS,Cotton,CO 6,18,Ripening,Red Soil,0.48,MODERATE,30.5,78.4,4.87,12.18,24.36,48.72,68.76,23.77,39.7,113.57,19.76,0,HIGH,Perennial,MODERATE,MODERATE
DEMO_SYNTHETIC_NOT_FOR_SCIENTIFIC_RESULTS,Maize,Default,83,Ripening,Red Soil,0.66,GOOD,25.6,77.0,0.01,0.02,0.04,0.07,27.02,12.17,24.61,45.71,32.39,14,MODERATE,Perennial,MILD,HIGH
DEMO_SYNTHETIC_NOT_FOR_SCIENTIFIC_RESULTS,Paddy,BPT 5204,142,Germination,Black Cotton Soil,0.24,POOR,29.8,77.7,0.56,1.4,2.8,5.6,37.04,17.12,39.23,86.0,17.19,22,MODERATE,Rabi,MILD,HIGH
DEMO_SYNTHETIC_NOT_FOR_SCIENTIFIC_RESULTS,Cotton,PKM 1,95,Ripening,Alluvial Soil,0.71,POOR,30.6,56.7,4.33,10.81,21.63,43.26,110.57,48.49,60.68,79.83,17.05,16,HIGH,Kharif,MODERATE,MODERATE
DEMO_SYNTHETIC_NOT_FOR_SCIENTIFIC_RESULTS,Onion,Swarna,35,Vegetative,Red Soil,0.6,GOOD,28.5,52.0,12.17,30.42,60.84,121.68,195.88,59.38,91.39,121.82,13.79,21,HIGH,Kharif,MODERATE,MODERATE
DEMO_SYNTHETIC_NOT_FOR_SCIENTIFIC_RESULTS,Cotton,Grand Naine,138,Vegetative,Sandy Loam,0.4,GOOD,22.5,93.4,7.22,18.05,36.09,72.18,116.98,47.79,63.84,139.19,26.16,12,HIGH,Rabi,MODERATE,MODERATE
DEMO_SYNTHETIC_NOT_FOR_SCIENTIFIC_RESULTS,Groundnut,BPT 5204,105,Vegetative,Clay Loam,0.81,MODERATE,33.9,85.3,2.03,5.08,10.15,20.3,92.08,110.98,122.49,150.94,7.34,8,HIGH,Kharif,MODERATE,MODERATE
DEMO_SYNTHETIC_NOT_FOR_SCIENTIFIC_RESULTS,Banana,Default,31,Ripening,Sandy Loam,0.78,GOOD,24.6,78.8,3.41,8.52,17.04,34.07,74.34,42.67,87.74,135.07,32.5,21,HIGH,Perennial,MODERATE,MODERATE
DEMO_SYNTHETIC_NOT_FOR_SCIENTIFIC_RESULTS,Cotton,BPT 5204,36,Germination,Red Soil,0.39,MODERATE,24.2,56.4,4.86,12.15,24.3,48.59,60.52,48.23,90.26,104.3,5.59,17,HIGH,Rabi,MODERATE,MODERATE
DEMO_SYNTHETIC_NOT_FOR_SCIENTIFIC_RESULTS,Paddy,BPT 5204,125,Flowering,Sandy Loam,0.26,MODERATE,26.9,86.9,12.66,31.66,63.32,126.64,202.84,9.23,15.94,47.31,34.13,22,HIGH,Kharif,MODERATE,MODERATE
DEMO_SYNTHETIC_NOT_FOR_SCIENTIFIC_RESULTS,Pulses,Swarna,144,Vegetative,Alluvial Soil,0.45,MODERATE,27.4,91.3,6.84,17.11,34.21,68.42,150.26,6.41,46.33,85.89,33.05,9,HIGH,Kharif,MODERATE,MODERATE
DEMO_SYNTHETIC_NOT_FOR_SCIENTIFIC_RESULTS,Paddy,Default,75,Vegetative,Black Cotton Soil,0.57,GOOD,22.5,71.8,8.57,21.43,42.87,85.74,125.27,27.1,74.44,108.2,18.21,21,HIGH,Zaid,MODERATE,MODERATE
DEMO_SYNTHETIC_NOT_FOR_SCIENTIFIC_RESULTS,Paddy,BPT 5204,133,Flowering,Clay Loam,0.3,MODERATE,25.2,51.7,7.99,19.98,39.97,79.94,160.65,111.72,157.21,145.05,21.33,14,HIGH,Kharif,MODERATE,MODERATE
DEMO_SYNTHETIC_NOT_FOR_SCIENTIFIC_RESULTS,Onion,Default,17,Vegetative,Black Cotton Soil,0.4,MODERATE,22.3,56.2,5.64,14.11,28.21,56.43,113.93,5.23,39.62,73.24,29.39,0,HIGH,Rabi,MODERATE,MODERATE
DEMO_SYNTHETIC_NOT_FOR_SCIENTIFIC_RESULTS,Groundnut,Default,39,Germination,Black Cotton Soil,0.84,MODERATE,32.9,87.6,6.11,15.28,30.56,61.12,74.69,39.79,57.67,122.44,4.74,24,HIGH,Kharif,MODERATE,MODERATE
DEMO_SYNTHETIC_NOT_FOR_SCIENTIFIC_RESULTS,Paddy,Default,115,Vegetative,Red Soil,0.18,MODERATE,30.5,92.7,12.57,31.42,62.84,125.67,197.89,101.77,143.64,194.47,19.15,18,HIGH,Perennial,MODERATE,MODERATE
DEMO_SYNTHETIC_NOT_FOR_SCIENTIFIC_RESULTS,Pulses,Swarna,54,Ripening,Alluvial Soil,0.84,MODERATE,32.9,81.7,12.81,32.02,64.04,128.08,134.32,107.41,136.85,164.21,0.18,22,HIGH,Rabi,MODERATE,MODERATE
DEMO_SYNTHETIC_NOT_FOR_SCIENTIFIC_RESULTS,Banana,PKM 1,116,Vegetative,Black Cotton Soil,0.84,GOOD,28.6,64.1,7.52,18.8,37.61,75.22,107.31,28.22,57.8,87.76,2.54,8,HIGH,Kharif,MODERATE,MODERATE
DEMO_SYNTHETIC_NOT_FOR_SCIENTIFIC_RESULTS,Sugarcane,Default,103,Ripening,Sandy Loam,0.59,GOOD,32.1,78.1,12.53,31.32,62.63,125.26,156.06,52.9,54.64,112.55,44.93,13,HIGH,Zaid,MODERATE,MODERATE
DEMO_SYNTHETIC_NOT_FOR_SCIENTIFIC_RESULTS,Banana,Swarna,82,Germination,Sandy Loam,0.2,MODERATE,35.4,62.5,3.06,7.66,15.31,30.63,119.23,101.79,105.25,175.82,22.82,2,HIGH,Rabi,MODERATE,MODERATE
DEMO_SYNTHETIC_NOT_FOR_SCIENTIFIC_RESULTS,Paddy,Default,58,Flowering,Red Soil,0.77,POOR,22.9,69.5,9.33,23.33,46.66,93.31,117.98,100.93,121.29,124.39,12.34,18,HIGH,Kharif,MODERATE,MODERATE
DEMO_SYNTHETIC_NOT_FOR_SCIENTIFIC_RESULTS,Tomato,Grand Naine,12,Ripening,Red Soil,0.85,GOOD,29.3,70.5,1.48,3.71,7.42,14.83,86.89,48.85,96.61,127.78,41.82,7,HIGH,Perennial,MODERATE,MODERATE
DEMO_SYNTHETIC_NOT_FOR_SCIENTIFIC_RESULTS,Tomato,CO 6,67,Germination,Alluvial Soil,0.65,POOR,22.1,94.0,14.17,35.43,70.86,141.72,169.06,61.54,81.22,160.02,36.89,16,CRITICAL,Perennial,SEVERE,LOW
DEMO_SYNTHETIC_NOT_FOR_SCIENTIFIC_RESULTS,Cotton,PKM 1,72,Flowering,Alluvial Soil,0.76,POOR,25.8,90.4,1.99,4.97,9.95,19.9,65.05,0.1,7.5,89.93,38.96,16,HIGH,Perennial,MODERATE,MODERATE
DEMO_SYNTHETIC_NOT_FOR_SCIENTIFIC_RESULTS,Tomato,Swarna,61,Vegetative,Clay Loam,0.71,MODERATE,27.5,87.7,13.88,34.7,69.39,138.79,184.12,9.04,29.88,64.59,25.32,13,HIGH,Perennial,MODERATE,MODERATE
DEMO_SYNTHETIC_NOT_FOR_SCIENTIFIC_RESULTS,Groundnut,PKM 1,82,Flowering,Sandy Loam,0.69,MODERATE,27.0,90.7,14.42,36.06,72.12,144.24,162.89,101.84,134.13,165.01,8.78,8,HIGH,Perennial,MODERATE,MODERATE
DEMO_SYNTHETIC_NOT_FOR_SCIENTIFIC_RESULTS,Sugarcane,PKM 1,41,Ripening,Red Soil,0.47,GOOD,29.5,74.8,1.98,4.95,9.89,19.79,112.12,5.09,37.72,30.69,40.24,19,HIGH,Kharif,MODERATE,MODERATE
DEMO_SYNTHETIC_NOT_FOR_SCIENTIFIC_RESULTS,Sugarcane,Default,141,Ripening,Black Cotton Soil,0.24,GOOD,27.6,84.3,10.51,26.27,52.55,105.09,180.67,63.09,72.01,111.44,40.38,0,HIGH,Zaid,MODERATE,MODERATE
DEMO_SYNTHETIC_NOT_FOR_SCIENTIFIC_RESULTS,Tomato,CO 6,19,Flowering,Alluvial Soil,0.7,MODERATE,32.1,86.6,8.31,20.78,41.55,83.11,84.58,3.9,5.54,27.22,35.65,2,HIGH,Kharif,MODERATE,MODERATE
DEMO_SYNTHETIC_NOT_FOR_SCIENTIFIC_RESULTS,Onion,CO 6,38,Ripening,Black Cotton Soil,0.58,MODERATE,22.5,72.5,3.93,9.83,19.66,39.32,44.18,119.51,167.92,153.87,37.22,21,MODERATE,Rabi,MILD,HIGH
DEMO_SYNTHETIC_NOT_FOR_SCIENTIFIC_RESULTS,Paddy,Grand Naine,92,Flowering,Red Soil,0.36,POOR,29.1,57.4,10.28,25.71,51.41,102.83,108.43,11.44,25.17,57.65,19.72,8,HIGH,Kharif,MODERATE,MODERATE
DEMO_SYNTHETIC_NOT_FOR_SCIENTIFIC_RESULTS,Tomato,CO 6,84,Ripening,Black Cotton Soil,0.22,MODERATE,31.8,91.0,8.56,21.41,42.81,85.62,99.99,37.23,71.26,93.49,27.64,10,HIGH,Zaid,MODERATE,MODERATE
DEMO_SYNTHETIC_NOT_FOR_SCIENTIFIC_RESULTS,Sugarcane,PKM 1,53,Germination,Alluvial Soil,0.42,GOOD,22.7,65.3,7.67,19.16,38.33,76.66,129.13,60.49,100.5,105.38,15.11,15,HIGH,Rabi,MODERATE,MODERATE
DEMO_SYNTHETIC_NOT_FOR_SCIENTIFIC_RESULTS,Banana,Grand Naine,93,Flowering,Black Cotton Soil,0.36,POOR,34.7,68.8,3.27,8.18,16.35,32.7,73.76,2.65,47.29,27.38,35.58,8,HIGH,Kharif,MODERATE,MODERATE
DEMO_SYNTHETIC_NOT_FOR_SCIENTIFIC_RESULTS,Tomato,Swarna,74,Germination,Black Cotton Soil,0.63,POOR,23.0,89.4,11.35,28.36,56.73,113.45,175.95,49.4,91.95,75.03,35.58,14,CRITICAL,Perennial,SEVERE,LOW
DEMO_SYNTHETIC_NOT_FOR_SCIENTIFIC_RESULTS,Sugarcane,Swarna,109,Flowering,Red Soil,0.47,GOOD,31.0,50.6,10.27,25.68,51.36,102.72,153.13,98.46,122.54,177.34,18.79,2,HIGH,Rabi,MODERATE,MODERATE
DEMO_SYNTHETIC_NOT_FOR_SCIENTIFIC_RESULTS,Cotton,PKM 1,47,Germination,Black Cotton Soil,0.82,GOOD,28.6,50.5,5.3,13.26,26.52,53.05,124.5,112.76,140.85,205.49,33.2,14,HIGH,Zaid,MODERATE,MODERATE
DEMO_SYNTHETIC_NOT_FOR_SCIENTIFIC_RESULTS,Tomato,BPT 5204,13,Flowering,Black Cotton Soil,0.63,MODERATE,33.6,69.4,12.02,30.05,60.1,120.21,175.7,15.73,42.82,89.67,4.69,24,HIGH,Perennial,MODERATE,MODERATE
DEMO_SYNTHETIC_NOT_FOR_SCIENTIFIC_RESULTS,Banana,CO 6,123,Germination,Black Cotton Soil,0.33,GOOD,25.3,88.3,8.85,22.12,44.24,88.49,130.57,79.27,88.75,139.99,36.19,2,HIGH,Zaid,MODERATE,MODERATE
DEMO_SYNTHETIC_NOT_FOR_SCIENTIFIC_RESULTS,Onion,CO 6,32,Vegetative,Sandy Loam,0.77,GOOD,23.8,61.6,1.24,3.1,6.21,12.42,48.24,45.2,68.11,90.92,37.27,14,MODERATE,Rabi,MILD,HIGH
DEMO_SYNTHETIC_NOT_FOR_SCIENTIFIC_RESULTS,Banana,PKM 1,72,Vegetative,Clay Loam,0.54,POOR,33.3,65.1,0.64,1.61,3.21,6.43,27.57,95.82,135.0,156.19,31.26,24,MODERATE,Zaid,MILD,HIGH
DEMO_SYNTHETIC_NOT_FOR_SCIENTIFIC_RESULTS,Maize,Default,60,Ripening,Clay Loam,0.28,MODERATE,23.1,85.6,13.48,33.7,67.39,134.79,210.49,56.43,62.14,98.3,11.73,6,HIGH,Rabi,MODERATE,MODERATE
DEMO_SYNTHETIC_NOT_FOR_SCIENTIFIC_RESULTS,Paddy,PKM 1,108,Ripening,Clay Loam,0.62,MODERATE,23.9,50.5,9.53,23.84,47.67,95.34,193.54,86.72,118.77,130.63,18.49,15,HIGH,Rabi,MODERATE,MODERATE
DEMO_SYNTHETIC_NOT_FOR_SCIENTIFIC_RESULTS,Pulses,CO 6,85,Germination,Alluvial Soil,0.41,GOOD,24.4,89.8,7.02,17.55,35.1,70.21,103.18,20.37,26.22,79.51,2.51,4,HIGH,Zaid,MODERATE,MODERATE
DEMO_SYNTHETIC_NOT_FOR_SCIENTIFIC_RESULTS,Paddy,Default,44,Flowering,Sandy Loam,0.35,MODERATE,30.7,75.3,5.75,14.38,28.77,57.53,58.01,37.79,52.23,101.42,40.73,16,MODERATE,Zaid,MILD,HIGH
DEMO_SYNTHETIC_NOT_FOR_SCIENTIFIC_RESULTS,Groundnut,Default,123,Germination,Alluvial Soil,0.82,GOOD,25.8,63.5,7.85,19.64,39.27,78.55,90.92,105.52,134.29,203.14,17.66,21,HIGH,Rabi,MODERATE,MODERATE
DEMO_SYNTHETIC_NOT_FOR_SCIENTIFIC_RESULTS,Sugarcane,PKM 1,120,Germination,Alluvial Soil,0.73,POOR,22.9,79.7,9.84,24.61,49.21,98.42,188.89,63.12,112.39,115.81,0.03,24,CRITICAL,Perennial,MODERATE,MODERATE
DEMO_SYNTHETIC_NOT_FOR_SCIENTIFIC_RESULTS,Banana,Default,78,Flowering,Red Soil,0.23,GOOD,28.6,73.3,13.4,33.49,66.99,133.98,140.4,80.39,89.45,132.6,40.33,20,HIGH,Zaid,MODERATE,MODERATE
DEMO_SYNTHETIC_NOT_FOR_SCIENTIFIC_RESULTS,Paddy,Swarna,33,Vegetative,Red Soil,0.31,POOR,27.5,67.0,10.19,25.47,50.95,101.89,129.41,17.02,23.91,79.8,12.35,17,CRITICAL,Zaid,MODERATE,MODERATE
DEMO_SYNTHETIC_NOT_FOR_SCIENTIFIC_RESULTS,Chilli,Default,107,Ripening,Clay Loam,0.78,GOOD,27.6,87.2,12.98,32.45,64.9,129.8,135.45,74.44,113.08,104.08,39.71,10,HIGH,Kharif,MODERATE,MODERATE
DEMO_SYNTHETIC_NOT_FOR_SCIENTIFIC_RESULTS,Tomato,PKM 1,121,Vegetative,Alluvial Soil,0.37,MODERATE,30.7,92.0,9.75,24.38,48.76,97.52,123.26,108.39,156.77,192.18,28.37,8,HIGH,Rabi,MODERATE,MODERATE
DEMO_SYNTHETIC_NOT_FOR_SCIENTIFIC_RESULTS,Cotton,Grand Naine,138,Vegetative,Red Soil,0.15,GOOD,26.7,58.3,14.18,35.46,70.92,141.83,152.28,111.12,153.44,168.21,7.86,12,HIGH,Zaid,MODERATE,MODERATE
DEMO_SYNTHETIC_NOT_FOR_SCIENTIFIC_RESULTS,Cotton,Grand Naine,42,Germination,Red Soil,0.29,GOOD,25.8,92.3,10.21,25.53,51.05,102.11,157.44,88.94,95.81,145.08,34.0,23,HIGH,Kharif,MODERATE,MODERATE
DEMO_SYNTHETIC_NOT_FOR_SCIENTIFIC_RESULTS,Groundnut,BPT 5204,39,Ripening,Alluvial Soil,0.28,POOR,24.5,77.6,7.2,18.0,36.0,72.0,95.77,57.17,81.18,142.96,30.21,6,HIGH,Rabi,MODERATE,MODERATE
DEMO_SYNTHETIC_NOT_FOR_SCIENTIFIC_RESULTS,Pulses,PKM 1,46,Vegetative,Red Soil,0.65,MODERATE,35.7,72.1,3.43,8.57,17.14,34.27,41.98,118.34,127.49,217.2,4.78,18,MODERATE,Kharif,MILD,HIGH
DEMO_SYNTHETIC_NOT_FOR_SCIENTIFIC_RESULTS,Paddy,Swarna,53,Vegetative,Black Cotton Soil,0.7,POOR,32.0,77.8,4.31,10.78,21.55,43.1,60.19,27.02,36.15,51.77,5.31,1,HIGH,Kharif,MODERATE,MODERATE
DEMO_SYNTHETIC_NOT_FOR_SCIENTIFIC_RESULTS,Onion,CO 6,33,Germination,Alluvial Soil,0.19,MODERATE,24.8,65.4,14.57,36.43,72.86,145.73,153.64,78.79,112.35,152.01,24.89,0,HIGH,Rabi,MODERATE,MODERATE
DEMO_SYNTHETIC_NOT_FOR_SCIENTIFIC_RESULTS,Banana,CO 6,108,Flowering,Alluvial Soil,0.38,GOOD,29.6,77.6,13.23,33.07,66.14,132.27,132.4,86.84,124.32,160.69,18.08,20,HIGH,Zaid,MODERATE,MODERATE
DEMO_SYNTHETIC_NOT_FOR_SCIENTIFIC_RESULTS,Banana,Grand Naine,64,Vegetative,Red Soil,0.65,GOOD,33.1,53.4,8.83,22.07,44.15,88.29,179.04,119.41,138.84,150.59,13.77,3,HIGH,Zaid,MODERATE,MODERATE
DEMO_SYNTHETIC_NOT_FOR_SCIENTIFIC_RESULTS,Pulses,Swarna,29,Vegetative,Sandy Loam,0.61,MODERATE,25.0,86.6,11.5,28.75,57.49,114.99,194.37,2.46,27.57,38.54,18.62,6,HIGH,Perennial,MODERATE,MODERATE
DEMO_SYNTHETIC_NOT_FOR_SCIENTIFIC_RESULTS,Chilli,BPT 5204,147,Germination,Sandy Loam,0.6,POOR,35.2,63.3,13.8,34.49,68.98,137.96,197.07,113.3,128.51,192.57,23.3,12,CRITICAL,Zaid,SEVERE,LOW
DEMO_SYNTHETIC_NOT_FOR_SCIENTIFIC_RESULTS,Maize,Default,74,Flowering,Red Soil,0.29,GOOD,27.4,84.4,11.78,29.45,58.9,117.79,120.78,33.15,72.39,63.81,27.22,19,HIGH,Kharif,MODERATE,MODERATE
DEMO_SYNTHETIC_NOT_FOR_SCIENTIFIC_RESULTS,Pulses,Grand Naine,120,Flowering,Alluvial Soil,0.26,POOR,24.5,81.7,3.51,8.78,17.57,35.13,116.85,110.9,149.01,157.18,33.68,20,HIGH,Rabi,MODERATE,MODERATE
DEMO_SYNTHETIC_NOT_FOR_SCIENTIFIC_RESULTS,Sugarcane,Grand Naine,117,Vegetative,Red Soil,0.75,POOR,30.2,86.2,4.92,12.29,24.57,49.15,80.1,48.4,71.15,142.88,7.59,9,HIGH,Rabi,MODERATE,MODERATE
DEMO_SYNTHETIC_NOT_FOR_SCIENTIFIC_RESULTS,Onion,PKM 1,45,Vegetative,Clay Loam,0.65,MODERATE,30.3,68.2,12.29,30.72,61.45,122.89,199.02,92.88,131.37,122.47,32.43,19,HIGH,Perennial,MODERATE,MODERATE
DEMO_SYNTHETIC_NOT_FOR_SCIENTIFIC_RESULTS,Sugarcane,Default,35,Flowering,Black Cotton Soil,0.34,POOR,28.9,75.5,11.02,27.56,55.12,110.23,127.05,12.69,42.03,94.77,41.59,3,CRITICAL,Rabi,MODERATE,MODERATE
DEMO_SYNTHETIC_NOT_FOR_SCIENTIFIC_RESULTS,Maize,BPT 5204,52,Ripening,Black Cotton Soil,0.45,MODERATE,23.5,60.0,14.62,36.55,73.11,146.21,236.8,48.1,51.68,123.51,22.54,2,HIGH,Kharif,MODERATE,MODERATE
DEMO_SYNTHETIC_NOT_FOR_SCIENTIFIC_RESULTS,Banana,BPT 5204,30,Flowering,Alluvial Soil,0.7,POOR,25.1,70.1,10.77,26.92,53.84,107.68,186.39,111.64,153.17,203.46,23.08,1,CRITICAL,Kharif,MODERATE,MODERATE
DEMO_SYNTHETIC_NOT_FOR_SCIENTIFIC_RESULTS,Sugarcane,BPT 5204,51,Vegetative,Sandy Loam,0.73,GOOD,23.8,92.5,1.81,4.53,9.05,18.11,70.82,22.78,34.31,98.58,40.03,18,HIGH,Perennial,MODERATE,MODERATE
DEMO_SYNTHETIC_NOT_FOR_SCIENTIFIC_RESULTS,Chilli,Swarna,116,Vegetative,Clay Loam,0.71,GOOD,22.4,57.0,11.34,28.36,56.72,113.43,137.33,56.38,86.35,100.0,10.14,23,HIGH,Kharif,MODERATE,MODERATE
DEMO_SYNTHETIC_NOT_FOR_SCIENTIFIC_RESULTS,Cotton,Grand Naine,30,Flowering,Alluvial Soil,0.2,POOR,31.0,92.0,8.71,21.77,43.53,87.06,121.25,108.06,118.55,194.89,29.89,24,CRITICAL,Zaid,MODERATE,MODERATE
DEMO_SYNTHETIC_NOT_FOR_SCIENTIFIC_RESULTS,Chilli,PKM 1,93,Germination,Alluvial Soil,0.23,MODERATE,23.0,82.8,0.66,1.66,3.31,6.63,16.03,105.21,153.72,139.76,37.95,0,LOW,Kharif,NONE,HIGH
DEMO_SYNTHETIC_NOT_FOR_SCIENTIFIC_RESULTS,Groundnut,PKM 1,59,Germination,Alluvial Soil,0.75,POOR,35.1,72.0,11.54,28.86,57.73,115.45,200.94,73.94,87.84,105.07,40.81,19,CRITICAL,Perennial,MODERATE,MODERATE
DEMO_SYNTHETIC_NOT_FOR_SCIENTIFIC_RESULTS,Sugarcane,CO 6,128,Vegetative,Clay Loam,0.64,POOR,30.2,62.1,5.67,14.17,28.34,56.68,84.75,66.63,84.42,145.31,7.05,13,HIGH,Kharif,MODERATE,MODERATE
DEMO_SYNTHETIC_NOT_FOR_SCIENTIFIC_RESULTS,Paddy,Swarna,145,Flowering,Clay Loam,0.4,MODERATE,30.2,61.2,9.99,24.98,49.96,99.92,110.64,90.58,104.51,170.0,22.26,3,HIGH,Zaid,MODERATE,MODERATE
DEMO_SYNTHETIC_NOT_FOR_SCIENTIFIC_RESULTS,Onion,CO 6,134,Flowering,Black Cotton Soil,0.83,MODERATE,35.2,61.5,14.5,36.25,72.5,145.01,166.37,29.91,70.88,85.83,39.62,11,HIGH,Rabi,MODERATE,MODERATE
DEMO_SYNTHETIC_NOT_FOR_SCIENTIFIC_RESULTS,Cotton,BPT 5204,66,Ripening,Clay Loam,0.22,MODERATE,24.7,73.6,11.66,29.15,58.3,116.6,169.67,11.04,57.34,36.24,30.38,3,HIGH,Zaid,MODERATE,MODERATE
DEMO_SYNTHETIC_NOT_FOR_SCIENTIFIC_RESULTS,Banana,PKM 1,11,Ripening,Red Soil,0.44,POOR,26.6,85.1,14.46,36.15,72.31,144.61,150.6,34.32,54.87,91.89,5.11,16,CRITICAL,Kharif,MODERATE,MODERATE
DEMO_SYNTHETIC_NOT_FOR_SCIENTIFIC_RESULTS,Cotton,Swarna,135,Ripening,Red Soil,0.3,MODERATE,30.8,77.5,14.78,36.95,73.9,147.8,204.98,78.77,125.5,175.72,12.69,17,HIGH,Perennial,MODERATE,MODERATE
DEMO_SYNTHETIC_NOT_FOR_SCIENTIFIC_RESULTS,Tomato,PKM 1,44,Germination,Black Cotton Soil,0.44,GOOD,32.9,90.7,1.82,4.55,9.1,18.19,36.64,50.55,54.47,83.42,26.92,21,MODERATE,Kharif,MILD,HIGH
DEMO_SYNTHETIC_NOT_FOR_SCIENTIFIC_RESULTS,Chilli,PKM 1,71,Vegetative,Alluvial Soil,0.15,POOR,34.9,54.4,11.83,29.57,59.15,118.29,176.02,77.91,108.49,120.44,13.92,9,CRITICAL,Perennial,SEVERE,LOW
DEMO_SYNTHETIC_NOT_FOR_SCIENTIFIC_RESULTS,Tomato,Default,146,Flowering,Black Cotton Soil,0.18,POOR,33.0,76.0,10.6,26.5,52.99,105.99,151.41,111.48,114.73,142.38,15.97,22,CRITICAL,Rabi,SEVERE,LOW
DEMO_SYNTHETIC_NOT_FOR_SCIENTIFIC_RESULTS,Paddy,PKM 1,72,Ripening,Black Cotton Soil,0.36,MODERATE,25.5,84.4,1.71,4.27,8.54,17.07,74.55,47.37,70.88,99.81,19.06,1,HIGH,Kharif,MODERATE,MODERATE
DEMO_SYNTHETIC_NOT_FOR_SCIENTIFIC_RESULTS,Tomato,CO 6,109,Ripening,Sandy Loam,0.61,MODERATE,26.5,54.5,0.28,0.69,1.38,2.75,69.89,67.31,85.89,165.54,10.7,11,HIGH,Kharif,MODERATE,MODERATE
DEMO_SYNTHETIC_NOT_FOR_SCIENTIFIC_RESULTS,Tomato,Grand Naine,36,Germination,Red Soil,0.26,MODERATE,32.0,74.7,14.96,37.39,74.78,149.57,180.09,62.25,73.1,150.15,28.76,7,HIGH,Kharif,MODERATE,MODERATE
DEMO_SYNTHETIC_NOT_FOR_SCIENTIFIC_RESULTS,Tomato,Grand Naine,78,Germination,Black Cotton Soil,0.78,GOOD,22.7,66.0,11.88,29.7,59.41,118.82,148.4,11.43,14.68,45.28,35.74,7,HIGH,Perennial,MODERATE,MODERATE
DEMO_SYNTHETIC_NOT_FOR_SCIENTIFIC_RESULTS,Paddy,Grand Naine,96,Germination,Sandy Loam,0.25,GOOD,26.9,92.4,14.53,36.33,72.67,145.33,188.67,73.24,74.0,94.38,5.94,23,HIGH,Kharif,MODERATE,MODERATE
DEMO_SYNTHETIC_NOT_FOR_SCIENTIFIC_RESULTS,Cotton,Grand Naine,97,Ripening,Clay Loam,0.22,POOR,25.4,80.6,11.74,29.34,58.69,117.37,194.13,6.35,7.85,27.93,40.76,19,CRITICAL,Zaid,MODERATE,MODERATE
DEMO_SYNTHETIC_NOT_FOR_SCIENTIFIC_RESULTS,Banana,BPT 5204,129,Flowering,Clay Loam,0.24,MODERATE,31.8,51.5,11.24,28.09,56.19,112.38,175.91,56.81,83.15,95.3,36.8,14,HIGH,Rabi,MODERATE,MODERATE
DEMO_SYNTHETIC_NOT_FOR_SCIENTIFIC_RESULTS,Paddy,PKM 1,124,Ripening,Red Soil,0.74,GOOD,25.4,58.9,3.13,7.83,15.66,31.32,32.55,83.14,107.43,177.32,3.35,16,MODERATE,Zaid,MILD,HIGH
DEMO_SYNTHETIC_NOT_FOR_SCIENTIFIC_RESULTS,Tomato,PKM 1,110,Vegetative,Clay Loam,0.4,MODERATE,35.1,92.2,2.43,6.08,12.15,24.3,93.24,119.94,161.56,199.32,13.47,12,HIGH,Zaid,MODERATE,MODERATE
DEMO_SYNTHETIC_NOT_FOR_SCIENTIFIC_RESULTS,Sugarcane,Default,68,Vegetative,Sandy Loam,0.77,MODERATE,24.9,69.1,8.4,21.0,42.01,84.02,103.53,88.45,102.34,127.91,2.87,21,HIGH,Perennial,MODERATE,MODERATE
DEMO_SYNTHETIC_NOT_FOR_SCIENTIFIC_RESULTS,Tomato,Swarna,146,Ripening,Alluvial Soil,0.16,POOR,33.2,80.1,12.92,32.3,64.61,129.21,209.24,110.48,137.15,158.21,14.54,1,CRITICAL,Rabi,SEVERE,LOW
DEMO_SYNTHETIC_NOT_FOR_SCIENTIFIC_RESULTS,Banana,CO 6,59,Vegetative,Red Soil,0.32,GOOD,25.3,56.4,8.4,21.0,41.99,83.98,168.14,30.42,33.8,98.91,20.91,12,HIGH,Perennial,MODERATE,MODERATE
DEMO_SYNTHETIC_NOT_FOR_SCIENTIFIC_RESULTS,Groundnut,Grand Naine,144,Ripening,Clay Loam,0.23,MODERATE,30.5,65.0,4.6,11.51,23.02,46.04,73.49,38.87,53.15,85.41,38.48,15,HIGH,Rabi,MODERATE,MODERATE
DEMO_SYNTHETIC_NOT_FOR_SCIENTIFIC_RESULTS,Cotton,PKM 1,67,Vegetative,Black Cotton Soil,0.38,GOOD,26.6,63.4,0.39,0.98,1.96,3.91,79.92,19.15,51.91,40.49,18.09,3,HIGH,Zaid,MODERATE,MODERATE
DEMO_SYNTHETIC_NOT_FOR_SCIENTIFIC_RESULTS,Tomato,Swarna,44,Vegetative,Sandy Loam,0.55,POOR,23.1,62.3,12.25,30.64,61.27,122.54,211.08,16.21,46.25,60.29,1.01,23,CRITICAL,Kharif,SEVERE,LOW
DEMO_SYNTHETIC_NOT_FOR_SCIENTIFIC_RESULTS,Tomato,Grand Naine,128,Germination,Alluvial Soil,0.66,MODERATE,25.2,68.0,8.29,20.73,41.45,82.91,123.09,62.09,97.91,156.21,11.65,23,HIGH,Rabi,MODERATE,MODERATE
DEMO_SYNTHETIC_NOT_FOR_SCIENTIFIC_RESULTS,Chilli,PKM 1,107,Germination,Alluvial Soil,0.35,MODERATE,22.9,53.2,3.79,9.48,18.97,37.94,100.56,32.14,71.39,70.69,23.0,1,HIGH,Perennial,MODERATE,MODERATE
DEMO_SYNTHETIC_NOT_FOR_SCIENTIFIC_RESULTS,Groundnut,Grand Naine,103,Vegetative,Alluvial Soil,0.38,POOR,33.3,55.9,11.03,27.56,55.12,110.25,131.54,112.59,149.45,207.41,0.62,0,CRITICAL,Perennial,MODERATE,MODERATE
DEMO_SYNTHETIC_NOT_FOR_SCIENTIFIC_RESULTS,Maize,BPT 5204,148,Flowering,Clay Loam,0.22,MODERATE,27.9,79.0,0.82,2.04,4.08,8.16,94.97,63.32,108.83,101.19,25.07,22,HIGH,Perennial,MODERATE,MODERATE
DEMO_SYNTHETIC_NOT_FOR_SCIENTIFIC_RESULTS,Groundnut,PKM 1,145,Flowering,Alluvial Soil,0.4,POOR,32.1,80.0,4.6,11.49,22.98,45.96,109.99,22.3,47.97,103.95,2.58,5,HIGH,Perennial,MODERATE,MODERATE
DEMO_SYNTHETIC_NOT_FOR_SCIENTIFIC_RESULTS,Maize,Default,58,Germination,Clay Loam,0.83,POOR,22.3,92.5,0.71,1.77,3.54,7.08,92.65,119.97,138.97,210.81,27.83,13,HIGH,Rabi,MODERATE,MODERATE
DEMO_SYNTHETIC_NOT_FOR_SCIENTIFIC_RESULTS,Sugarcane,Swarna,48,Ripening,Alluvial Soil,0.52,GOOD,28.3,57.2,2.38,5.95,11.9,23.81,112.53,7.05,28.2,70.27,34.43,9,HIGH,Rabi,MODERATE,MODERATE
DEMO_SYNTHETIC_NOT_FOR_SCIENTIFIC_RESULTS,Paddy,BPT 5204,30,Germination,Sandy Loam,0.64,GOOD,27.0,58.2,2.25,5.63,11.26,22.52,54.58,117.97,132.46,138.03,33.91,23,MODERATE,Zaid,MILD,HIGH
DEMO_SYNTHETIC_NOT_FOR_SCIENTIFIC_RESULTS,Groundnut,CO 6,13,Flowering,Red Soil,0.44,POOR,23.6,88.3,7.8,19.49,38.98,77.96,135.98,119.79,140.96,164.26,5.38,5,CRITICAL,Zaid,MODERATE,MODERATE
DEMO_SYNTHETIC_NOT_FOR_SCIENTIFIC_RESULTS,Maize,Grand Naine,30,Germination,Red Soil,0.61,MODERATE,24.3,70.5,11.21,28.02,56.04,112.08,130.99,52.64,70.72,120.15,22.64,0,HIGH,Rabi,MODERATE,MODERATE
DEMO_SYNTHETIC_NOT_FOR_SCIENTIFIC_RESULTS,Cotton,Swarna,71,Germination,Red Soil,0.79,POOR,28.7,71.5,13.56,33.9,67.8,135.59,159.87,49.54,81.98,75.65,20.94,17,CRITICAL,Perennial,MODERATE,MODERATE
DEMO_SYNTHETIC_NOT_FOR_SCIENTIFIC_RESULTS,Tomato,PKM 1,58,Vegetative,Black Cotton Soil,0.32,MODERATE,22.6,72.7,1.47,3.67,7.34,14.68,43.13,29.57,55.3,83.47,25.49,23,MODERATE,Rabi,MILD,HIGH
DEMO_SYNTHETIC_NOT_FOR_SCIENTIFIC_RESULTS,Cotton,PKM 1,21,Ripening,Red Soil,0.37,MODERATE,29.9,75.6,10.79,26.98,53.97,107.94,116.73,55.8,100.54,84.52,43.62,15,HIGH,Zaid,MODERATE,MODERATE
DEMO_SYNTHETIC_NOT_FOR_SCIENTIFIC_RESULTS,Groundnut,Grand Naine,63,Germination,Clay Loam,0.29,GOOD,22.6,71.6,4.77,11.91,23.83,47.66,74.83,30.42,72.81,103.43,9.52,18,HIGH,Rabi,MODERATE,MODERATE
DEMO_SYNTHETIC_NOT_FOR_SCIENTIFIC_RESULTS,Pulses,CO 6,111,Vegetative,Black Cotton Soil,0.39,GOOD,33.0,86.1,4.85,12.13,24.27,48.53,143.55,26.9,51.83,87.18,42.52,2,HIGH,Rabi,MODERATE,MODERATE
DEMO_SYNTHETIC_NOT_FOR_SCIENTIFIC_RESULTS,Paddy,Swarna,60,Ripening,Black Cotton Soil,0.39,MODERATE,27.3,50.6,3.84,9.61,19.21,38.43,55.71,18.18,34.93,97.59,36.32,19,MODERATE,Zaid,MILD,HIGH
DEMO_SYNTHETIC_NOT_FOR_SCIENTIFIC_RESULTS,Cotton,Default,86,Ripening,Clay Loam,0.15,MODERATE,35.5,78.4,11.13,27.83,55.66,111.31,156.96,111.53,121.45,197.1,3.95,7,HIGH,Zaid,MODERATE,MODERATE
DEMO_SYNTHETIC_NOT_FOR_SCIENTIFIC_RESULTS,Onion,BPT 5204,123,Flowering,Red Soil,0.25,POOR,32.3,57.7,12.65,31.62,63.24,126.49,127.28,50.48,88.34,109.7,40.92,15,CRITICAL,Perennial,MODERATE,MODERATE
DEMO_SYNTHETIC_NOT_FOR_SCIENTIFIC_RESULTS,Pulses,Default,80,Ripening,Alluvial Soil,0.85,MODERATE,23.7,55.7,0.27,0.67,1.34,2.69,68.08,62.58,81.58,108.91,33.05,23,HIGH,Perennial,MODERATE,MODERATE
DEMO_SYNTHETIC_NOT_FOR_SCIENTIFIC_RESULTS,Pulses,Swarna,40,Vegetative,Sandy Loam,0.66,MODERATE,30.8,67.5,14.98,37.45,74.89,149.79,245.39,9.5,15.02,31.16,19.59,11,HIGH,Kharif,MODERATE,MODERATE
DEMO_SYNTHETIC_NOT_FOR_SCIENTIFIC_RESULTS,Tomato,Swarna,45,Germination,Sandy Loam,0.5,POOR,36.0,52.8,6.95,17.38,34.76,69.51,142.51,41.88,61.38,117.28,2.79,6,CRITICAL,Kharif,SEVERE,LOW
DEMO_SYNTHETIC_NOT_FOR_SCIENTIFIC_RESULTS,Cotton,Swarna,65,Vegetative,Alluvial Soil,0.42,POOR,31.7,53.5,7.04,17.61,35.22,70.43,148.89,78.85,113.69,138.35,7.42,24,CRITICAL,Rabi,MODERATE,MODERATE
DEMO_SYNTHETIC_NOT_FOR_SCIENTIFIC_RESULTS,Chilli,Default,38,Flowering,Alluvial Soil,0.65,GOOD,27.4,53.0,7.54,18.85,37.7,75.4,112.65,72.58,94.86,95.13,13.65,7,HIGH,Perennial,MODERATE,MODERATE
DEMO_SYNTHETIC_NOT_FOR_SCIENTIFIC_RESULTS,Groundnut,Grand Naine,44,Flowering,Black Cotton Soil,0.54,MODERATE,25.5,68.3,9.47,23.68,47.35,94.71,105.89,109.33,146.47,165.77,1.75,4,HIGH,Perennial,MODERATE,MODERATE
DEMO_SYNTHETIC_NOT_FOR_SCIENTIFIC_RESULTS,Sugarcane,Swarna,11,Vegetative,Sandy Loam,0.7,MODERATE,24.3,80.0,13.69,34.23,68.47,136.93,143.93,47.41,78.96,105.88,39.59,4,HIGH,Perennial,MODERATE,MODERATE
DEMO_SYNTHETIC_NOT_FOR_SCIENTIFIC_RESULTS,Tomato,BPT 5204,63,Ripening,Alluvial Soil,0.21,MODERATE,24.9,66.6,1.56,3.91,7.82,15.63,66.35,67.6,86.36,128.38,36.74,10,HIGH,Perennial,MODERATE,MODERATE
DEMO_SYNTHETIC_NOT_FOR_SCIENTIFIC_RESULTS,Pulses,Grand Naine,59,Germination,Sandy Loam,0.37,MODERATE,35.4,81.0,11.25,28.13,56.27,112.53,144.93,114.61,128.32,136.17,10.14,15,HIGH,Rabi,MODERATE,MODERATE
DEMO_SYNTHETIC_NOT_FOR_SCIENTIFIC_RESULTS,Paddy,PKM 1,108,Flowering,Clay Loam,0.53,GOOD,29.0,62.9,4.51,11.27,22.54,45.07,49.8,1.37,13.48,77.33,15.28,16,MODERATE,Zaid,MILD,HIGH
DEMO_SYNTHETIC_NOT_FOR_SCIENTIFIC_RESULTS,Onion,Swarna,20,Germination,Sandy Loam,0.6,MODERATE,31.5,79.9,2.06,5.14,10.29,20.57,31.92,17.93,38.6,53.52,43.27,21,MODERATE,Perennial,MILD,HIGH
DEMO_SYNTHETIC_NOT_FOR_SCIENTIFIC_RESULTS,Maize,Swarna,149,Germination,Clay Loam,0.76,GOOD,23.7,55.8,7.33,18.32,36.65,73.29,121.19,115.29,117.28,137.97,14.12,18,HIGH,Perennial,MODERATE,MODERATE
DEMO_SYNTHETIC_NOT_FOR_SCIENTIFIC_RESULTS,Maize,Default,65,Germination,Clay Loam,0.54,MODERATE,30.2,93.6,5.65,14.13,28.27,56.54,129.8,12.27,19.81,97.79,43.52,24,HIGH,Rabi,MODERATE,MODERATE
DEMO_SYNTHETIC_NOT_FOR_SCIENTIFIC_RESULTS,Pulses,BPT 5204,28,Vegetative,Clay Loam,0.62,GOOD,22.3,83.9,9.34,23.35,46.7,93.41,156.23,48.13,60.31,131.83,39.3,3,HIGH,Perennial,MODERATE,MODERATE
DEMO_SYNTHETIC_NOT_FOR_SCIENTIFIC_RESULTS,Paddy,BPT 5204,48,Ripening,Black Cotton Soil,0.47,POOR,31.2,87.3,0.68,1.71,3.42,6.83,26.53,3.49,22.63,59.89,31.22,11,MODERATE,Rabi,MILD,HIGH
DEMO_SYNTHETIC_NOT_FOR_SCIENTIFIC_RESULTS,Onion,PKM 1,30,Flowering,Red Soil,0.17,MODERATE,27.6,69.3,5.21,13.03,26.05,52.11,151.73,115.35,145.6,181.87,4.64,0,HIGH,Rabi,MODERATE,MODERATE
DEMO_SYNTHETIC_NOT_FOR_SCIENTIFIC_RESULTS,Onion,Grand Naine,111,Flowering,Black Cotton Soil,0.36,POOR,33.1,88.7,11.2,27.99,55.98,111.97,139.04,65.86,67.15,145.46,1.09,17,CRITICAL,Zaid,MODERATE,MODERATE
DEMO_SYNTHETIC_NOT_FOR_SCIENTIFIC_RESULTS,Maize,PKM 1,98,Ripening,Alluvial Soil,0.48,MODERATE,26.6,86.1,7.09,17.73,35.45,70.9,103.64,70.08,111.26,144.41,27.62,19,HIGH,Kharif,MODERATE,MODERATE
DEMO_SYNTHETIC_NOT_FOR_SCIENTIFIC_RESULTS,Maize,Grand Naine,91,Germination,Sandy Loam,0.81,POOR,25.3,85.4,8.51,21.28,42.56,85.13,116.05,118.39,133.06,214.13,37.37,17,HIGH,Perennial,MODERATE,MODERATE
DEMO_SYNTHETIC_NOT_FOR_SCIENTIFIC_RESULTS,Tomato,CO 6,31,Flowering,Black Cotton Soil,0.17,MODERATE,26.6,90.3,4.06,10.14,20.29,40.58,81.89,15.87,33.01,68.78,18.72,8,HIGH,Zaid,MODERATE,MODERATE
DEMO_SYNTHETIC_NOT_FOR_SCIENTIFIC_RESULTS,Pulses,CO 6,46,Flowering,Sandy Loam,0.49,POOR,23.0,56.4,3.07,7.68,15.37,30.73,118.06,86.44,133.37,147.79,10.82,15,HIGH,Perennial,MODERATE,MODERATE
DEMO_SYNTHETIC_NOT_FOR_SCIENTIFIC_RESULTS,Groundnut,Default,112,Vegetative,Alluvial Soil,0.83,MODERATE,33.3,63.5,8.17,20.43,40.85,81.7,179.36,33.78,45.22,73.58,41.8,18,HIGH,Perennial,MODERATE,MODERATE
DEMO_SYNTHETIC_NOT_FOR_SCIENTIFIC_RESULTS,Paddy,Swarna,53,Germination,Alluvial Soil,0.61,GOOD,27.9,54.8,10.04,25.09,50.19,100.38,195.31,68.6,96.15,150.2,1.85,24,HIGH,Kharif,MODERATE,MODERATE
DEMO_SYNTHETIC_NOT_FOR_SCIENTIFIC_RESULTS,Pulses,Swarna,115,Vegetative,Sandy Loam,0.83,MODERATE,33.2,75.0,10.62,26.55,53.11,106.22,190.22,101.99,140.57,168.2,15.17,6,HIGH,Kharif,MODERATE,MODERATE
DEMO_SYNTHETIC_NOT_FOR_SCIENTIFIC_RESULTS,Onion,BPT 5204,138,Vegetative,Black Cotton Soil,0.64,MODERATE,25.6,65.5,5.04,12.59,25.18,50.37,89.75,24.83,73.61,77.58,31.35,10,HIGH,Zaid,MODERATE,MODERATE
DEMO_SYNTHETIC_NOT_FOR_SCIENTIFIC_RESULTS,Cotton,Grand Naine,133,Flowering,Sandy Loam,0.73,GOOD,33.1,93.0,14.21,35.53,71.07,142.14,203.07,52.47,87.16,98.41,3.65,6,HIGH,Zaid,MODERATE,MODERATE
DEMO_SYNTHETIC_NOT_FOR_SCIENTIFIC_RESULTS,Chilli,BPT 5204,51,Flowering,Clay Loam,0.4,POOR,26.5,92.1,11.82,29.54,59.08,118.16,119.48,82.4,88.06,107.82,16.72,23,HIGH,Perennial,MODERATE,MODERATE
DEMO_SYNTHETIC_NOT_FOR_SCIENTIFIC_RESULTS,Sugarcane,PKM 1,109,Vegetative,Red Soil,0.34,MODERATE,32.7,51.3,4.52,11.31,22.62,45.24,116.43,98.77,112.0,147.66,5.53,10,HIGH,Perennial,MODERATE,MODERATE
DEMO_SYNTHETIC_NOT_FOR_SCIENTIFIC_RESULTS,Banana,PKM 1,98,Vegetative,Black Cotton Soil,0.35,POOR,34.2,94.1,8.47,21.18,42.35,84.7,183.42,10.79,40.52,62.87,26.58,16,CRITICAL,Rabi,MODERATE,MODERATE
DEMO_SYNTHETIC_NOT_FOR_SCIENTIFIC_RESULTS,Groundnut,Swarna,145,Germination,Alluvial Soil,0.76,POOR,28.7,74.4,1.99,4.98,9.96,19.93,52.4,4.17,8.36,44.87,11.54,20,MODERATE,Rabi,MILD,HIGH
DEMO_SYNTHETIC_NOT_FOR_SCIENTIFIC_RESULTS,Sugarcane,Default,32,Germination,Sandy Loam,0.16,GOOD,35.0,89.8,9.0,22.5,45.01,90.02,166.5,101.58,134.35,122.32,6.21,19,HIGH,Perennial,MODERATE,MODERATE
DEMO_SYNTHETIC_NOT_FOR_SCIENTIFIC_RESULTS,Pulses,Default,42,Ripening,Sandy Loam,0.63,MODERATE,32.4,89.0,13.88,34.69,69.38,138.76,229.45,24.99,43.28,73.02,2.63,3,HIGH,Perennial,MODERATE,MODERATE
DEMO_SYNTHETIC_NOT_FOR_SCIENTIFIC_RESULTS,Groundnut,Grand Naine,142,Vegetative,Sandy Loam,0.27,POOR,25.8,69.5,1.21,3.02,6.04,12.07,20.24,43.04,56.19,126.02,2.54,16,MODERATE,Kharif,MILD,HIGH
DEMO_SYNTHETIC_NOT_FOR_SCIENTIFIC_RESULTS,Pulses,BPT 5204,42,Germination,Sandy Loam,0.77,POOR,29.7,82.5,0.15,0.37,0.74,1.48,9.84,60.87,69.13,92.43,43.76,24,LOW,Rabi,NONE,HIGH
DEMO_SYNTHETIC_NOT_FOR_SCIENTIFIC_RESULTS,Pulses,Swarna,95,Germination,Clay Loam,0.68,POOR,24.1,78.8,2.57,6.42,12.84,25.67,80.05,13.01,55.36,49.61,8.18,0,HIGH,Rabi,MODERATE,MODERATE
DEMO_SYNTHETIC_NOT_FOR_SCIENTIFIC_RESULTS,Pulses,Grand Naine,83,Vegetative,Alluvial Soil,0.71,POOR,34.1,60.8,2.3,5.74,11.48,22.96,95.79,65.0,78.06,107.43,1.76,19,HIGH,Kharif,MODERATE,MODERATE
DEMO_SYNTHETIC_NOT_FOR_SCIENTIFIC_RESULTS,Banana,Default,117,Vegetative,Black Cotton Soil,0.61,MODERATE,22.7,69.9,13.01,32.52,65.05,130.09,221.38,76.93,101.24,121.68,22.81,24,HIGH,Perennial,MODERATE,MODERATE
DEMO_SYNTHETIC_NOT_FOR_SCIENTIFIC_RESULTS,Groundnut,CO 6,97,Ripening,Alluvial Soil,0.25,MODERATE,32.2,86.4,12.46,31.16,62.32,124.64,198.18,84.27,109.17,119.95,11.66,22,HIGH,Zaid,MODERATE,MODERATE
DEMO_SYNTHETIC_NOT_FOR_SCIENTIFIC_RESULTS,Tomato,BPT 5204,80,Flowering,Clay Loam,0.43,MODERATE,33.3,94.1,12.07,30.16,60.33,120.65,138.8,109.16,155.36,148.72,7.4,7,HIGH,Kharif,MODERATE,MODERATE
DEMO_SYNTHETIC_NOT_FOR_SCIENTIFIC_RESULTS,Pulses,CO 6,30,Vegetative,Sandy Loam,0.59,MODERATE,35.8,57.1,0.89,2.22,4.45,8.89,50.98,86.73,123.73,136.67,30.05,23,MODERATE,Kharif,MILD,HIGH
DEMO_SYNTHETIC_NOT_FOR_SCIENTIFIC_RESULTS,Banana,Grand Naine,105,Germination,Black Cotton Soil,0.45,GOOD,30.3,52.1,0.39,0.98,1.97,3.93,85.04,18.16,51.86,39.79,5.35,12,HIGH,Perennial,MODERATE,MODERATE
DEMO_SYNTHETIC_NOT_FOR_SCIENTIFIC_RESULTS,Tomato,CO 6,58,Germination,Red Soil,0.16,GOOD,32.3,69.9,13.98,34.94,69.89,139.77,152.18,14.81,40.51,53.16,32.43,6,HIGH,Kharif,MODERATE,MODERATE
DEMO_SYNTHETIC_NOT_FOR_SCIENTIFIC_RESULTS,Tomato,PKM 1,23,Ripening,Red Soil,0.68,POOR,34.8,71.2,7.69,19.22,38.45,76.89,77.2,78.44,105.89,121.82,44.35,22,HIGH,Perennial,MODERATE,MODERATE
DEMO_SYNTHETIC_NOT_FOR_SCIENTIFIC_RESULTS,Paddy,BPT 5204,16,Germination,Alluvial Soil,0.36,GOOD,25.9,62.6,13.31,33.28,66.57,133.14,152.93,105.06,105.11,132.2,44.52,16,HIGH,Zaid,MODERATE,MODERATE
DEMO_SYNTHETIC_NOT_FOR_SCIENTIFIC_RESULTS,Paddy,Default,111,Ripening,Black Cotton Soil,0.28,MODERATE,22.9,69.9,5.94,14.85,29.69,59.38,68.1,74.68,105.91,106.86,6.48,19,HIGH,Perennial,MODERATE,MODERATE
DEMO_SYNTHETIC_NOT_FOR_SCIENTIFIC_RESULTS,Groundnut,Swarna,108,Flowering,Black Cotton Soil,0.15,POOR,27.7,69.0,0.46,1.15,2.3,4.6,73.61,10.99,44.94,103.28,32.31,8,HIGH,Perennial,MODERATE,MODERATE
DEMO_SYNTHETIC_NOT_FOR_SCIENTIFIC_RESULTS,Groundnut,CO 6,15,Germination,Sandy Loam,0.48,GOOD,26.9,60.5,8.24,20.6,41.2,82.4,123.44,107.66,124.17,199.45,9.78,19,HIGH,Rabi,MODERATE,MODERATE
DEMO_SYNTHETIC_NOT_FOR_SCIENTIFIC_RESULTS,Tomato,Swarna,36,Flowering,Alluvial Soil,0.2,POOR,32.2,69.2,12.74,31.84,63.69,127.38,149.27,88.67,120.58,116.62,26.76,17,CRITICAL,Kharif,SEVERE,LOW
DEMO_SYNTHETIC_NOT_FOR_SCIENTIFIC_RESULTS,Pulses,PKM 1,102,Vegetative,Sandy Loam,0.7,POOR,26.8,54.6,0.48,1.19,2.38,4.77,23.75,112.15,119.15,147.26,32.0,15,MODERATE,Kharif,MILD,HIGH
DEMO_SYNTHETIC_NOT_FOR_SCIENTIFIC_RESULTS,Chilli,Swarna,60,Germination,Red Soil,0.27,MODERATE,27.3,70.1,10.77,26.93,53.87,107.73,148.92,78.65,111.83,158.58,30.59,9,HIGH,Perennial,MODERATE,MODERATE
DEMO_SYNTHETIC_NOT_FOR_SCIENTIFIC_RESULTS,Sugarcane,PKM 1,39,Germination,Clay Loam,0.82,MODERATE,35.0,59.1,11.07,27.68,55.35,110.7,156.01,16.41,50.29,94.94,21.57,11,HIGH,Perennial,MODERATE,MODERATE
DEMO_SYNTHETIC_NOT_FOR_SCIENTIFIC_RESULTS,Groundnut,Swarna,65,Flowering,Clay Loam,0.76,POOR,32.1,81.4,4.52,11.29,22.59,45.18,71.2,16.97,53.73,48.07,34.65,18,HIGH,Perennial,MODERATE,MODERATE
DEMO_SYNTHETIC_NOT_FOR_SCIENTIFIC_RESULTS,Groundnut,CO 6,37,Germination,Sandy Loam,0.23,GOOD,28.1,70.5,6.67,16.68,33.35,66.71,91.06,72.11,116.36,111.69,15.54,18,HIGH,Rabi,MODERATE,MODERATE
DEMO_SYNTHETIC_NOT_FOR_SCIENTIFIC_RESULTS,Onion,CO 6,141,Vegetative,Black Cotton Soil,0.5,MODERATE,31.4,89.7,2.83,7.07,14.14,28.29,104.02,55.19,85.45,114.99,25.28,10,HIGH,Zaid,MODERATE,MODERATE
DEMO_SYNTHETIC_NOT_FOR_SCIENTIFIC_RESULTS,Paddy,PKM 1,92,Germination,Sandy Loam,0.39,MODERATE,26.9,79.2,9.13,22.83,45.66,91.32,101.09,25.53,68.95,49.54,24.08,20,HIGH,Kharif,MODERATE,MODERATE
DEMO_SYNTHETIC_NOT_FOR_SCIENTIFIC_RESULTS,Paddy,CO 6,84,Germination,Red Soil,0.59,GOOD,25.4,67.9,2.58,6.44,12.88,25.76,121.85,28.86,40.38,57.48,12.19,1,HIGH,Zaid,MODERATE,MODERATE
DEMO_SYNTHETIC_NOT_FOR_SCIENTIFIC_RESULTS,Banana,Default,124,Germination,Alluvial Soil,0.41,GOOD,32.1,71.3,8.35,20.88,41.77,83.53,160.12,34.42,68.63,86.88,9.46,1,HIGH,Zaid,MODERATE,MODERATE
DEMO_SYNTHETIC_NOT_FOR_SCIENTIFIC_RESULTS,Banana,Swarna,17,Germination,Clay Loam,0.55,GOOD,25.1,55.7,9.15,22.89,45.77,91.55,184.06,39.08,54.14,104.57,35.94,14,HIGH,Zaid,MODERATE,MODERATE
DEMO_SYNTHETIC_NOT_FOR_SCIENTIFIC_RESULTS,Sugarcane,Swarna,97,Germination,Clay Loam,0.43,POOR,28.5,82.6,7.18,17.95,35.89,71.78,162.42,94.3,138.07,157.76,41.12,16,CRITICAL,Rabi,MODERATE,MODERATE
DEMO_SYNTHETIC_NOT_FOR_SCIENTIFIC_RESULTS,Banana,BPT 5204,30,Ripening,Red Soil,0.49,MODERATE,30.0,77.6,8.29,20.74,41.48,82.95,174.28,15.26,45.74,114.7,19.08,15,HIGH,Perennial,MODERATE,MODERATE
DEMO_SYNTHETIC_NOT_FOR_SCIENTIFIC_RESULTS,Onion,Grand Naine,140,Germination,Black Cotton Soil,0.48,POOR,35.3,67.6,4.22,10.55,21.11,42.22,116.64,51.27,76.38,126.02,0.86,20,HIGH,Rabi,MODERATE,MODERATE
DEMO_SYNTHETIC_NOT_FOR_SCIENTIFIC_RESULTS,Onion,BPT 5204,117,Germination,Alluvial Soil,0.47,MODERATE,33.7,92.3,4.79,11.98,23.97,47.94,82.29,64.15,92.47,97.34,5.93,15,HIGH,Zaid,MODERATE,MODERATE
DEMO_SYNTHETIC_NOT_FOR_SCIENTIFIC_RESULTS,Maize,Swarna,31,Germination,Red Soil,0.5,POOR,33.9,80.0,14.07,35.18,70.36,140.73,171.73,38.62,47.04,128.95,29.89,17,CRITICAL,Rabi,MODERATE,MODERATE
DEMO_SYNTHETIC_NOT_FOR_SCIENTIFIC_RESULTS,Chilli,Grand Naine,88,Flowering,Sandy Loam,0.35,MODERATE,22.4,80.6,1.75,4.38,8.77,17.54,19.94,72.38,86.53,154.83,28.04,20,LOW,Kharif,NONE,HIGH
DEMO_SYNTHETIC_NOT_FOR_SCIENTIFIC_RESULTS,Onion,PKM 1,122,Ripening,Sandy Loam,0.42,MODERATE,31.7,77.0,11.22,28.05,56.09,112.19,129.41,86.13,132.48,184.3,39.23,16,HIGH,Perennial,MODERATE,MODERATE
DEMO_SYNTHETIC_NOT_FOR_SCIENTIFIC_RESULTS,Cotton,Default,137,Flowering,Red Soil,0.31,GOOD,24.1,87.5,1.75,4.38,8.77,17.54,39.42,87.76,110.21,116.8,33.05,0,MODERATE,Perennial,MILD,HIGH
DEMO_SYNTHETIC_NOT_FOR_SCIENTIFIC_RESULTS,Cotton,CO 6,103,Germination,Clay Loam,0.58,GOOD,22.0,58.6,8.53,21.32,42.63,85.27,171.85,76.08,113.44,174.37,25.65,19,HIGH,Perennial,MODERATE,MODERATE
DEMO_SYNTHETIC_NOT_FOR_SCIENTIFIC_RESULTS,Tomato,CO 6,146,Germination,Red Soil,0.51,POOR,32.7,59.0,0.23,0.58,1.16,2.31,80.49,115.97,165.07,168.71,5.85,6,HIGH,Zaid,MODERATE,MODERATE
DEMO_SYNTHETIC_NOT_FOR_SCIENTIFIC_RESULTS,Paddy,Default,70,Ripening,Alluvial Soil,0.43,MODERATE,31.9,86.8,2.21,5.52,11.04,22.09,120.31,99.01,107.37,183.49,42.96,1,HIGH,Zaid,MODERATE,MODERATE
DEMO_SYNTHETIC_NOT_FOR_SCIENTIFIC_RESULTS,Sugarcane,Grand Naine,145,Vegetative,Sandy Loam,0.19,GOOD,29.8,88.8,0.4,1.0,2.0,3.99,25.39,0.67,15.45,78.05,35.77,11,MODERATE,Rabi,MILD,HIGH
DEMO_SYNTHETIC_NOT_FOR_SCIENTIFIC_RESULTS,Onion,CO 6,70,Vegetative,Red Soil,0.31,POOR,30.9,85.7,1.32,3.31,6.62,13.25,78.84,43.12,51.61,111.06,17.36,9,HIGH,Perennial,MODERATE,MODERATE
DEMO_SYNTHETIC_NOT_FOR_SCIENTIFIC_RESULTS,Maize,CO 6,62,Vegetative,Black Cotton Soil,0.36,POOR,30.1,91.7,2.2,5.5,10.99,21.99,42.19,41.68,91.35,93.54,23.31,8,MODERATE,Rabi,MILD,HIGH
DEMO_SYNTHETIC_NOT_FOR_SCIENTIFIC_RESULTS,Tomato,BPT 5204,40,Vegetative,Sandy Loam,0.53,MODERATE,35.0,55.7,12.6,31.5,63.01,126.01,213.27,36.46,46.26,79.69,5.12,9,HIGH,Rabi,MODERATE,MODERATE
DEMO_SYNTHETIC_NOT_FOR_SCIENTIFIC_RESULTS,Pulses,BPT 5204,19,Ripening,Alluvial Soil,0.79,MODERATE,23.3,51.6,8.96,22.39,44.78,89.56,166.52,52.21,87.56,102.84,14.51,6,HIGH,Kharif,MODERATE,MODERATE
DEMO_SYNTHETIC_NOT_FOR_SCIENTIFIC_RESULTS,Tomato,Swarna,133,Ripening,Red Soil,0.61,GOOD,29.1,82.3,5.13,12.82,25.65,51.3,141.19,98.29,125.3,190.05,9.7,16,HIGH,Kharif,MODERATE,MODERATE
DEMO_SYNTHETIC_NOT_FOR_SCIENTIFIC_RESULTS,Tomato,Swarna,56,Ripening,Red Soil,0.6,POOR,33.3,81.1,0.77,1.92,3.83,7.66,22.94,64.88,99.71,142.72,11.34,16,MODERATE,Zaid,MILD,HIGH
DEMO_SYNTHETIC_NOT_FOR_SCIENTIFIC_RESULTS,Sugarcane,CO 6,137,Vegetative,Red Soil,0.57,GOOD,32.3,84.3,12.2,30.51,61.02,122.04,168.82,73.49,121.99,103.2,33.75,20,HIGH,Perennial,MODERATE,MODERATE
DEMO_SYNTHETIC_NOT_FOR_SCIENTIFIC_RESULTS,Maize,BPT 5204,25,Ripening,Black Cotton Soil,0.58,MODERATE,27.8,69.0,13.11,32.76,65.53,131.05,162.04,91.85,108.35,188.35,7.91,5,HIGH,Perennial,MODERATE,MODERATE
DEMO_SYNTHETIC_NOT_FOR_SCIENTIFIC_RESULTS,Maize,Grand Naine,134,Flowering,Sandy Loam,0.66,MODERATE,35.5,77.7,7.42,18.56,37.12,74.25,104.65,58.04,66.09,106.69,35.69,12,HIGH,Rabi,MODERATE,MODERATE
DEMO_SYNTHETIC_NOT_FOR_SCIENTIFIC_RESULTS,Sugarcane,Grand Naine,18,Vegetative,Red Soil,0.68,POOR,27.1,77.6,2.16,5.41,10.81,21.63,27.59,88.61,105.0,149.48,4.33,4,MODERATE,Perennial,MILD,HIGH
DEMO_SYNTHETIC_NOT_FOR_SCIENTIFIC_RESULTS,Chilli,Swarna,113,Germination,Alluvial Soil,0.36,POOR,22.9,78.0,9.8,24.5,48.99,97.99,164.59,59.87,63.99,85.16,43.16,20,CRITICAL,Zaid,SEVERE,LOW
DEMO_SYNTHETIC_NOT_FOR_SCIENTIFIC_RESULTS,Groundnut,Swarna,36,Vegetative,Red Soil,0.63,GOOD,33.9,52.3,9.64,24.09,48.18,96.36,158.81,31.46,62.93,63.2,24.19,6,HIGH,Rabi,MODERATE,MODERATE
DEMO_SYNTHETIC_NOT_FOR_SCIENTIFIC_RESULTS,Sugarcane,Swarna,43,Flowering,Sandy Loam,0.84,POOR,24.2,65.8,11.94,29.85,59.7,119.4,181.11,5.59,36.1,67.68,12.54,21,CRITICAL,Zaid,MODERATE,MODERATE
DEMO_SYNTHETIC_NOT_FOR_SCIENTIFIC_RESULTS,Pulses,BPT 5204,36,Vegetative,Red Soil,0.3,MODERATE,27.2,82.7,3.18,7.94,15.88,31.77,108.9,14.73,28.45,91.95,19.46,13,HIGH,Rabi,MODERATE,MODERATE
DEMO_SYNTHETIC_NOT_FOR_SCIENTIFIC_RESULTS,Tomato,BPT 5204,87,Ripening,Sandy Loam,0.76,GOOD,35.9,79.0,4.08,10.2,20.39,40.79,60.73,110.73,121.16,147.82,9.06,11,HIGH,Zaid,MODERATE,MODERATE
DEMO_SYNTHETIC_NOT_FOR_SCIENTIFIC_RESULTS,Banana,PKM 1,35,Flowering,Black Cotton Soil,0.82,GOOD,27.1,67.9,10.57,26.42,52.84,105.69,156.5,113.85,134.61,167.06,8.48,14,HIGH,Perennial,MODERATE,MODERATE
DEMO_SYNTHETIC_NOT_FOR_SCIENTIFIC_RESULTS,Maize,BPT 5204,115,Ripening,Red Soil,0.33,POOR,26.3,63.5,4.28,10.7,21.39,42.79,62.26,78.16,118.86,154.65,17.66,7,HIGH,Kharif,MODERATE,MODERATE
DEMO_SYNTHETIC_NOT_FOR_SCIENTIFIC_RESULTS,Cotton,PKM 1,50,Flowering,Black Cotton Soil,0.65,MODERATE,35.7,90.2,5.5,13.76,27.52,55.03,64.68,98.74,109.62,149.42,4.54,16,HIGH,Rabi,MODERATE,MODERATE
DEMO_SYNTHETIC_NOT_FOR_SCIENTIFIC_RESULTS,Tomato,Swarna,23,Vegetative,Black Cotton Soil,0.66,POOR,30.3,74.7,11.53,28.83,57.66,115.32,149.88,62.05,70.1,132.63,41.0,7,CRITICAL,Zaid,SEVERE,LOW
DEMO_SYNTHETIC_NOT_FOR_SCIENTIFIC_RESULTS,Cotton,BPT 5204,105,Flowering,Red Soil,0.74,MODERATE,32.6,66.4,5.59,13.98,27.97,55.94,60.99,51.94,88.71,86.86,0.85,18,HIGH,Rabi,MODERATE,MODERATE
DEMO_SYNTHETIC_NOT_FOR_SCIENTIFIC_RESULTS,Groundnut,Default,15,Vegetative,Alluvial Soil,0.27,MODERATE,26.0,71.5,12.96,32.39,64.78,129.57,159.91,108.33,130.12,170.32,40.28,9,HIGH,Perennial,MODERATE,MODERATE
DEMO_SYNTHETIC_NOT_FOR_SCIENTIFIC_RESULTS,Cotton,BPT 5204,99,Vegetative,Black Cotton Soil,0.24,POOR,33.6,54.6,10.75,26.89,53.77,107.54,200.69,8.27,41.73,101.84,19.45,7,CRITICAL,Perennial,MODERATE,MODERATE
DEMO_SYNTHETIC_NOT_FOR_SCIENTIFIC_RESULTS,Pulses,Swarna,36,Ripening,Red Soil,0.78,MODERATE,25.2,60.2,0.23,0.58,1.17,2.33,78.73,105.71,135.49,135.7,14.63,10,HIGH,Zaid,MODERATE,MODERATE
DEMO_SYNTHETIC_NOT_FOR_SCIENTIFIC_RESULTS,Cotton,BPT 5204,50,Flowering,Sandy Loam,0.65,MODERATE,35.8,57.5,3.47,8.68,17.36,34.73,133.99,30.87,77.02,103.82,23.24,12,HIGH,Kharif,MODERATE,MODERATE
DEMO_SYNTHETIC_NOT_FOR_SCIENTIFIC_RESULTS,Maize,BPT 5204,105,Germination,Clay Loam,0.71,MODERATE,32.2,94.9,3.75,9.39,18.77,37.55,130.05,42.54,75.93,117.2,1.61,15,HIGH,Perennial,MODERATE,MODERATE
DEMO_SYNTHETIC_NOT_FOR_SCIENTIFIC_RESULTS,Onion,Grand Naine,60,Flowering,Alluvial Soil,0.27,GOOD,22.1,79.5,13.95,34.88,69.75,139.5,179.27,22.98,64.43,115.81,38.46,0,HIGH,Zaid,MODERATE,MODERATE
DEMO_SYNTHETIC_NOT_FOR_SCIENTIFIC_RESULTS,Onion,BPT 5204,92,Ripening,Red Soil,0.33,GOOD,24.0,84.2,11.56,28.89,57.78,115.56,206.83,20.26,43.78,43.29,2.9,20,HIGH,Kharif,MODERATE,MODERATE
DEMO_SYNTHETIC_NOT_FOR_SCIENTIFIC_RESULTS,Groundnut,Default,141,Flowering,Black Cotton Soil,0.62,GOOD,23.0,80.6,6.29,15.72,31.44,62.88,111.17,1.65,49.59,52.03,19.54,22,HIGH,Rabi,MODERATE,MODERATE
DEMO_SYNTHETIC_NOT_FOR_SCIENTIFIC_RESULTS,Paddy,Default,73,Vegetative,Red Soil,0.45,GOOD,22.7,55.7,5.36,13.41,26.82,53.63,55.04,10.87,32.62,79.59,17.72,21,MODERATE,Rabi,MILD,HIGH
DEMO_SYNTHETIC_NOT_FOR_SCIENTIFIC_RESULTS,Tomato,BPT 5204,12,Ripening,Sandy Loam,0.41,MODERATE,24.2,85.5,1.87,4.67,9.35,18.69,52.03,115.01,139.24,211.38,23.76,12,MODERATE,Perennial,MILD,HIGH
DEMO_SYNTHETIC_NOT_FOR_SCIENTIFIC_RESULTS,Cotton,PKM 1,39,Germination,Sandy Loam,0.78,GOOD,28.2,80.2,6.49,16.22,32.45,64.89,153.7,38.69,79.38,81.62,19.76,22,HIGH,Rabi,MODERATE,MODERATE
DEMO_SYNTHETIC_NOT_FOR_SCIENTIFIC_RESULTS,Paddy,Grand Naine,130,Flowering,Alluvial Soil,0.39,GOOD,33.6,69.8,1.56,3.89,7.78,15.56,54.86,31.74,69.89,54.47,1.84,20,MODERATE,Zaid,MILD,HIGH
DEMO_SYNTHETIC_NOT_FOR_SCIENTIFIC_RESULTS,Paddy,Grand Naine,24,Germination,Red Soil,0.44,GOOD,22.2,58.5,4.6,11.51,23.02,46.03,141.07,7.33,30.46,81.49,38.08,14,HIGH,Kharif,MODERATE,MODERATE
DEMO_SYNTHETIC_NOT_FOR_SCIENTIFIC_RESULTS,Onion,Swarna,91,Ripening,Red Soil,0.57,GOOD,29.3,52.8,13.84,34.59,69.19,138.38,194.95,21.28,37.88,117.22,4.81,6,HIGH,Rabi,MODERATE,MODERATE
DEMO_SYNTHETIC_NOT_FOR_SCIENTIFIC_RESULTS,Pulses,BPT 5204,149,Flowering,Clay Loam,0.21,POOR,24.6,67.4,12.83,32.07,64.14,128.28,150.56,47.17,59.09,85.69,16.95,1,CRITICAL,Rabi,MODERATE,MODERATE
DEMO_SYNTHETIC_NOT_FOR_SCIENTIFIC_RESULTS,Cotton,BPT 5204,10,Germination,Clay Loam,0.31,GOOD,25.7,81.1,2.62,6.54,13.09,26.17,97.63,106.33,143.44,154.9,20.86,20,HIGH,Rabi,MODERATE,MODERATE
DEMO_SYNTHETIC_NOT_FOR_SCIENTIFIC_RESULTS,Tomato,CO 6,134,Vegetative,Clay Loam,0.37,GOOD,25.5,62.6,3.45,8.62,17.25,34.5,108.8,98.41,120.87,126.12,0.98,16,HIGH,Rabi,MODERATE,MODERATE
DEMO_SYNTHETIC_NOT_FOR_SCIENTIFIC_RESULTS,Tomato,Swarna,35,Ripening,Clay Loam,0.69,GOOD,33.9,81.6,4.54,11.36,22.71,45.43,49.72,58.93,102.27,91.31,4.76,13,MODERATE,Perennial,MILD,HIGH
DEMO_SYNTHETIC_NOT_FOR_SCIENTIFIC_RESULTS,Sugarcane,Swarna,104,Vegetative,Alluvial Soil,0.46,POOR,34.3,56.3,5.09,12.72,25.44,50.88,99.23,25.83,57.86,121.47,26.89,17,HIGH,Perennial,MODERATE,MODERATE
DEMO_SYNTHETIC_NOT_FOR_SCIENTIFIC_RESULTS,Banana,BPT 5204,58,Germination,Sandy Loam,0.46,GOOD,24.6,61.7,14.33,35.81,71.63,143.26,232.98,50.07,88.4,113.99,23.35,16,HIGH,Rabi,MODERATE,MODERATE
DEMO_SYNTHETIC_NOT_FOR_SCIENTIFIC_RESULTS,Cotton,Grand Naine,102,Flowering,Clay Loam,0.49,GOOD,29.2,61.3,6.73,16.82,33.63,67.27,157.25,48.46,66.2,136.57,34.15,7,HIGH,Rabi,MODERATE,MODERATE
DEMO_SYNTHETIC_NOT_FOR_SCIENTIFIC_RESULTS,Chilli,CO 6,85,Germination,Clay Loam,0.41,GOOD,33.1,77.3,4.66,11.64,23.28,46.56,144.33,2.92,36.15,42.64,4.06,0,HIGH,Kharif,MODERATE,MODERATE
DEMO_SYNTHETIC_NOT_FOR_SCIENTIFIC_RESULTS,Pulses,Swarna,146,Ripening,Sandy Loam,0.76,MODERATE,24.9,52.4,13.88,34.7,69.4,138.8,161.22,90.61,106.49,144.9,8.18,23,HIGH,Kharif,MODERATE,MODERATE
DEMO_SYNTHETIC_NOT_FOR_SCIENTIFIC_RESULTS,Banana,Default,48,Flowering,Alluvial Soil,0.34,GOOD,24.7,91.7,7.98,19.96,39.92,79.84,130.18,88.32,98.63,159.12,0.92,21,HIGH,Kharif,MODERATE,MODERATE
DEMO_SYNTHETIC_NOT_FOR_SCIENTIFIC_RESULTS,Tomato,BPT 5204,14,Vegetative,Alluvial Soil,0.57,GOOD,24.1,56.0,14.56,36.4,72.8,145.59,151.22,109.23,137.4,130.15,43.79,14,HIGH,Kharif,MODERATE,MODERATE
DEMO_SYNTHETIC_NOT_FOR_SCIENTIFIC_RESULTS,Sugarcane,Grand Naine,135,Flowering,Alluvial Soil,0.65,POOR,22.7,87.5,13.51,33.77,67.53,135.07,229.94,50.34,54.36,117.76,5.26,4,CRITICAL,Rabi,MODERATE,MODERATE
DEMO_SYNTHETIC_NOT_FOR_SCIENTIFIC_RESULTS,Onion,Default,130,Ripening,Sandy Loam,0.66,GOOD,27.2,68.2,2.92,7.31,14.62,29.24,89.43,4.1,21.1,43.95,38.03,22,HIGH,Rabi,MODERATE,MODERATE
DEMO_SYNTHETIC_NOT_FOR_SCIENTIFIC_RESULTS,Groundnut,PKM 1,58,Vegetative,Black Cotton Soil,0.66,MODERATE,27.7,54.9,2.98,7.44,14.88,29.76,58.93,39.23,58.23,119.17,16.48,9,MODERATE,Zaid,MILD,HIGH
DEMO_SYNTHETIC_NOT_FOR_SCIENTIFIC_RESULTS,Paddy,Swarna,14,Germination,Clay Loam,0.79,GOOD,23.9,50.1,5.48,13.71,27.42,54.84,72.6,29.11,75.79,118.05,3.13,1,HIGH,Zaid,MODERATE,MODERATE
DEMO_SYNTHETIC_NOT_FOR_SCIENTIFIC_RESULTS,Groundnut,CO 6,113,Ripening,Black Cotton Soil,0.63,GOOD,25.9,77.6,13.72,34.3,68.59,137.19,208.71,23.38,24.95,79.55,31.81,19,HIGH,Perennial,MODERATE,MODERATE
DEMO_SYNTHETIC_NOT_FOR_SCIENTIFIC_RESULTS,Cotton,BPT 5204,84,Vegetative,Alluvial Soil,0.75,POOR,24.8,84.5,1.66,4.14,8.29,16.57,116.36,119.72,133.59,197.01,5.14,13,HIGH,Kharif,MODERATE,MODERATE
DEMO_SYNTHETIC_NOT_FOR_SCIENTIFIC_RESULTS,Chilli,BPT 5204,148,Germination,Sandy Loam,0.65,GOOD,34.0,87.5,7.79,19.47,38.94,77.87,86.8,25.44,30.58,112.03,17.89,17,HIGH,Zaid,MODERATE,MODERATE
DEMO_SYNTHETIC_NOT_FOR_SCIENTIFIC_RESULTS,Paddy,Default,58,Flowering,Sandy Loam,0.49,MODERATE,22.1,84.2,11.95,29.88,59.77,119.53,193.29,27.06,41.71,81.95,32.52,6,HIGH,Rabi,MODERATE,MODERATE
DEMO_SYNTHETIC_NOT_FOR_SCIENTIFIC_RESULTS,Cotton,Grand Naine,131,Germination,Sandy Loam,0.56,POOR,26.7,64.4,7.27,18.17,36.34,72.67,125.46,34.55,37.95,98.23,14.76,15,CRITICAL,Kharif,MODERATE,MODERATE
DEMO_SYNTHETIC_NOT_FOR_SCIENTIFIC_RESULTS,Tomato,Grand Naine,12,Vegetative,Alluvial Soil,0.26,POOR,26.4,63.2,6.63,16.58,33.16,66.31,107.05,1.35,34.86,87.67,22.07,5,HIGH,Zaid,MODERATE,MODERATE
DEMO_SYNTHETIC_NOT_FOR_SCIENTIFIC_RESULTS,Groundnut,CO 6,55,Flowering,Alluvial Soil,0.21,POOR,26.8,90.5,12.34,30.85,61.7,123.41,137.82,26.46,60.81,75.18,42.58,21,CRITICAL,Kharif,MODERATE,MODERATE
DEMO_SYNTHETIC_NOT_FOR_SCIENTIFIC_RESULTS,Cotton,CO 6,136,Vegetative,Alluvial Soil,0.56,MODERATE,35.0,89.5,0.83,2.08,4.16,8.31,105.38,85.14,90.38,169.63,33.28,22,HIGH,Rabi,MODERATE,MODERATE
DEMO_SYNTHETIC_NOT_FOR_SCIENTIFIC_RESULTS,Tomato,PKM 1,150,Ripening,Clay Loam,0.48,MODERATE,28.4,78.3,7.41,18.52,37.03,74.07,163.87,85.04,113.58,147.7,34.8,17,HIGH,Perennial,MODERATE,MODERATE
DEMO_SYNTHETIC_NOT_FOR_SCIENTIFIC_RESULTS,Banana,Grand Naine,66,Vegetative,Alluvial Soil,0.48,POOR,23.6,87.2,4.05,10.13,20.27,40.54,109.11,20.96,64.53,69.79,42.94,17,HIGH,Perennial,MODERATE,MODERATE
DEMO_SYNTHETIC_NOT_FOR_SCIENTIFIC_RESULTS,Cotton,CO 6,101,Flowering,Alluvial Soil,0.49,POOR,27.1,60.2,10.5,26.24,52.48,104.96,137.61,99.27,118.87,120.81,29.23,17,CRITICAL,Rabi,MODERATE,MODERATE
DEMO_SYNTHETIC_NOT_FOR_SCIENTIFIC_RESULTS,Maize,Grand Naine,46,Vegetative,Red Soil,0.23,GOOD,26.7,72.7,3.32,8.29,16.59,33.17,97.36,80.74,122.21,106.29,37.68,15,HIGH,Kharif,MODERATE,MODERATE
DEMO_SYNTHETIC_NOT_FOR_SCIENTIFIC_RESULTS,Cotton,PKM 1,108,Vegetative,Black Cotton Soil,0.35,POOR,32.2,75.1,9.23,23.08,46.16,92.31,190.29,111.41,132.59,170.92,43.62,16,CRITICAL,Rabi,MODERATE,MODERATE
DEMO_SYNTHETIC_NOT_FOR_SCIENTIFIC_RESULTS,Cotton,Swarna,147,Vegetative,Clay Loam,0.59,POOR,23.1,79.9,2.71,6.78,13.55,27.1,108.27,90.41,116.05,162.65,9.41,11,HIGH,Rabi,MODERATE,MODERATE
DEMO_SYNTHETIC_NOT_FOR_SCIENTIFIC_RESULTS,Pulses,PKM 1,60,Vegetative,Sandy Loam,0.64,POOR,24.1,88.4,7.35,18.36,36.73,73.45,84.77,72.73,80.59,126.56,7.79,12,HIGH,Kharif,MODERATE,MODERATE
DEMO_SYNTHETIC_NOT_FOR_SCIENTIFIC_RESULTS,Cotton,PKM 1,77,Germination,Sandy Loam,0.68,MODERATE,34.4,83.0,12.23,30.58,61.16,122.31,175.01,97.16,128.89,120.1,27.38,3,HIGH,Perennial,MODERATE,MODERATE
DEMO_SYNTHETIC_NOT_FOR_SCIENTIFIC_RESULTS,Groundnut,Grand Naine,60,Vegetative,Sandy Loam,0.78,POOR,27.6,72.6,1.03,2.58,5.15,10.3,17.74,76.1,77.55,137.62,9.87,13,LOW,Rabi,NONE,HIGH
DEMO_SYNTHETIC_NOT_FOR_SCIENTIFIC_RESULTS,Sugarcane,Default,84,Flowering,Alluvial Soil,0.23,GOOD,34.9,71.6,8.82,22.06,44.12,88.24,92.52,32.68,81.45,89.69,6.68,15,HIGH,Perennial,MODERATE,MODERATE
DEMO_SYNTHETIC_NOT_FOR_SCIENTIFIC_RESULTS,Pulses,PKM 1,22,Vegetative,Sandy Loam,0.32,POOR,22.5,58.8,0.92,2.29,4.59,9.18,42.22,113.82,155.89,170.76,12.15,16,MODERATE,Perennial,MILD,HIGH
DEMO_SYNTHETIC_NOT_FOR_SCIENTIFIC_RESULTS,Sugarcane,BPT 5204,63,Vegetative,Sandy Loam,0.54,POOR,34.2,51.0,8.83,22.07,44.15,88.3,183.97,84.45,126.75,165.18,29.04,0,CRITICAL,Kharif,MODERATE,MODERATE
DEMO_SYNTHETIC_NOT_FOR_SCIENTIFIC_RESULTS,Cotton,Default,43,Vegetative,Red Soil,0.3,POOR,24.0,86.1,0.86,2.14,4.28,8.55,67.76,82.29,101.13,104.21,33.19,1,HIGH,Rabi,MODERATE,MODERATE
DEMO_SYNTHETIC_NOT_FOR_SCIENTIFIC_RESULTS,Cotton,CO 6,69,Vegetative,Black Cotton Soil,0.26,POOR,23.0,72.5,5.88,14.71,29.41,58.83,75.17,19.21,23.02,52.85,32.02,20,HIGH,Rabi,MODERATE,MODERATE
DEMO_SYNTHETIC_NOT_FOR_SCIENTIFIC_RESULTS,Onion,Swarna,66,Germination,Red Soil,0.75,GOOD,24.5,71.2,8.28,20.71,41.41,82.83,176.01,65.37,67.66,129.52,15.13,13,HIGH,Zaid,MODERATE,MODERATE
DEMO_SYNTHETIC_NOT_FOR_SCIENTIFIC_RESULTS,Pulses,BPT 5204,145,Germination,Sandy Loam,0.51,GOOD,24.0,75.3,13.98,34.95,69.89,139.79,172.54,10.8,46.58,81.77,13.0,0,HIGH,Zaid,MODERATE,MODERATE
DEMO_SYNTHETIC_NOT_FOR_SCIENTIFIC_RESULTS,Groundnut,Default,55,Germination,Sandy Loam,0.54,MODERATE,33.7,74.1,4.29,10.74,21.48,42.95,47.5,53.42,58.43,144.9,37.64,4,MODERATE,Kharif,MILD,HIGH
DEMO_SYNTHETIC_NOT_FOR_SCIENTIFIC_RESULTS,Banana,CO 6,125,Vegetative,Sandy Loam,0.84,POOR,24.8,53.8,7.77,19.43,38.85,77.71,169.49,77.24,118.54,144.93,27.93,21,CRITICAL,Zaid,MODERATE,MODERATE
DEMO_SYNTHETIC_NOT_FOR_SCIENTIFIC_RESULTS,Tomato,Default,37,Flowering,Red Soil,0.42,GOOD,35.4,74.9,5.42,13.54,27.07,54.15,140.54,23.38,56.12,69.96,41.6,24,HIGH,Rabi,MODERATE,MODERATE
DEMO_SYNTHETIC_NOT_FOR_SCIENTIFIC_RESULTS,Sugarcane,Grand Naine,95,Ripening,Clay Loam,0.2,MODERATE,25.1,50.7,3.96,9.9,19.81,39.62,53.35,41.28,79.71,110.62,34.4,11,MODERATE,Kharif,MILD,HIGH
DEMO_SYNTHETIC_NOT_FOR_SCIENTIFIC_RESULTS,Chilli,Swarna,107,Germination,Clay Loam,0.31,GOOD,23.8,84.8,3.11,7.79,15.57,31.14,88.93,42.12,63.32,93.76,18.94,17,HIGH,Rabi,MODERATE,MODERATE
DEMO_SYNTHETIC_NOT_FOR_SCIENTIFIC_RESULTS,Maize,Swarna,37,Flowering,Alluvial Soil,0.6,GOOD,30.5,74.0,6.02,15.05,30.09,60.19,61.27,107.49,112.34,182.52,40.71,5,HIGH,Kharif,MODERATE,MODERATE
